code;china;khujand;arrival_date
YT8747066524462;true;false;21-03-2025
JT5361486016313;true;false;21-03-2025
JT5360947200276;true;false;21-03-2025
JT5361528729582;true;false;21-03-2025
JT5361527569983;true;false;21-03-2025
9805878137160;true;false;21-03-2025
464263568688587;true;false;21-03-2025
YT8746693912587;true;false;21-03-2025
YT8746315818989;true;false;21-03-2025
YT8746717051025;true;false;21-03-2025
YT8746463823262;true;false;21-03-2025
777291967305801;true;false;21-03-2025
9805865843236;true;false;21-03-2025
464265491543405;true;false;21-03-2025
777291518202437;true;false;21-03-2025
777291941566820;true;false;21-03-2025
78491198133310;true;false;21-03-2025
464254922759116;true;false;21-03-2025
78491026642829;true;false;21-03-2025
78491137243561;true;false;21-03-2025
9805881208013;true;false;21-03-2025
9805857662235;true;false;21-03-2025
YT8746643713361;true;false;21-03-2025
78491194318810;true;false;21-03-2025
9805884036317;true;false;21-03-2025
9805868995286;true;false;21-03-2025
9805871962196;true;false;21-03-2025
78491088209436;true;false;21-03-2025
464267473512976;true;false;21-03-2025
9805869085437;true;false;21-03-2025
9805857677558;true;false;21-03-2025
777291570793562;true;false;21-03-2025
SF1544444365377;true;false;21-03-2025
9805830993910;true;false;21-03-2025
9805874022664;true;false;21-03-2025
9805874721368;true;false;21-03-2025
777292040799519;true;false;21-03-2025
9805877529897;true;false;21-03-2025
78491257517745;true;false;21-03-2025
78491078705313;true;false;21-03-2025
9805867219460;true;false;21-03-2025
78491022875617;true;false;21-03-2025
SF3148729220846;true;false;21-03-2025
9805865384444;true;false;21-03-2025
78491244391421;true;false;21-03-2025
464254857818834;true;false;21-03-2025
78491090284826;true;false;21-03-2025
78491076336268;true;false;21-03-2025
78491058197618;true;false;21-03-2025
78491263704635;true;false;21-03-2025
78491114499508;true;false;21-03-2025
78491404553825;true;false;21-03-2025
78491079127778;true;false;21-03-2025
78890376626311;true;false;21-03-2025
9805855666651;true;false;21-03-2025
78491154526046;true;false;21-03-2025
9878381256129;true;false;21-03-2025
464265809846157;true;false;21-03-2025
9805871894458;true;false;21-03-2025
9805896236043;true;false;21-03-2025
9805874890378;true;false;21-03-2025
464266592852457;true;false;21-03-2025
9805877274491;true;false;21-03-2025
464267721663650;true;false;21-03-2025
464255779383378;true;false;21-03-2025
YT8746614269246;true;false;21-03-2025
464263262566705;true;false;21-03-2025
9805869785779;true;false;21-03-2025
464266540527275;true;false;21-03-2025
777292230248594;true;false;21-03-2025
9805931856313;true;false;21-03-2025
9805895289319;true;false;21-03-2025
464266791182482;true;false;21-03-2025
464266040198589;true;false;21-03-2025
464261734945419;true;false;21-03-2025
464266352820967;true;false;21-03-2025
464262979849018;true;false;21-03-2025
464261894529959;true;false;21-03-2025
464266552512563;true;false;21-03-2025
464262146108214;true;false;21-03-2025
464262153582347;true;false;21-03-2025
YT8746559847448;true;false;21-03-2025
YT8746670731714;true;false;21-03-2025
464267093968349;true;false;21-03-2025
464262456686978;true;false;21-03-2025
9805864115559;true;false;21-03-2025
464263071643826;true;false;21-03-2025
464266442142736;true;false;21-03-2025
464257321907088;true;false;21-03-2025
YT8746666570547;true;false;21-03-2025
YT8746672305353;true;false;21-03-2025
YT8746329303194;true;false;21-03-2025
464266558085176;true;false;21-03-2025
YT8745736571167;true;false;21-03-2025
YT8746766686793;true;false;21-03-2025
YT8746693948733;true;false;21-03-2025
464262384863402;true;false;21-03-2025
YT8746773214729;true;false;21-03-2025
464262452083460;true;false;21-03-2025
YT8746595935206;true;false;21-03-2025
YT8746437592349;true;false;21-03-2025
464262443961671;true;false;21-03-2025
464268084171118;true;false;21-03-2025
464267984629403;true;false;21-03-2025
YT8746696708709;true;false;21-03-2025
YT8746563406226;true;false;21-03-2025
YT8746329608619;true;false;21-03-2025
YT8746435503860;true;false;21-03-2025
YT8746581507378;true;false;21-03-2025
YT8746801610008;true;false;21-03-2025
YT8746624033398;true;false;21-03-2025
YT8746610826852;true;false;21-03-2025
YT8746095280293;true;false;21-03-2025
464266127790888;true;false;21-03-2025
777291434883431;true;false;21-03-2025
777291482208711;true;false;21-03-2025
YT8746108135156;true;false;21-03-2025
YT8746548214738;true;false;21-03-2025
777290293524175;true;false;21-03-2025
YT8746367162861;true;false;21-03-2025
YT8746600341101;true;false;21-03-2025
78890436018584;true;false;21-03-2025
SF1538787129078;true;false;21-03-2025
78491469058984;true;false;21-03-2025
78491279274954;true;false;21-03-2025
78491382174261;true;false;21-03-2025
78491309052285;true;false;21-03-2025
78491464109313;true;false;21-03-2025
78491378063894;true;false;21-03-2025
78491382169527;true;false;21-03-2025
78491213620575;true;false;21-03-2025
78491205529433;true;false;21-03-2025
YT8746337245945;true;false;21-03-2025
464261710779769;true;false;21-03-2025
78491466876199;true;false;21-03-2025
464263366117605;true;false;21-03-2025
78491288786004;true;false;21-03-2025
9805878577686;true;false;21-03-2025
78491363238345;true;false;21-03-2025
464267160254459;true;false;21-03-2025
464265400931298;true;false;21-03-2025
9805864396927;true;false;21-03-2025
JT5360956447591;true;false;21-03-2025
JT5361537004345;true;false;21-03-2025
9805846554460;true;false;21-03-2025
JT5360910212305;true;false;21-03-2025
JT5360986185067;true;false;21-03-2025
JT3113010579202;true;false;21-03-2025
JT5361716005789;true;false;21-03-2025
JT5361555275348;true;false;21-03-2025
JT5361540181720;true;false;21-03-2025
JT5361627349419;true;false;21-03-2025
JT5360935883478;true;false;21-03-2025
JT5360805593050;true;false;21-03-2025
JT5361026929096;true;false;21-03-2025
JT5361513942381;true;false;21-03-2025
JT5361681290909;true;false;21-03-2025
JT5361645705659;true;false;21-03-2025
JT5361596871570;true;false;21-03-2025
JT5361404489138;true;false;21-03-2025
JT3113123925504;true;false;21-03-2025
JT5361501361716;true;false;21-03-2025
JT5361389590153;true;false;21-03-2025
JT5361018549079;true;false;21-03-2025
777292032153152;true;false;21-03-2025
JT5361032475546;true;false;21-03-2025
8162163316307;true;false;21-03-2025
9805932851091;true;false;21-03-2025
9805896474980;true;false;21-03-2025
9805854997403;true;false;21-03-2025
777292210937321;true;false;21-03-2025
777291957985181;true;false;21-03-2025
777291533414469;true;false;21-03-2025
777291943553015;true;false;21-03-2025
777291996861995;true;false;21-03-2025
JT5361643745417;true;false;21-03-2025
JT5361685617313;true;false;21-03-2025
JT5361014394634;true;false;21-03-2025
JT5360966557870;true;false;21-03-2025
JT5360934016654;true;false;21-03-2025
JT5361617938113;true;false;21-03-2025
777291463601460;true;false;21-03-2025
777292106423188;true;false;21-03-2025
777292092374410;true;false;21-03-2025
777292110919788;true;false;21-03-2025
777291338052088;true;false;21-03-2025
777292091939304;true;false;21-03-2025
777291364571235;true;false;21-03-2025
78491408138271;true;false;21-03-2025
YT8746442757993;true;false;21-03-2025
777291954779951;true;false;21-03-2025
YT8746449521867;true;false;21-03-2025
777292245541332;true;false;21-03-2025
777291357013195;true;false;21-03-2025
777291343080348;true;false;21-03-2025
78890456832401;true;false;21-03-2025
777292095324779;true;false;21-03-2025
78491339311916;true;false;21-03-2025
YT8747131713151;true;false;21-03-2025
YT8747090874111;true;false;21-03-2025
YT8746785187327;true;false;21-03-2025
777291421587955;true;false;21-03-2025
YT8746314280097;true;false;21-03-2025
YT8746467225682;true;false;21-03-2025
YT8746360752834;true;false;21-03-2025
YT8746375275515;true;false;21-03-2025
78491296377386;true;false;21-03-2025
YT8746723666761;true;false;21-03-2025
YT8746353731486;true;false;21-03-2025
YT8746520099382;true;false;21-03-2025
YT8746645434879;true;false;21-03-2025
YT8746392331128;true;false;21-03-2025
YT8746662390002;true;false;21-03-2025
YT8746357196157;true;false;21-03-2025
YT8746675840750;true;false;21-03-2025
YT8747137380885;true;false;21-03-2025
YT8746798369932;true;false;21-03-2025
777292419335334;true;false;22-03-2025
JT5361402401289;true;false;22-03-2025
YT8746361179920;true;false;22-03-2025
YT8746977074859;true;false;22-03-2025
777292385648257;true;false;22-03-2025
777292525795746;true;false;22-03-2025
9805840150221;true;false;22-03-2025
9805843076140;true;false;22-03-2025
9805844647763;true;false;22-03-2025
464268000756995;true;false;22-03-2025
464262079460872;true;false;22-03-2025
78491614164699;true;false;22-03-2025
777291977050783;true;false;22-03-2025
464264545080387;true;false;22-03-2025
9805843140354;true;false;22-03-2025
464267940993467;true;false;22-03-2025
9805843674665;true;false;22-03-2025
777291984407565;true;false;22-03-2025
464262476717694;true;false;22-03-2025
9805853361079;true;false;22-03-2025
1351458824506;true;false;22-03-2025
9805852509017;true;false;22-03-2025
464262288416182;true;false;22-03-2025
9805874564739;true;false;22-03-2025
9805933709985;true;false;22-03-2025
9805838879631;true;false;22-03-2025
9805934024593;true;false;22-03-2025
9805840532205;true;false;22-03-2025
9805850409965;true;false;22-03-2025
9805841965865;true;false;22-03-2025
8200776170412;true;false;22-03-2025
777291976811573;true;false;22-03-2025
464261653235918;true;false;22-03-2025
464263984260151;true;false;22-03-2025
9805842610959;true;false;22-03-2025
9805843647546;true;false;22-03-2025
777292187924597;true;false;22-03-2025
9805838647507;true;false;22-03-2025
777291981756195;true;false;22-03-2025
464262070455304;true;false;22-03-2025
777292068783824;true;false;22-03-2025
9805838479577;true;false;22-03-2025
464262298734817;true;false;22-03-2025
8208268207312;true;false;22-03-2025
SF3157550482882;true;false;22-03-2025
464263049855965;true;false;22-03-2025
464263613329641;true;false;22-03-2025
9805849686881;true;false;22-03-2025
9805850477206;true;false;22-03-2025
464266437886989;true;false;22-03-2025
464263582738050;true;false;22-03-2025
464261879008411;true;false;22-03-2025
464262553388804;true;false;22-03-2025
464262201688659;true;false;22-03-2025
777292352119575;true;false;22-03-2025
777291937846338;true;false;22-03-2025
777291957091836;true;false;22-03-2025
777292523803251;true;false;22-03-2025
777291962101307;true;false;22-03-2025
78491276428561;true;false;22-03-2025
777291928639214;true;false;22-03-2025
773344943846461;true;false;22-03-2025
777292086203787;true;false;22-03-2025
YT8746307637327;true;false;22-03-2025
777292308515564;true;false;22-03-2025
777292313978702;true;false;22-03-2025
777292088143674;true;false;22-03-2025
464261626119167;true;false;22-03-2025
464262958837515;true;false;22-03-2025
777292361100655;true;false;22-03-2025
777292182096103;true;false;22-03-2025
777292274710595;true;false;22-03-2025
777292247924706;true;false;22-03-2025
YT8747266040357;true;false;22-03-2025
777292094839618;true;false;22-03-2025
773344939862798;true;false;22-03-2025
78491356063902;true;false;22-03-2025
78491316105163;true;false;22-03-2025
777292244134493;true;false;22-03-2025
78491409689443;true;false;22-03-2025
773344978942579;true;false;22-03-2025
78491274827222;true;false;22-03-2025
78491316020172;true;false;22-03-2025
777292250068177;true;false;22-03-2025
78491270657979;true;false;22-03-2025
78491313978746;true;false;22-03-2025
78491517249081;true;false;22-03-2025
78491419580315;true;false;22-03-2025
YT8747166849319;true;false;22-03-2025
78491277812308;true;false;22-03-2025
78491281925906;true;false;22-03-2025
78890440678586;true;false;22-03-2025
YT8747136515617;true;false;22-03-2025
78491655536435;true;false;22-03-2025
YT8747227467656;true;false;22-03-2025
464262698115353;true;false;22-03-2025
78491367511229;true;false;22-03-2025
78491385946576;true;false;22-03-2025
777292371272410;true;false;22-03-2025
78491326778951;true;false;22-03-2025
78491204937563;true;false;22-03-2025
78491364293574;true;false;22-03-2025
78491319625700;true;false;22-03-2025
78491552281234;true;false;22-03-2025
777292275883028;true;false;22-03-2025
78491615285266;true;false;22-03-2025
YT8746536527374;true;false;22-03-2025
YT8746310337591;true;false;22-03-2025
YT8746535610828;true;false;22-03-2025
78491280705720;true;false;22-03-2025
78491638926442;true;false;22-03-2025
YT8746424715519;true;false;22-03-2025
777292527194759;true;false;22-03-2025
777292104537423;true;false;22-03-2025
78491683217099;true;false;22-03-2025
777292333025194;true;false;22-03-2025
777292264460361;true;false;22-03-2025
777292048777280;true;false;22-03-2025
777292426298008;true;false;22-03-2025
YT8747204982110;true;false;22-03-2025
777292419309138;true;false;22-03-2025
777291986751667;true;false;22-03-2025
777292399516565;true;false;22-03-2025
YT8746445400038;true;false;22-03-2025
78491733804842;true;false;22-03-2025
78491566799217;true;false;22-03-2025
78491494231713;true;false;22-03-2025
777292293438757;true;false;22-03-2025
78491733400607;true;false;22-03-2025
777292167279416;true;false;22-03-2025
777292405259325;true;false;22-03-2025
78491714934462;true;false;22-03-2025
78491598060510;true;false;22-03-2025
78491707392671;true;false;22-03-2025
777291971649588;true;false;22-03-2025
9805921008356;true;false;22-03-2025
YT8746525227438;true;false;22-03-2025
YT8746335207121;true;false;22-03-2025
78491277613041;true;false;22-03-2025
YT8746435237301;true;false;22-03-2025
9805931732710;true;false;22-03-2025
9805848925123;true;false;22-03-2025
78491485240647;true;false;22-03-2025
78491557468086;true;false;22-03-2025
78491702118735;true;false;22-03-2025
JT5361409278105;true;false;22-03-2025
YT8746453044529;true;false;22-03-2025
JT5361709812502;true;false;22-03-2025
YT8747240884935;true;false;22-03-2025
JT5361376568051;true;false;22-03-2025
YT8746552587110;true;false;22-03-2025
YT8746351263563;true;false;22-03-2025
YT8746644021487;true;false;22-03-2025
78491542797396;true;false;22-03-2025
JT5361117623004;true;false;22-03-2025
JT5361403604032;true;false;22-03-2025
JT5361500021597;true;false;22-03-2025
78491583711330;true;false;22-03-2025
YT8747076927046;true;false;22-03-2025
JT5361496839648;true;false;22-03-2025
464268888062280;true;false;22-03-2025
JT5361100228454;true;false;22-03-2025
JT5361355700325;true;false;22-03-2025
8207915195412;true;false;22-03-2025
464263930213924;true;false;22-03-2025
464264654232955;true;false;22-03-2025
777292052125426;true;false;22-03-2025
YT8747004362530;true;false;22-03-2025
JT5361714271603;true;false;22-03-2025
YT8747287574743;true;false;22-03-2025
78491389954014;true;false;22-03-2025
JT5361481782867;true;false;22-03-2025
JT5361288464257;true;false;22-03-2025
JT5361049996425;true;false;22-03-2025
JT5361384466990;true;false;22-03-2025
JT5361458694323;true;false;22-03-2025
JT5361358392746;true;false;22-03-2025
78890672097164;true;false;22-03-2025
JT5361177747986;true;false;22-03-2025
JT5361195959682;true;false;22-03-2025
JT5361065203324;true;false;22-03-2025
JT5361182507575;true;false;22-03-2025
JT5361062914631;true;false;22-03-2025
JT5361493980764;true;false;22-03-2025
JT5361451947318;true;false;22-03-2025
JT5361467172343;true;false;22-03-2025
JT5361242293249;true;false;22-03-2025
JT5361163029650;true;false;22-03-2025
JT5361712305907;true;false;22-03-2025
JT5361354484399;true;false;22-03-2025
464263724649269;true;false;22-03-2025
464263986660288;true;false;22-03-2025
464268364017916;true;false;22-03-2025
464264583802636;true;false;22-03-2025
464262162810141;true;false;22-03-2025
464268343092738;true;false;22-03-2025
JT5361399818916;true;false;22-03-2025
464263846188749;true;false;22-03-2025
464264235998674;true;false;22-03-2025
YT8747241739519;true;false;22-03-2025
YT8746348077942;true;false;22-03-2025
464264778308110;true;false;22-03-2025
JT5361418870721;true;false;22-03-2025
JT5361198297452;true;false;22-03-2025
JT5361708545426;true;false;22-03-2025
YT8747267198958;true;false;22-03-2025
YT8747042470804;true;false;22-03-2025
JT5361096839959;true;false;22-03-2025
464263038304724;true;false;22-03-2025
YT8747295601004;true;false;22-03-2025
464269034964724;true;false;22-03-2025
YT8747218841777;true;false;22-03-2025
YT8747265534626;true;false;22-03-2025
YT8746341482554;true;false;22-03-2025
YT8746520886252;true;false;22-03-2025
YT8746310345833;true;false;22-03-2025
YT7533151624145;true;false;22-03-2025
JT5361115053886;true;false;22-03-2025
464262903524756;true;false;22-03-2025
JT5361444661712;true;false;22-03-2025
JT5361453018380;true;false;22-03-2025
JT5361418205279;true;false;22-03-2025
JT5361712463476;true;false;22-03-2025
JT5361485476783;true;false;22-03-2025
434481301454951;true;false;22-03-2025
464268869575727;true;false;22-03-2025
464262688537786;true;false;23-03-2025
777292347093534;true;false;23-03-2025
464268835143595;true;false;23-03-2025
9805852924118;true;false;23-03-2025
464263976948753;true;false;23-03-2025
JT5361371187771;true;false;23-03-2025
464264584823793;true;false;23-03-2025
YT8747601615390;true;false;23-03-2025
YT8746323454773;true;false;23-03-2025
YT8747048702307;true;false;23-03-2025
464263943456244;true;false;23-03-2025
JT5361270540572;true;false;23-03-2025
464264316298364;true;false;23-03-2025
78491559289637;true;false;23-03-2025
78491679183602;true;false;23-03-2025
9805824517141;true;false;23-03-2025
464264059728300;true;false;23-03-2025
78890714290336;true;false;23-03-2025
777292372185572;true;false;23-03-2025
9805842745633;true;false;23-03-2025
78491523484691;true;false;23-03-2025
8204508604612;true;false;23-03-2025
9805972645978;true;false;23-03-2025
9805959855132;true;false;23-03-2025
78491502171086;true;false;23-03-2025
777292360596140;true;false;23-03-2025
777292171321637;true;false;23-03-2025
9805928874621;true;false;23-03-2025
9805929873830;true;false;23-03-2025
9805919728759;true;false;23-03-2025
9805962362209;true;false;23-03-2025
9805929896219;true;false;23-03-2025
9805930549026;true;false;23-03-2025
9805959754941;true;false;23-03-2025
464264186214707;true;false;23-03-2025
78491511383376;true;false;23-03-2025
9805919609106;true;false;23-03-2025
464264840422000;true;false;23-03-2025
78491570126742;true;false;23-03-2025
9805914168366;true;false;23-03-2025
9805916964577;true;false;23-03-2025
777292573803363;true;false;23-03-2025
9805935909311;true;false;23-03-2025
78491645485290;true;false;23-03-2025
9805925195340;true;false;23-03-2025
464264785554698;true;false;23-03-2025
777292160195903;true;false;23-03-2025
464264283545166;true;false;23-03-2025
78491444329731;true;false;23-03-2025
464263735213137;true;false;23-03-2025
9805927326346;true;false;23-03-2025
9805938677126;true;false;23-03-2025
9805840168653;true;false;23-03-2025
9805915175747;true;false;23-03-2025
78491446275806;true;false;23-03-2025
JT3113151440913;true;false;23-03-2025
777292270899463;true;false;23-03-2025
777292371053439;true;false;23-03-2025
773345148368699;true;false;23-03-2025
464269682879239;true;false;23-03-2025
9805916265168;true;false;23-03-2025
777292503619428;true;false;23-03-2025
777292322976075;true;false;23-03-2025
78491632106294;true;false;23-03-2025
8205567889612;true;false;23-03-2025
JT5361696159839;true;false;23-03-2025
777292367616677;true;false;23-03-2025
777292268343879;true;false;23-03-2025
78491562345184;true;false;23-03-2025
464263760099381;true;false;23-03-2025
78491527078362;true;false;23-03-2025
464264204946546;true;false;23-03-2025
777292154380084;true;false;23-03-2025
777292112192233;true;false;23-03-2025
464264611684109;true;false;23-03-2025
78491630631661;true;false;23-03-2025
464263607891088;true;false;23-03-2025
78491595767390;true;false;23-03-2025
464264181342126;true;false;23-03-2025
464264350349060;true;false;23-03-2025
464264350575615;true;false;23-03-2025
JT5361140289471;true;false;23-03-2025
YT8746978333748;true;false;23-03-2025
YT8747574979376;true;false;23-03-2025
YT8747010957386;true;false;23-03-2025
JT3113169612202;true;false;23-03-2025
JT5361317754294;true;false;23-03-2025
JT5361089671042;true;false;23-03-2025
777292506462873;true;false;23-03-2025
777292402970638;true;false;23-03-2025
JT5361143309398;true;false;23-03-2025
YT8747206728875;true;false;23-03-2025
78491942781143;true;false;23-03-2025
JT5362223380364;true;false;23-03-2025
YT8747402825424;true;false;23-03-2025
78491829184185;true;false;23-03-2025
JT5361267916981;true;false;23-03-2025
JT5361225670829;true;false;23-03-2025
777292522813699;true;false;23-03-2025
78491920951116;true;false;23-03-2025
JT5361351843799;true;false;23-03-2025
JT3113233162375;true;false;23-03-2025
JT5361313062421;true;false;23-03-2025
777292546385691;true;false;23-03-2025
777292417740762;true;false;23-03-2025
YT8746380278378;true;false;23-03-2025
YT8747144197683;true;false;23-03-2025
YT8747351914417;true;false;23-03-2025
JT5361091654164;true;false;23-03-2025
JT5361093510775;true;false;23-03-2025
777292383794904;true;false;23-03-2025
YT8747226527641;true;false;23-03-2025
YT8747622945320;true;false;23-03-2025
JT5362147101533;true;false;23-03-2025
YT8747217965463;true;false;23-03-2025
777291996282677;true;false;23-03-2025
YT8747207493639;true;false;23-03-2025
YT8747574925665;true;false;23-03-2025
464268805485410;true;false;23-03-2025
YT8746982542039;true;false;23-03-2025
JT5361347279174;true;false;23-03-2025
78491623653469;true;false;23-03-2025
YT8746982540905;true;false;23-03-2025
YT8746984647756;true;false;23-03-2025
464269774438331;true;false;23-03-2025
464264549780304;true;false;23-03-2025
464270593571352;true;false;23-03-2025
464269059215190;true;false;23-03-2025
464270850539966;true;false;23-03-2025
464270392151367;true;false;23-03-2025
464271069016117;true;false;23-03-2025
YT8747253131921;true;false;23-03-2025
YT8747040804728;true;false;23-03-2025
YT8747024051636;true;false;23-03-2025
YT8747339519397;true;false;23-03-2025
YT7532842338150;true;false;23-03-2025
777292674601385;true;false;23-03-2025
YT8747032233114;true;false;23-03-2025
777292618603880;true;false;23-03-2025
777292097215608;true;false;23-03-2025
YT8747168161378;true;false;23-03-2025
YT8747279266263;true;false;23-03-2025
YT8747629923170;true;false;23-03-2025
YT8747414375287;true;false;23-03-2025
78491954282841;true;false;23-03-2025
78491960707726;true;false;23-03-2025
777292141598165;true;false;23-03-2025
YT8747380777461;true;false;23-03-2025
8212289619312;true;false;23-03-2025
9805937412663;true;false;23-03-2025
78491955653587;true;false;23-03-2025
9805923185889;true;false;23-03-2025
78491893816828;true;false;23-03-2025
9805914829298;true;false;23-03-2025
777292505713393;true;false;23-03-2025
9878412527255;true;false;23-03-2025
JT5362291776545;true;false;23-03-2025
YT8747643611279;true;false;23-03-2025
8212289620212;true;false;23-03-2025
9805960176177;true;false;23-03-2025
78491798354829;true;false;23-03-2025
78491753683962;true;false;23-03-2025
JT5361265885653;true;false;23-03-2025
JT5361207771173;true;false;23-03-2025
78491689948306;true;false;23-03-2025
JT5362299298174;true;false;23-03-2025
SF3168564934385;true;false;23-03-2025
464268586727128;true;false;23-03-2025
YT8747629925466;true;false;23-03-2025
78491783303687;true;false;23-03-2025
78491681667545;true;false;23-03-2025
78491938508561;true;false;23-03-2025
78491881847765;true;false;23-03-2025
78491186005369;true;false;23-03-2025
JT5362344262957;true;false;23-03-2025
464267924304085;true;false;23-03-2025
464271111337753;true;false;23-03-2025
78491591655243;true;false;23-03-2025
YT7532841020708;true;false;23-03-2025
78491771278917;true;false;23-03-2025
YT8747625906977;true;false;23-03-2025
JT5361187212260;true;false;23-03-2025
JT3113318823406;true;false;23-03-2025
464269019480746;true;false;23-03-2025
JT5362346277127;true;false;23-03-2025
JT5361296962430;true;false;23-03-2025
JT5362346309798;true;false;23-03-2025
78491782502375;true;false;23-03-2025
JT5361123667510;true;false;23-03-2025
YT8747275055878;true;false;23-03-2025
YT8747281310839;true;false;23-03-2025
464270283971394;true;false;23-03-2025
78491946563315;true;false;23-03-2025
YT8747257165472;true;false;23-03-2025
464270532140713;true;false;23-03-2025
464264787936478;true;false;23-03-2025
464268593675643;true;false;23-03-2025
464269280446914;true;false;23-03-2025
464270817231936;true;false;23-03-2025
777292432618973;true;false;23-03-2025
777292141986903;true;false;23-03-2025
JT5361376733836;true;false;23-03-2025
JT5362256878042;true;false;23-03-2025
JT5362175681478;true;false;23-03-2025
JT5361175633862;true;false;23-03-2025
JT5362172598190;true;false;23-03-2025
JT5361276045306;true;false;23-03-2025
YT8747333997571;true;false;23-03-2025
JT5362177253352;true;false;23-03-2025
YT8747470620558;true;false;23-03-2025
YT8747610518699;true;false;23-03-2025
YT8747446023651;true;false;23-03-2025
JT5362213759835;true;false;23-03-2025
YT8747378855696;true;false;23-03-2025
YT8747610253514;true;false;23-03-2025
JT5361308401713;true;false;23-03-2025
JT5362284726667;true;false;23-03-2025
YT8747402618402;true;false;23-03-2025
78491837537420;true;false;24-03-2025
78491771687473;true;false;24-03-2025
777292591388404;true;false;24-03-2025
9805969652505;true;false;24-03-2025
JT5362167146629;true;false;24-03-2025
JT5362231949162;true;false;24-03-2025
9805906641203;true;false;24-03-2025
464271989948057;true;false;24-03-2025
777292562963628;true;false;24-03-2025
9805917745777;true;false;24-03-2025
YT8747439838921;true;false;24-03-2025
78491673923856;true;false;24-03-2025
9805912312584;true;false;24-03-2025
9805956200090;true;false;24-03-2025
9805956529279;true;false;24-03-2025
464273886802719;true;false;24-03-2025
464270141208283;true;false;24-03-2025
78491760748919;true;false;24-03-2025
78492208456866;true;false;24-03-2025
78491879726629;true;false;24-03-2025
78491876448211;true;false;24-03-2025
78491890152742;true;false;24-03-2025
9805964845790;true;false;24-03-2025
78491832343696;true;false;24-03-2025
78491760863652;true;false;24-03-2025
78491823596154;true;false;24-03-2025
JT5362267547785;true;false;24-03-2025
9805942843310;true;false;24-03-2025
JT5362060794485;true;false;24-03-2025
78491834023165;true;false;24-03-2025
464271424331520;true;false;24-03-2025
9878420030733;true;false;24-03-2025
78491815566883;true;false;24-03-2025
JT5362225387149;true;false;24-03-2025
464271101240949;true;false;24-03-2025
464270900456308;true;false;24-03-2025
JT5362363019562;true;false;24-03-2025
434483313173921;true;false;24-03-2025
JT5361992690299;true;false;24-03-2025
78491924131461;true;false;24-03-2025
JT5362304027767;true;false;24-03-2025
78491906623005;true;false;24-03-2025
YT8747380428897;true;false;24-03-2025
YT8747157249874;true;false;24-03-2025
78491807829959;true;false;24-03-2025
JT5362296685489;true;false;24-03-2025
YT8747369116986;true;false;24-03-2025
JT5362021569681;true;false;24-03-2025
78491797348601;true;false;24-03-2025
78492118963760;true;false;24-03-2025
YT8747354258051;true;false;24-03-2025
777292786309852;true;false;24-03-2025
JT5361945913107;true;false;24-03-2025
JT5361328114354;true;false;24-03-2025
464270005318729;true;false;24-03-2025
YT8748222738761;true;false;24-03-2025
YT8748114959281;true;false;24-03-2025
JT5362274167358;true;false;24-03-2025
YT8747543926307;true;false;24-03-2025
312684818673609;true;false;24-03-2025
777292766336882;true;false;24-03-2025
YT8748266144139;true;false;24-03-2025
JT5361951869904;true;false;24-03-2025
9805941758158;true;false;24-03-2025
464268568950273;true;false;24-03-2025
JT5362285487634;true;false;24-03-2025
78492084475147;true;false;24-03-2025
464274000716489;true;false;24-03-2025
YT8747436161288;true;false;24-03-2025
78491897104810;true;false;24-03-2025
YT7533280540235;true;false;24-03-2025
78492135353583;true;false;24-03-2025
JT5362350980501;true;false;24-03-2025
YT8747632085012;true;false;24-03-2025
YT8747336127706;true;false;24-03-2025
YT8747622163748;true;false;24-03-2025
78492084494682;true;false;24-03-2025
YT8747372666348;true;false;24-03-2025
777292578242397;true;false;24-03-2025
464273387625384;true;false;24-03-2025
YT8747559830324;true;false;24-03-2025
YT2546281812037;true;false;24-03-2025
9805959442354;true;false;24-03-2025
JT5362006018894;true;false;24-03-2025
78492197010321;true;false;24-03-2025
78492114051310;true;false;24-03-2025
464274073601298;true;false;24-03-2025
78492133267896;true;false;24-03-2025
464270588639676;true;false;24-03-2025
464272812617579;true;false;24-03-2025
464270213142252;true;false;24-03-2025
464273238162854;true;false;24-03-2025
78492159331488;true;false;24-03-2025
78492211585490;true;false;24-03-2025
464263923732134;true;false;24-03-2025
9805947196096;true;false;24-03-2025
YT8747436464835;true;false;24-03-2025
YT8747453150474;true;false;24-03-2025
9805965862824;true;false;24-03-2025
9805907468932;true;false;24-03-2025
JT5362015467822;true;false;24-03-2025
777292453032735;true;false;24-03-2025
777292836463560;true;false;24-03-2025
JT5361827561226;true;false;24-03-2025
9805936995178;true;false;24-03-2025
78491728320270;true;false;24-03-2025
9805952399477;true;false;24-03-2025
JT5361824748711;true;false;24-03-2025
JT5361824533929;true;false;24-03-2025
JT5361887605195;true;false;24-03-2025
JT5362045246051;true;false;24-03-2025
JT5362015729824;true;false;24-03-2025
YT8747468820465;true;false;24-03-2025
78491890085312;true;false;24-03-2025
777292916981875;true;false;24-03-2025
777292762192188;true;false;24-03-2025
777292906552252;true;false;24-03-2025
78491894538034;true;false;24-03-2025
78891037412003;true;false;24-03-2025
78491983217093;true;false;24-03-2025
JT5362024970441;true;false;24-03-2025
777292857567539;true;false;24-03-2025
777292775704635;true;false;24-03-2025
777292902269841;true;false;24-03-2025
777292764717225;true;false;24-03-2025
777292574039919;true;false;24-03-2025
JT5362122337576;true;false;24-03-2025
JT5361730666688;true;false;24-03-2025
YT8748175235506;true;false;24-03-2025
YT8747428588578;true;false;24-03-2025
YT8747502309495;true;false;24-03-2025
YT8748266516509;true;false;24-03-2025
JT5361956564231;true;false;24-03-2025
YT8748176395883;true;false;24-03-2025
999039690637;true;false;24-03-2025
YT8746385346306;true;false;25-03-2025
9805854031758;true;false;25-03-2025
777292481521683;true;false;25-03-2025
773345360203064;true;false;25-03-2025
9805907470166;true;false;25-03-2025
777292514569412;true;false;25-03-2025
777292435554317;true;false;25-03-2025
777292579034511;true;false;25-03-2025
777292575989364;true;false;25-03-2025
9805910641238;true;false;25-03-2025
8212052582712;true;false;25-03-2025
YT8747347682649;true;false;25-03-2025
464273470941734;true;false;25-03-2025
JT5362273964481;true;false;25-03-2025
777292784004631;true;false;25-03-2025
YT8748208775566;true;false;25-03-2025
YT8748267423079;true;false;25-03-2025
464270149295017;true;false;25-03-2025
777292833501922;true;false;25-03-2025
464274137663102;true;false;25-03-2025
9805972126678;true;false;25-03-2025
9805941397269;true;false;25-03-2025
777292651012202;true;false;25-03-2025
9805843864990;true;false;25-03-2025
777292754821823;true;false;25-03-2025
78491933279035;true;false;25-03-2025
9805944573390;true;false;25-03-2025
9805969965789;true;false;25-03-2025
9805965066242;true;false;25-03-2025
9805956406217;true;false;25-03-2025
9805909477689;true;false;25-03-2025
9805966812534;true;false;25-03-2025
9805909222355;true;false;25-03-2025
9805952863768;true;false;25-03-2025
78491969364660;true;false;25-03-2025
9805962167935;true;false;25-03-2025
777292432570369;true;false;25-03-2025
773345285280419;true;false;25-03-2025
JT5362319134882;true;false;25-03-2025
777292801213399;true;false;25-03-2025
78491806756588;true;false;25-03-2025
9805957465254;true;false;25-03-2025
YT8748166806096;true;false;25-03-2025
9805954581239;true;false;25-03-2025
YT8748130773360;true;false;25-03-2025
YT8748248315315;true;false;25-03-2025
464272391472968;true;false;25-03-2025
78491789474482;true;false;25-03-2025
78492047460856;true;false;25-03-2025
YT8748249839728;true;false;25-03-2025
464269886156778;true;false;25-03-2025
9805965013652;true;false;25-03-2025
YT8748247218831;true;false;25-03-2025
9805967610106;true;false;25-03-2025
464273223383657;true;false;25-03-2025
777292799736196;true;false;25-03-2025
9805942118838;true;false;25-03-2025
YT8748161048174;true;false;25-03-2025
464271926214767;true;false;25-03-2025
9805916468353;true;false;25-03-2025
464272011164909;true;false;25-03-2025
777292844230032;true;false;25-03-2025
78492133888926;true;false;25-03-2025
78491521949370;true;false;25-03-2025
777292717918920;true;false;25-03-2025
777292696245983;true;false;25-03-2025
78492023347219;true;false;25-03-2025
78891695230294;true;false;25-03-2025
777292840777262;true;false;25-03-2025
777292898891807;true;false;25-03-2025
464272816433858;true;false;25-03-2025
464279087264225;true;false;25-03-2025
777292807850095;true;false;25-03-2025
464271695797871;true;false;25-03-2025
464274017079568;true;false;25-03-2025
464272719415826;true;false;25-03-2025
464273674977868;true;false;25-03-2025
777292678420015;true;false;25-03-2025
78492055439443;true;false;25-03-2025
777292535951598;true;false;25-03-2025
78492087514993;true;false;25-03-2025
78492113050845;true;false;25-03-2025
78491639790197;true;false;25-03-2025
78492137597859;true;false;25-03-2025
9805972333706;true;false;25-03-2025
777293178776172;true;false;25-03-2025
464273033907284;true;false;25-03-2025
777292710351558;true;false;25-03-2025
78492213210714;true;false;25-03-2025
464273268170513;true;false;25-03-2025
YT8748173325339;true;false;25-03-2025
78491993314425;true;false;25-03-2025
9463385124541;true;false;25-03-2025
464279164013603;true;false;25-03-2025
777292853024504;true;false;25-03-2025
78492123191625;true;false;25-03-2025
78492189722041;true;false;25-03-2025
78492094513631;true;false;25-03-2025
YT8748296807026;true;false;25-03-2025
434485152152469;true;false;25-03-2025
78492011516904;true;false;25-03-2025
464272367656670;true;false;25-03-2025
9805940110825;true;false;25-03-2025
78492162997371;true;false;25-03-2025
464271435092340;true;false;25-03-2025
78492421328714;true;false;25-03-2025
YT8748171871115;true;false;25-03-2025
464274072093646;true;false;25-03-2025
464272769492115;true;false;25-03-2025
78492367930943;true;false;25-03-2025
464272437787689;true;false;25-03-2025
464273685613548;true;false;25-03-2025
YT8747964051471;true;false;25-03-2025
YT8748284769228;true;false;25-03-2025
464273759886318;true;false;25-03-2025
434486534919584;true;false;25-03-2025
YT7533870888516;true;false;25-03-2025
YT8748306157431;true;false;25-03-2025
464280528986161;true;false;25-03-2025
YT8748306157431;true;false;25-03-2025
YT8748306157431;true;false;25-03-2025
9805951420505;true;false;25-03-2025
9805951420505;true;false;25-03-2025
9805946864594;true;false;25-03-2025
464279388547548;true;false;25-03-2025
YT8747520788526;true;false;25-03-2025
464272928188352;true;false;25-03-2025
9805945011380;true;false;25-03-2025
464272147486409;true;false;25-03-2025
YT8747337359784;true;false;25-03-2025
9805951768841;true;false;25-03-2025
YT8748267645639;true;false;25-03-2025
9805946368041;true;false;25-03-2025
9805943637810;true;false;25-03-2025
9805954221038;true;false;25-03-2025
YT8748139728404;true;false;25-03-2025
YT8748035122753;true;false;25-03-2025
YT8747819777130;true;false;25-03-2025
777293028088742;true;false;25-03-2025
9805948425793;true;false;25-03-2025
78492445852397;true;false;25-03-2025
9805948833717;true;false;25-03-2025
9806027665659;true;false;25-03-2025
9805942903563;true;false;25-03-2025
9805952588792;true;false;25-03-2025
9805953371380;true;false;25-03-2025
9805955352100;true;false;25-03-2025
9805947734095;true;false;25-03-2025
78492407313610;true;false;25-03-2025
9805949584576;true;false;25-03-2025
9805949562755;true;false;25-03-2025
9805940976686;true;false;25-03-2025
777293025769064;true;false;25-03-2025
78492446729352;true;false;25-03-2025
78891659829937;true;false;25-03-2025
9878442396235;true;false;25-03-2025
464278597888381;true;false;25-03-2025
78492497068519;true;false;25-03-2025
9805946098738;true;false;25-03-2025
1344564260106;true;false;25-03-2025
78492070139306;true;false;25-03-2025
78492148443890;true;false;25-03-2025
777292482686563;true;false;25-03-2025
78492148467518;true;false;25-03-2025
78492422731705;true;false;25-03-2025
78492177906909;true;false;25-03-2025
777293131704220;true;false;25-03-2025
78492356994440;true;false;25-03-2025
464274497636585;true;false;25-03-2025
777292911651565;true;false;25-03-2025
1343771983906;true;false;25-03-2025
777293123552778;true;false;25-03-2025
464279899756898;true;false;25-03-2025
YT8748033806538;true;false;25-03-2025
78492252624944;true;false;25-03-2025
78891779614052;true;false;25-03-2025
YT8748065699856;true;false;25-03-2025
78492149716635;true;false;25-03-2025
JT5362610651816;true;false;25-03-2025
777293082878454;true;false;25-03-2025
464279810106015;true;false;25-03-2025
9806022400887;true;false;25-03-2025
9805947229965;true;false;25-03-2025
JT5361937455339;true;false;25-03-2025
464273227557707;true;false;25-03-2025
464280550865750;true;false;25-03-2025
464280629629082;true;false;25-03-2025
78492372448886;true;false;25-03-2025
464274715622773;true;false;25-03-2025
YT8747838187134;true;false;25-03-2025
464278661871559;true;false;25-03-2025
YT8747947554393;true;false;25-03-2025
YT8747902693020;true;false;25-03-2025
YT8747881559917;true;false;25-03-2025
464280634697621;true;false;25-03-2025
YT7533792576731;true;false;25-03-2025
YT8747825190077;true;false;25-03-2025
YT8748193925065;true;false;25-03-2025
YT8747918545708;true;false;25-03-2025
YT8748214112623;true;false;25-03-2025
YT8747851816619;true;false;25-03-2025
JT5361838724898;true;false;25-03-2025
JT5362696442733;true;false;25-03-2025
JT5362046792372;true;false;25-03-2025
JT5361884848331;true;false;25-03-2025
JT5362603151303;true;false;25-03-2025
JT3113541156741;true;false;25-03-2025
JT5362628282356;true;false;25-03-2025
JT5361940957086;true;false;25-03-2025
JT5362562184211;true;false;25-03-2025
434487778439510;true;false;25-03-2025
YT8748010460072;true;false;25-03-2025
YT8747960889737;true;false;25-03-2025
777292985182315;true;false;25-03-2025
JT5361865785391;true;false;25-03-2025
464274371484727;true;false;25-03-2025
JT5362124661221;true;false;25-03-2025
JT5362085692713;true;false;25-03-2025
JT5360888214425;true;false;25-03-2025
JT5361956123112;true;false;25-03-2025
JT5361850596558;true;false;25-03-2025
JT5362584034777;true;false;25-03-2025
JT5361985284051;true;false;25-03-2025
YT8748268983512;true;false;25-03-2025
78492009017623;true;false;25-03-2025
JT5362060213673;true;false;25-03-2025
JT5361899702608;true;false;25-03-2025
78492269440159;true;false;25-03-2025
JT5361986083680;true;false;25-03-2025
JT5362037281588;true;false;25-03-2025
JT5361848963147;true;false;25-03-2025
JT5362222968121;true;false;25-03-2025
JT5361737805995;true;false;25-03-2025
9805954442972;true;false;25-03-2025
JT5362583399273;true;false;25-03-2025
464270157120251;true;false;25-03-2025
JT5361814135955;true;false;25-03-2025
JT5361837010071;true;false;25-03-2025
JT5361764920716;true;false;25-03-2025
JT5362600743495;true;false;25-03-2025
JT5362087381612;true;false;25-03-2025
464280559485692;true;false;25-03-2025
464279953295893;true;false;25-03-2025
464279905095563;true;false;25-03-2025
464272943611067;true;false;25-03-2025
777292873763059;true;false;25-03-2025
777293135448514;true;false;25-03-2025
8210190901612;true;false;26-03-2025
YT8747992197477;true;false;26-03-2025
YT8747880039663;true;false;26-03-2025
9806006047017;true;false;26-03-2025
777292807979553;true;false;26-03-2025
777292977726071;true;false;26-03-2025
9806032222763;true;false;26-03-2025
777292969135625;true;false;26-03-2025
777293000163333;true;false;26-03-2025
9805998744907;true;false;26-03-2025
78492233510966;true;false;26-03-2025
777293316742754;true;false;26-03-2025
78492300166176;true;false;26-03-2025
464279077487784;true;false;26-03-2025
777293303295349;true;false;26-03-2025
464274965880691;true;false;26-03-2025
9878442392006;true;false;26-03-2025
464274350332219;true;false;26-03-2025
9806039049567;true;false;26-03-2025
777293049428370;true;false;26-03-2025
777293048301459;true;false;26-03-2025
777293078577507;true;false;26-03-2025
777292964543764;true;false;26-03-2025
777293067926068;true;false;26-03-2025
777292962061683;true;false;26-03-2025
777293098338335;true;false;26-03-2025
777293062095718;true;false;26-03-2025
777293032356478;true;false;26-03-2025
777293058615775;true;false;26-03-2025
9806036045790;true;false;26-03-2025
9806007622534;true;false;26-03-2025
78492314971539;true;false;26-03-2025
78492430539406;true;false;26-03-2025
464274563563108;true;false;26-03-2025
78492228891991;true;false;26-03-2025
777293105662053;true;false;26-03-2025
777293116118797;true;false;26-03-2025
78492216886223;true;false;26-03-2025
8211117168912;true;false;26-03-2025
78492295156247;true;false;26-03-2025
777293013473252;true;false;26-03-2025
9806011918974;true;false;26-03-2025
78492297058235;true;false;26-03-2025
777292968390935;true;false;26-03-2025
78492615575709;true;false;26-03-2025
777293006254855;true;false;26-03-2025
9806037921684;true;false;26-03-2025
9806038958215;true;false;26-03-2025
9806036191321;true;false;26-03-2025
9806037084043;true;false;26-03-2025
78492348747756;true;false;26-03-2025
78492394057646;true;false;26-03-2025
464272752016484;true;false;26-03-2025
78492279946440;true;false;26-03-2025
78492412861938;true;false;26-03-2025
78492541056353;true;false;26-03-2025
464274542378614;true;false;26-03-2025
9806012735718;true;false;26-03-2025
9806022755015;true;false;26-03-2025
777292955216791;true;false;26-03-2025
464264733813392;true;false;26-03-2025
9805979625788;true;false;26-03-2025
9805939158397;true;false;26-03-2025
78492360646194;true;false;26-03-2025
777293330153881;true;false;26-03-2025
9806026162209;true;false;26-03-2025
78492410167530;true;false;26-03-2025
9806035435271;true;false;26-03-2025
9806034396090;true;false;26-03-2025
YT8747660833548;true;false;26-03-2025
YT8747894925507;true;false;26-03-2025
777293553250055;true;false;26-03-2025
8216394270612;true;false;26-03-2025
464281649454645;true;false;26-03-2025
9806035873441;true;false;26-03-2025
9806039217586;true;false;26-03-2025
464280918180960;true;false;26-03-2025
9806007052527;true;false;26-03-2025
9806022179755;true;false;26-03-2025
464279714325884;true;false;26-03-2025
464280874301621;true;false;26-03-2025
464278885450235;true;false;26-03-2025
464281641701953;true;false;26-03-2025
777293209906310;true;false;26-03-2025
9806011480522;true;false;26-03-2025
8215106688212;true;false;26-03-2025
464278637935953;true;false;26-03-2025
464279971300216;true;false;26-03-2025
464279876327843;true;false;26-03-2025
464279140895116;true;false;26-03-2025
YT8748028135324;true;false;26-03-2025
YT8748134043485;true;false;26-03-2025
464279714872853;true;false;26-03-2025
464272249855181;true;false;26-03-2025
464274846638367;true;false;26-03-2025
YT7533811855959;true;false;26-03-2025
777293224538679;true;false;26-03-2025
YT8747844830882;true;false;26-03-2025
78492652332640;true;false;26-03-2025
YT8747877358898;true;false;26-03-2025
777293083838559;true;false;26-03-2025
777293117974764;true;false;26-03-2025
YT8747905951231;true;false;26-03-2025
YT8748042839406;true;false;26-03-2025
YT8747851253157;true;false;26-03-2025
777293097111782;true;false;26-03-2025
YT8747978087167;true;false;26-03-2025
YT8747993931270;true;false;26-03-2025
777292958249899;true;false;26-03-2025
777293298813640;true;false;26-03-2025
YT7533656356512;true;false;26-03-2025
777293030576873;true;false;26-03-2025
777293333456261;true;false;26-03-2025
YT8747723753572;true;false;26-03-2025
9806039044106;true;false;26-03-2025
YT8748398619684;true;false;26-03-2025
78498810572432;true;false;26-03-2025
YT8747869815624;true;false;26-03-2025
YT8748037873639;true;false;26-03-2025
YT8747999185606;true;false;26-03-2025
YT8747835499018;true;false;26-03-2025
464279647562543;true;false;26-03-2025
464281159037426;true;false;26-03-2025
78492697186722;true;false;26-03-2025
YT8748029634901;true;false;26-03-2025
464274935079943;true;false;26-03-2025
464280418117282;true;false;26-03-2025
464275032063589;true;false;26-03-2025
464275401136443;true;false;26-03-2025
777293386651604;true;false;26-03-2025
464278809762601;true;false;26-03-2025
464278809762601;true;false;26-03-2025
8253893109212;true;false;26-03-2025
YT7533795788317;true;false;26-03-2025
78492530429898;true;false;26-03-2025
777293371014777;true;false;26-03-2025
777293363075913;true;false;26-03-2025
777293060489548;true;false;26-03-2025
777293058315836;true;false;26-03-2025
777293230267444;true;false;26-03-2025
777293404887934;true;false;26-03-2025
777293312165077;true;false;26-03-2025
773345820984945;true;false;26-03-2025
78492564641644;true;false;26-03-2025
777293313415429;true;false;26-03-2025
777293395411636;true;false;26-03-2025
777293146823230;true;false;26-03-2025
464276434719318;true;false;26-03-2025
464280529470687;true;false;26-03-2025
78492458307895;true;false;26-03-2025
78492674974495;true;false;26-03-2025
78492618721626;true;false;26-03-2025
78492737489162;true;false;26-03-2025
78492127468631;true;false;26-03-2025
78492758981496;true;false;26-03-2025
78492505930770;true;false;26-03-2025
78492515669416;true;false;26-03-2025
YT8748065091137;true;false;26-03-2025
9806032781202;true;false;26-03-2025
78492432275579;true;false;26-03-2025
YT8748417483265;true;false;26-03-2025
9806009404214;true;false;26-03-2025
9805990135383;true;false;26-03-2025
9806026895977;true;false;26-03-2025
YT8747895064146;true;false;26-03-2025
464278853810551;true;false;26-03-2025
JT5361865409128;true;false;26-03-2025
464276349334415;true;false;26-03-2025
464275672950615;true;false;26-03-2025
JT5362406167335;true;false;26-03-2025
JT5362427207652;true;false;26-03-2025
464280859572945;true;false;26-03-2025
464273725967850;true;false;26-03-2025
JT5362702681810;true;false;26-03-2025
JT5361761612346;true;false;26-03-2025
JT5362024831433;true;false;26-03-2025
JT5362646988538;true;false;26-03-2025
JT5362476429063;true;false;26-03-2025
JT5362928658786;true;false;26-03-2025
JT5362598627568;true;false;26-03-2025
JT5362619337819;true;false;26-03-2025
JT5362894701405;true;false;26-03-2025
JT5361869118569;true;false;26-03-2025
JT5362679862943;true;false;26-03-2025
JT5362575502700;true;false;26-03-2025
JT5362633639140;true;false;26-03-2025
JT5362928849250;true;false;26-03-2025
JT5361783782762;true;false;26-03-2025
JT5362684446352;true;false;26-03-2025
YT8747703766507;true;false;26-03-2025
YT8748382666520;true;false;26-03-2025
JT5361795245057;true;false;26-03-2025
YT8748350875279;true;false;26-03-2025
YT8748043562365;true;false;26-03-2025
YT7534114357757;true;false;26-03-2025
78492456100267;true;false;26-03-2025
78492743810552;true;false;26-03-2025
777293388924293;true;false;27-03-2025
78492567640114;true;false;27-03-2025
78492663156907;true;false;27-03-2025
8214866945012;true;false;27-03-2025
9806075881751;true;false;27-03-2025
9805993591089;true;false;27-03-2025
9806001408734;true;false;27-03-2025
9806026933602;true;false;27-03-2025
9806010331958;true;false;27-03-2025
777293037663136;true;false;27-03-2025
9805994058830;true;false;27-03-2025
YT8747767766738;true;false;27-03-2025
777293457839285;true;false;27-03-2025
777293317311100;true;false;27-03-2025
464281617513670;true;false;27-03-2025
9806016449948;true;false;27-03-2025
9805977498348;true;false;27-03-2025
YT7534047011472;true;false;27-03-2025
9805991952713;true;false;27-03-2025
9806032949089;true;false;27-03-2025
9806014664673;true;false;27-03-2025
78493001873135;true;false;27-03-2025
9806017459906;true;false;27-03-2025
9806000830275;true;false;27-03-2025
777293218046527;true;false;27-03-2025
777293545184752;true;false;27-03-2025
777293731608705;true;false;27-03-2025
777293298965479;true;false;27-03-2025
9806003375860;true;false;27-03-2025
464278216704528;true;false;27-03-2025
464281443325268;true;false;27-03-2025
464274455402776;true;false;27-03-2025
777293197802249;true;false;27-03-2025
9805991478520;true;false;27-03-2025
464281221777936;true;false;27-03-2025
9805939968876;true;false;27-03-2025
777293331971773;true;false;27-03-2025
9806002157503;true;false;27-03-2025
9805954992466;true;false;27-03-2025
9806016313333;true;false;27-03-2025
777292987355160;true;false;27-03-2025
777293625869490;true;false;27-03-2025
YT8748452696091;true;false;27-03-2025
8253175333512;true;false;27-03-2025
78492792617358;true;false;27-03-2025
777293295631384;true;false;27-03-2025
777292933138375;true;false;27-03-2025
777293224493019;true;false;27-03-2025
464281120916749;true;false;27-03-2025
777293243554124;true;false;27-03-2025
464275641273841;true;false;27-03-2025
9805992034468;true;false;27-03-2025
SF3162019634892;true;false;27-03-2025
78492543774806;true;false;27-03-2025
464264615117677;true;false;27-03-2025
464281463021732;true;false;27-03-2025
777293300900174;true;false;27-03-2025
78492762077046;true;false;27-03-2025
78492790437930;true;false;27-03-2025
YT8748571099201;true;false;27-03-2025
78492729458589;true;false;27-03-2025
777293416478953;true;false;27-03-2025
9806016532216;true;false;27-03-2025
777293065565619;true;false;27-03-2025
434487874758899;true;false;27-03-2025
78492636154722;true;false;27-03-2025
464281047609198;true;false;27-03-2025
464276322628905;true;false;27-03-2025
464280730206422;true;false;27-03-2025
YT8747761748796;true;false;27-03-2025
777293222147016;true;false;27-03-2025
78492687738822;true;false;27-03-2025
464280066608531;true;false;27-03-2025
78492513491060;true;false;27-03-2025
78492477195462;true;false;27-03-2025
78492540130345;true;false;27-03-2025
78492566520954;true;false;27-03-2025
YT8747764461067;true;false;27-03-2025
YT8747852917474;true;false;27-03-2025
78492712271242;true;false;27-03-2025
78492620337875;true;false;27-03-2025
YT8748098172300;true;false;27-03-2025
78492587425099;true;false;27-03-2025
78891984311071;true;false;27-03-2025
464280730197057;true;false;27-03-2025
YT8747734059665;true;false;27-03-2025
78492741297311;true;false;27-03-2025
78492569691418;true;false;27-03-2025
464280686852538;true;false;27-03-2025
464280686852752;true;false;27-03-2025
464280687376562;true;false;27-03-2025
464280687480889;true;false;27-03-2025
777293519688663;true;false;27-03-2025
464286054621913;true;false;27-03-2025
YT8747928815433;true;false;27-03-2025
YT8747762355119;true;false;27-03-2025
YT8748391382310;true;false;27-03-2025
YT8748354431125;true;false;27-03-2025
YT8747786705499;true;false;27-03-2025
YT8748072302752;true;false;27-03-2025
YT8748348691663;true;false;27-03-2025
YT8747800884830;true;false;27-03-2025
78492514538015;true;false;27-03-2025
YT8747811158355;true;false;27-03-2025
YT8747712209112;true;false;27-03-2025
78492906878820;true;false;27-03-2025
YT8748689639735;true;false;27-03-2025
777293736938438;true;false;27-03-2025
YT8748377890756;true;false;27-03-2025
YT8748686359586;true;false;27-03-2025
777293588410229;true;false;27-03-2025
78492982362568;true;false;27-03-2025
9806003161711;true;false;27-03-2025
464286280344457;true;false;27-03-2025
9806009389140;true;false;27-03-2025
9806005605154;true;false;27-03-2025
9805990412253;true;false;27-03-2025
9806086462924;true;false;27-03-2025
78492864381196;true;false;27-03-2025
78492697684201;true;false;27-03-2025
777293726436316;true;false;27-03-2025
9805991233160;true;false;27-03-2025
9806005642144;true;false;27-03-2025
9805995869022;true;false;27-03-2025
777293415611228;true;false;27-03-2025
777293376676793;true;false;27-03-2025
777293493183115;true;false;27-03-2025
777293637445775;true;false;27-03-2025
777293428056881;true;false;27-03-2025
777293492988384;true;false;27-03-2025
777293712196157;true;false;27-03-2025
777293446690502;true;false;27-03-2025
777293190233576;true;false;27-03-2025
777293722442418;true;false;27-03-2025
777293402873248;true;false;27-03-2025
777293454459344;true;false;27-03-2025
777293752509304;true;false;27-03-2025
78892319751687;true;false;27-03-2025
78492886722983;true;false;27-03-2025
78492617818038;true;false;27-03-2025
78492833626875;true;false;27-03-2025
773346197465375;true;false;27-03-2025
773346172789135;true;false;27-03-2025
78492953123268;true;false;27-03-2025
SF3159274402384;true;false;27-03-2025
464280149972670;true;false;27-03-2025
78492613231130;true;false;27-03-2025
464277973079590;true;false;27-03-2025
78492906440571;true;false;27-03-2025
78492980911767;true;false;27-03-2025
78492874875217;true;false;27-03-2025
78492768283143;true;false;27-03-2025
464275091247227;true;false;27-03-2025
YT8748673829298;true;false;27-03-2025
78492814105623;true;false;27-03-2025
JT5363024442375;true;false;27-03-2025
JT5362889011012;true;false;27-03-2025
JT5362725439791;true;false;27-03-2025
JT5363031216460;true;false;27-03-2025
JT5362469391674;true;false;27-03-2025
464276580903608;true;false;27-03-2025
JT5362931297172;true;false;27-03-2025
JT5363029771188;true;false;27-03-2025
JT5362992114721;true;false;27-03-2025
464278258764601;true;false;27-03-2025
464276342928273;true;false;27-03-2025
464277781568461;true;false;27-03-2025
JT5362427707323;true;false;27-03-2025
464276680860734;true;false;27-03-2025
464276702804787;true;false;27-03-2025
78492864555842;true;false;27-03-2025
464275031528728;true;false;27-03-2025
78492837797509;true;false;27-03-2025
464276017273748;true;false;27-03-2025
JT5362517568948;true;false;27-03-2025
JT5362771560637;true;false;27-03-2025
464281435729308;true;false;27-03-2025
JT5363015889718;true;false;27-03-2025
JT5362900546471;true;false;27-03-2025
JT5362814756459;true;false;27-03-2025
JT5363020287389;true;false;27-03-2025
JT5363015914913;true;false;27-03-2025
JT5362933070733;true;false;27-03-2025
JT5363249332443;true;false;27-03-2025
YT8748708191769;true;false;27-03-2025
JT5363280851907;true;false;27-03-2025
JT5362433313031;true;false;27-03-2025
JT5362812351210;true;false;27-03-2025
JT5363298812525;true;false;27-03-2025
JT5362946542273;true;false;27-03-2025
JT5363354036091;true;false;27-03-2025
JT5362725683780;true;false;27-03-2025
YT8748508480430;true;false;27-03-2025
YT8748602575643;true;false;27-03-2025
JT5363285954085;true;false;27-03-2025
YT8748587807856;true;false;27-03-2025
JT5362950380727;true;false;27-03-2025
JT5363280033981;true;false;27-03-2025
JT5362802161060;true;false;27-03-2025
JT5363366952738;true;false;27-03-2025
YT8748582738845;true;false;27-03-2025
JT5363265700616;true;false;27-03-2025
YT8747663661067;true;false;27-03-2025
YT8748610836908;true;false;27-03-2025
YT8748329953830;true;false;27-03-2025
JT5362548851010;true;false;27-03-2025
JT5361745471334;true;false;27-03-2025
YT8748321066831;true;false;27-03-2025
JT5362516886141;true;false;27-03-2025
JT5362975909521;true;false;27-03-2025
JT5363003137319;true;false;27-03-2025
JT5362476524186;true;false;27-03-2025
YT8748582505391;true;false;27-03-2025
JT5362439159877;true;false;27-03-2025
JT5362734655979;true;false;27-03-2025
78492850137915;true;false;27-03-2025
JT5362468261480;true;false;27-03-2025
YT8748682769354;true;false;27-03-2025
YT8748151036644;true;false;27-03-2025
YT8748530347185;true;false;27-03-2025
YT8748434081440;true;false;28-03-2025
777292872340465;true;false;28-03-2025
JT5363125935318;true;false;28-03-2025
YT8748595045510;true;false;28-03-2025
464276809900752;true;false;28-03-2025
464277270568509;true;false;28-03-2025
464276979362136;true;false;28-03-2025
464276240514867;true;false;28-03-2025
464277559701883;true;false;28-03-2025
464277519143475;true;false;28-03-2025
8213817075812;true;false;28-03-2025
464276246359092;true;false;28-03-2025
464277050801591;true;false;28-03-2025
464277488940326;true;false;28-03-2025
464277197134489;true;false;28-03-2025
464276242863006;true;false;28-03-2025
78492788746443;true;false;28-03-2025
YT8748463540143;true;false;28-03-2025
9805987005314;true;false;28-03-2025
464277488277084;true;false;28-03-2025
464285803500728;true;false;28-03-2025
YT8748594612742;true;false;28-03-2025
9805973342842;true;false;28-03-2025
9805985968135;true;false;28-03-2025
464276011460776;true;false;28-03-2025
464275898845589;true;false;28-03-2025
464275988611237;true;false;28-03-2025
78492563443755;true;false;28-03-2025
9805981131405;true;false;28-03-2025
464278204951850;true;false;28-03-2025
464277528495419;true;false;28-03-2025
464277160544377;true;false;28-03-2025
464278307477580;true;false;28-03-2025
9805983915197;true;false;28-03-2025
9805987269659;true;false;28-03-2025
9805981589403;true;false;28-03-2025
9805979970129;true;false;28-03-2025
78492946629287;true;false;28-03-2025
YT8748514756440;true;false;28-03-2025
9805982142688;true;false;28-03-2025
464277146615526;true;false;28-03-2025
464285803592626;true;false;28-03-2025
9805973370952;true;false;28-03-2025
78492732446161;true;false;28-03-2025
9805981607615;true;false;28-03-2025
9805984399217;true;false;28-03-2025
9805981610001;true;false;28-03-2025
8254163955612;true;false;28-03-2025
464277927066957;true;false;28-03-2025
9806076168329;true;false;28-03-2025
78492920211248;true;false;28-03-2025
464286291146861;true;false;28-03-2025
78492758441949;true;false;28-03-2025
78492854429162;true;false;28-03-2025
78492788584978;true;false;28-03-2025
78492758891056;true;false;28-03-2025
78492377891415;true;false;28-03-2025
777293583840390;true;false;28-03-2025
YT8748673331896;true;false;28-03-2025
YT8748612531055;true;false;28-03-2025
9806089413693;true;false;28-03-2025
9878475931965;true;false;28-03-2025
78492962192283;true;false;28-03-2025
78493128175440;true;false;28-03-2025
9805985415880;true;false;28-03-2025
9805982001799;true;false;28-03-2025
78492749662900;true;false;28-03-2025
9806082430860;true;false;28-03-2025
YT8748673324478;true;false;28-03-2025
78492798484607;true;false;28-03-2025
YT8748657214427;true;false;28-03-2025
9805993560277;true;false;28-03-2025
9805979524795;true;false;28-03-2025
78492917081825;true;false;28-03-2025
YT8748482934497;true;false;28-03-2025
78492782471018;true;false;28-03-2025
78492777719153;true;false;28-03-2025
78492786762647;true;false;28-03-2025
9805987045257;true;false;28-03-2025
YT8748535856484;true;false;28-03-2025
YT8748707399841;true;false;28-03-2025
YT8748674692462;true;false;28-03-2025
9806083510869;true;false;28-03-2025
9806016299849;true;false;28-03-2025
YT8748545625380;true;false;28-03-2025
464285871845834;true;false;28-03-2025
YT8748894852815;true;false;28-03-2025
YT8748663271092;true;false;28-03-2025
78493040307773;true;false;28-03-2025
YT8748495639417;true;false;28-03-2025
YT7534631211558;true;false;28-03-2025
78492940701766;true;false;28-03-2025
78493033864958;true;false;28-03-2025
78492995345144;true;false;28-03-2025
YT8748536112792;true;false;28-03-2025
YT8748503075798;true;false;28-03-2025
JT5363620111247;true;false;28-03-2025
YT8748530103136;true;false;28-03-2025
SF3159823472598;true;false;28-03-2025
YT8748514869414;true;false;28-03-2025
78492782528109;true;false;28-03-2025
78492796318838;true;false;28-03-2025
9806088868006;true;false;28-03-2025
JT5363614049491;true;false;28-03-2025
YT8748520831094;true;false;28-03-2025
YT8748564058226;true;false;28-03-2025
78493249811400;true;false;28-03-2025
9806075288086;true;false;28-03-2025
YT8748552230177;true;false;28-03-2025
78493265458648;true;false;28-03-2025
78493050870180;true;false;28-03-2025
78493280334140;true;false;28-03-2025
78492811200446;true;false;28-03-2025
9806084906969;true;false;28-03-2025
78493182651575;true;false;28-03-2025
78492775461270;true;false;28-03-2025
78892729510012;true;false;28-03-2025
78493207155738;true;false;28-03-2025
78493257981410;true;false;28-03-2025
JT5363122301417;true;false;28-03-2025
78493067397295;true;false;28-03-2025
78493210056043;true;false;28-03-2025
JT5362918882805;true;false;28-03-2025
9805983435562;true;false;28-03-2025
9805987139681;true;false;28-03-2025
78493092364707;true;false;28-03-2025
9805979540888;true;false;28-03-2025
464277156027245;true;false;28-03-2025
464276273478313;true;false;28-03-2025
464286475010883;true;false;28-03-2025
78492855424040;true;false;28-03-2025
JT5363262696133;true;false;28-03-2025
JT5362768893252;true;false;28-03-2025
78493280342856;true;false;28-03-2025
9806098081569;true;false;28-03-2025
JT5362963120669;true;false;28-03-2025
464277983208783;true;false;28-03-2025
JT5362839043253;true;false;28-03-2025
464286712440420;true;false;28-03-2025
JT5362804918278;true;false;28-03-2025
JT5363272501544;true;false;28-03-2025
JT5363088676584;true;false;28-03-2025
464285354758255;true;false;28-03-2025
464285665735823;true;false;28-03-2025
JT5362420376883;true;false;28-03-2025
464277551146290;true;false;28-03-2025
78493001987949;true;false;28-03-2025
JT5362969841759;true;false;28-03-2025
777293835580228;true;false;28-03-2025
464286898774326;true;false;28-03-2025
777293689008444;true;false;28-03-2025
777293894837976;true;false;28-03-2025
777293818094696;true;false;28-03-2025
JT5362401076586;true;false;28-03-2025
78493046274731;true;false;28-03-2025
464276065099030;true;false;28-03-2025
9806077100300;true;false;28-03-2025
777293596238945;true;false;28-03-2025
78493178889721;true;false;28-03-2025
78493037468830;true;false;28-03-2025
777293474428778;true;false;28-03-2025
777293588556851;true;false;28-03-2025
78492894590763;true;false;28-03-2025
JT5362951933554;true;false;28-03-2025
YT8748589193867;true;false;28-03-2025
9805985729478;true;false;28-03-2025
777293914127659;true;false;28-03-2025
JT5362787809924;true;false;28-03-2025
JT5363210260949;true;false;28-03-2025
JT5363364800090;true;false;28-03-2025
JT5362953461583;true;false;28-03-2025
JT5362393244820;true;false;28-03-2025
JT5362829405183;true;false;28-03-2025
JT5363221715446;true;false;28-03-2025
JT5363623317340;true;false;28-03-2025
JT5362837648149;true;false;28-03-2025
JT3113723755024;true;false;28-03-2025
JT5363266669992;true;false;28-03-2025
JT5363073618255;true;false;28-03-2025
464285442340159;true;false;28-03-2025
434491054397724;true;false;28-03-2025
777293746880338;true;false;28-03-2025
777293565634429;true;false;28-03-2025
777293556781490;true;false;28-03-2025
777293915279424;true;false;28-03-2025
777293779640309;true;false;28-03-2025
777294322715425;true;false;28-03-2025
777293768535791;true;false;28-03-2025
777293472944860;true;false;28-03-2025
777293582723966;true;false;28-03-2025
777293682965775;true;false;28-03-2025
777293556781452;true;false;28-03-2025
777293487173069;true;false;28-03-2025
777293492329034;true;false;28-03-2025
777293467472871;true;false;28-03-2025
777293631780968;true;false;28-03-2025
777293446445003;true;false;28-03-2025
777293685448315;true;false;28-03-2025
777293925424755;true;false;28-03-2025
777293840468982;true;false;28-03-2025
464277814392912;true;false;28-03-2025
777293459384477;true;false;28-03-2025
777293858330623;true;false;28-03-2025
DPK319270210940;true;false;28-03-2025
YT8748454945573;true;false;28-03-2025
JT5362733435785;true;false;28-03-2025
777293785235759;true;false;28-03-2025
777293540375208;true;false;28-03-2025
777293523702914;true;false;28-03-2025
JT5362725026043;true;false;28-03-2025
777293400147828;true;false;28-03-2025
777293840330278;true;false;28-03-2025
JT5362813614094;true;false;28-03-2025
777293459335444;true;false;28-03-2025
JT5363359510318;true;false;28-03-2025
464285851600354;true;false;28-03-2025
JT5362878786782;true;false;28-03-2025
777293852871073;true;false;28-03-2025
JT5362728347814;true;false;28-03-2025
777293565202003;true;false;28-03-2025
JT5363268631292;true;false;28-03-2025
777293768545445;true;false;28-03-2025
777293467473025;true;false;28-03-2025
JT5362807967123;true;false;28-03-2025
777293788628051;true;false;28-03-2025
777293570750493;true;false;28-03-2025
JT5363213745725;true;false;28-03-2025
JT5362809659769;true;false;28-03-2025
777293712236686;true;false;28-03-2025
777293891519575;true;false;28-03-2025
777293487173744;true;false;28-03-2025
9806100476043;true;false;28-03-2025
JT5362738913800;true;false;28-03-2025
777293702472581;true;false;28-03-2025
YT8748897006633;true;false;28-03-2025
JT5363259800680;true;false;28-03-2025
YT8748903466051;true;false;28-03-2025
YT8748919976050;true;false;28-03-2025
YT8747834799593;true;false;28-03-2025
777293678508340;true;false;28-03-2025
777293662429605;true;false;28-03-2025
777293722386255;true;false;28-03-2025
YT8748980592849;true;false;28-03-2025
YT8748874489363;true;false;28-03-2025
YT8748782139763;true;false;28-03-2025
773346365711499;true;false;28-03-2025
YT8748428130086;true;false;28-03-2025
YT8748958683623;true;false;28-03-2025
YT8748919976050;true;false;28-03-2025
YT8748467769472;true;false;28-03-2025
YT8748902313437;true;false;28-03-2025
464286595277247;true;false;29-03-2025
9806091089238;true;false;29-03-2025
9806102465830;true;false;29-03-2025
YT8748767333243;true;false;29-03-2025
9806101373263;true;false;29-03-2025
9806078264614;true;false;29-03-2025
9805987669671;true;false;29-03-2025
464285700431628;true;false;29-03-2025
9806104197969;true;false;29-03-2025
78493025326261;true;false;29-03-2025
78493254334592;true;false;29-03-2025
78493276051420;true;false;29-03-2025
9806099949464;true;false;29-03-2025
9806096282355;true;false;29-03-2025
YT8748825396799;true;false;29-03-2025
9806100962365;true;false;29-03-2025
78493020166405;true;false;29-03-2025
464285347707651;true;false;29-03-2025
78493040890211;true;false;29-03-2025
464285323289896;true;false;29-03-2025
9806051810835;true;false;29-03-2025
9806100449222;true;false;29-03-2025
464283086600584;true;false;29-03-2025
78493069639817;true;false;29-03-2025
9806096828625;true;false;29-03-2025
9806101775050;true;false;29-03-2025
9806074158737;true;false;29-03-2025
9806096689297;true;false;29-03-2025
9806101747076;true;false;29-03-2025
YT8748831905051;true;false;29-03-2025
9806097789614;true;false;29-03-2025
9806099508348;true;false;29-03-2025
9806092650105;true;false;29-03-2025
YT8748763639996;true;false;29-03-2025
9806098187482;true;false;29-03-2025
464282820822943;true;false;29-03-2025
78493164709670;true;false;29-03-2025
9805987246802;true;false;29-03-2025
9806098428395;true;false;29-03-2025
9806092394864;true;false;29-03-2025
YT8749546870670;true;false;29-03-2025
YT8748874472824;true;false;29-03-2025
YT8748742715499;true;false;29-03-2025
464287366525228;true;false;29-03-2025
YT8748844323303;true;false;29-03-2025
YT8749532536809;true;false;29-03-2025
9806074359018;true;false;29-03-2025
YT8748867100141;true;false;29-03-2025
78493185868497;true;false;29-03-2025
464275112061528;true;false;29-03-2025
YT8748945181804;true;false;29-03-2025
9806105302632;true;false;29-03-2025
9806094166506;true;false;29-03-2025
YT8748936487737;true;false;29-03-2025
464281883238885;true;false;29-03-2025
YT8748955423235;true;false;29-03-2025
YT8748434813092;true;false;29-03-2025
YT8748756684440;true;false;29-03-2025
464282609179731;true;false;29-03-2025
JT5363216108569;true;false;29-03-2025
464285460044182;true;false;29-03-2025
464286722968036;true;false;29-03-2025
464282947846321;true;false;29-03-2025
78493080878265;true;false;29-03-2025
464285139835438;true;false;29-03-2025
YT8749439015285;true;false;29-03-2025
YT8748792202684;true;false;29-03-2025
78493074368669;true;false;29-03-2025
78493023908865;true;false;29-03-2025
464282981338480;true;false;29-03-2025
464285763178825;true;false;29-03-2025
464287887601350;true;false;29-03-2025
464285662805759;true;false;29-03-2025
YT8749348177812;true;false;29-03-2025
YT8749465999799;true;false;29-03-2025
464285598656452;true;false;29-03-2025
YT8749523900039;true;false;29-03-2025
YT8748938205199;true;false;29-03-2025
464286694160842;true;false;29-03-2025
464286191955462;true;false;29-03-2025
464287629576876;true;false;29-03-2025
464287754449048;true;false;29-03-2025
YT8748753950447;true;false;29-03-2025
78893000511277;true;false;29-03-2025
464281773197790;true;false;29-03-2025
78493466122025;true;false;29-03-2025
78493277472569;true;false;29-03-2025
78493130662785;true;false;29-03-2025
464282826626456;true;false;29-03-2025
464281808151412;true;false;29-03-2025
YT8748848867340;true;false;29-03-2025
464282727688719;true;false;29-03-2025
78493100653838;true;false;29-03-2025
464285406641882;true;false;29-03-2025
464287043570226;true;false;29-03-2025
78493101215874;true;false;29-03-2025
78493261989007;true;false;29-03-2025
YT8748835651233;true;false;29-03-2025
78892887224643;true;false;29-03-2025
464281830921686;true;false;29-03-2025
78493211113420;true;false;29-03-2025
78493447911079;true;false;29-03-2025
JT5363565491994;true;false;29-03-2025
464287803228654;true;false;29-03-2025
464282707095301;true;false;29-03-2025
JT5363096364954;true;false;29-03-2025
JT5363418299606;true;false;29-03-2025
JT5363199477262;true;false;29-03-2025
464281757460579;true;false;29-03-2025
JT5362742230206;true;false;29-03-2025
464286066589462;true;false;29-03-2025
464286948411794;true;false;29-03-2025
78493319590200;true;false;29-03-2025
78493030017571;true;false;29-03-2025
78493055416426;true;false;29-03-2025
JT5363067779497;true;false;29-03-2025
JT5363132711107;true;false;29-03-2025
464288357460809;true;false;29-03-2025
464282221391319;true;false;29-03-2025
464283353852417;true;false;29-03-2025
9806094990900;true;false;29-03-2025
JT5363183565452;true;false;29-03-2025
JT5363498392489;true;false;29-03-2025
JT5363677282344;true;false;29-03-2025
JT5363670074025;true;false;29-03-2025
JT5363312629252;true;false;29-03-2025
JT5363127106908;true;false;29-03-2025
JT5363533674607;true;false;29-03-2025
JT5363438801217;true;false;29-03-2025
JT5363349177332;true;false;29-03-2025
JT5363402104864;true;false;29-03-2025
JT5363424775089;true;false;29-03-2025
JT5363558056633;true;false;29-03-2025
JT5363330277094;true;false;29-03-2025
JT5363402946711;true;false;29-03-2025
JT5363160780443;true;false;29-03-2025
JT5363192093449;true;false;29-03-2025
JT5363453997894;true;false;29-03-2025
JT5363292550396;true;false;29-03-2025
JT5363418296845;true;false;29-03-2025
777294571437705;true;false;29-03-2025
JT5363315753131;true;false;29-03-2025
JT5363496031424;true;false;29-03-2025
JT5363096525697;true;false;29-03-2025
JT3113990918499;true;false;29-03-2025
777294572514942;true;false;29-03-2025
777294420109243;true;false;29-03-2025
9806104825070;true;false;29-03-2025
777293904986639;true;false;29-03-2025
9806073971701;true;false;29-03-2025
JT5362778479935;true;false;29-03-2025
9806046117755;true;false;29-03-2025
JT5363479777745;true;false;29-03-2025
777293914605660;true;false;29-03-2025
JT5363539252129;true;false;29-03-2025
JT5363092459313;true;false;29-03-2025
78493413173975;true;false;29-03-2025
78493429164410;true;false;29-03-2025
JT3113984599354;true;false;29-03-2025
78493406937536;true;false;29-03-2025
777293637926985;true;false;29-03-2025
78892989281206;true;false;29-03-2025
777294342726257;true;false;29-03-2025
777293875450192;true;false;29-03-2025
78493475970549;true;false;29-03-2025
777294478291613;true;false;29-03-2025
777293645095034;true;false;29-03-2025
78493299043424;true;false;29-03-2025
78493376961800;true;false;29-03-2025
9806091376262;true;false;29-03-2025
777293909650925;true;false;29-03-2025
777293851460023;true;false;29-03-2025
777294342735788;true;false;29-03-2025
777293849504991;true;false;29-03-2025
777293866343028;true;false;29-03-2025
777294579172549;true;false;29-03-2025
777293644633519;true;false;29-03-2025
777294467195919;true;false;29-03-2025
464282706464152;true;false;29-03-2025
DPK317033554726;true;false;29-03-2025
YT8748741267290;true;false;29-03-2025
YT7534800628581;true;false;29-03-2025
S20641662139;true;false;29-03-2025
464285091168892;true;false;29-03-2025
YT8748839132488;true;false;29-03-2025
YT8748858024652;true;false;29-03-2025
777294426064189;true;false;29-03-2025
777293242721661;true;false;29-03-2025
773346219890687;true;false;29-03-2025
YT8748527601324;true;false;29-03-2025
777293620956065;true;false;29-03-2025
777294376854262;true;false;29-03-2025
777293672959995;true;false;29-03-2025
777293796284917;true;false;29-03-2025
777294409773055;true;false;29-03-2025
777293803651098;true;false;29-03-2025
YT8748686367606;true;false;29-03-2025
78493159782906;true;false;29-03-2025
464286432662405;true;false;29-03-2025
JT5363316848971;true;false;29-03-2025
777294352827595;true;false;29-03-2025
777293779060351;true;false;29-03-2025
777293823898675;true;false;29-03-2025
78493461358701;true;false;29-03-2025
777293785609981;true;false;29-03-2025
78493406948378;true;false;29-03-2025
773346496511668;true;false;29-03-2025
777293862995959;true;false;29-03-2025
9806099815683;true;false;29-03-2025
9806098068209;true;false;29-03-2025
777294386083243;true;false;29-03-2025
YT8749540157757;true;false;29-03-2025
9806090938217;true;false;29-03-2025
9806014883985;true;false;29-03-2025
9806094262052;true;false;29-03-2025
9806091729346;true;false;29-03-2025
9806050849141;true;false;29-03-2025
777293805817533;true;false;29-03-2025
777293677105036;true;false;29-03-2025
777293673755336;true;false;29-03-2025
777293847717725;true;false;29-03-2025
9806084951809;true;false;29-03-2025
777293931840103;true;false;29-03-2025
777293644835289;true;false;29-03-2025
78493299300090;true;false;29-03-2025
YT8749474633947;true;false;29-03-2025
YT8749502081203;true;false;29-03-2025
YT8749601860592;true;false;29-03-2025
YT8748518797582;true;false;29-03-2025
YT7534667257298;true;false;29-03-2025
YT8748932462930;true;false;29-03-2025
YT8749382711719;true;false;29-03-2025
777294323587515;true;false;29-03-2025
777294402043170;true;false;29-03-2025
YT8749444776203;true;false;29-03-2025
777293658597328;true;false;29-03-2025
YT8749433985968;true;false;29-03-2025
YT8749543818277;true;false;29-03-2025
777293773379026;true;false;29-03-2025
777293922429483;true;false;29-03-2025
YT8747826511794;true;false;29-03-2025
YT8749545474989;true;false;29-03-2025
YT8749546371360;true;false;29-03-2025
777294278533627;true;false;29-03-2025
YT8748751489653;true;false;29-03-2025
777293629782296;true;false;29-03-2025
YT8749486439306;true;false;29-03-2025
777293807681217;true;false;29-03-2025
YT8748339429921;true;false;29-03-2025
JT5364027096886;true;false;30-03-2025
YT8749398686032;true;false;30-03-2025
777294429754946;true;false;30-03-2025
9806117631233;true;false;30-03-2025
9806041544158;true;false;30-03-2025
9806052945432;true;false;30-03-2025
9806051443956;true;false;30-03-2025
9806055778169;true;false;30-03-2025
9878481408278;true;false;30-03-2025
464286779752350;true;false;30-03-2025
464288141104865;true;false;30-03-2025
YT8749638414887;true;false;30-03-2025
8256812663012;true;false;30-03-2025
YT8749330964118;true;false;30-03-2025
464284720033299;true;false;30-03-2025
777294066447187;true;false;30-03-2025
9806040869405;true;false;30-03-2025
9806069114745;true;false;30-03-2025
464282669457475;true;false;30-03-2025
464283352987653;true;false;30-03-2025
9806105519240;true;false;30-03-2025
SF3166499526346;true;false;30-03-2025
464284829957901;true;false;30-03-2025
9806040761572;true;false;30-03-2025
9806049376404;true;false;30-03-2025
464284986472232;true;false;30-03-2025
464288074137105;true;false;30-03-2025
78493610182857;true;false;30-03-2025
464282838873106;true;false;30-03-2025
9806045947560;true;false;30-03-2025
78892904638019;true;false;30-03-2025
9806053671162;true;false;30-03-2025
464287071200625;true;false;30-03-2025
464282577386686;true;false;30-03-2025
464282552454940;true;false;30-03-2025
464282725211109;true;false;30-03-2025
9806043482863;true;false;30-03-2025
464282705501501;true;false;30-03-2025
464282706612020;true;false;30-03-2025
78493371878703;true;false;30-03-2025
464286961717447;true;false;30-03-2025
78493377090031;true;false;30-03-2025
464287104866381;true;false;30-03-2025
777294431464829;true;false;30-03-2025
SF0269739361229;true;false;30-03-2025
777293939055762;true;false;30-03-2025
464284838095752;true;false;30-03-2025
777294398801905;true;false;30-03-2025
78493412162039;true;false;30-03-2025
78493412142242;true;false;30-03-2025
78493316120120;true;false;30-03-2025
777294018690465;true;false;30-03-2025
78493386566035;true;false;30-03-2025
78493295012279;true;false;30-03-2025
78493243391344;true;false;30-03-2025
78493363609358;true;false;30-03-2025
78493295025292;true;false;30-03-2025
78493222288638;true;false;30-03-2025
SF3166092246183;true;false;30-03-2025
777294087333534;true;false;30-03-2025
DPK364718155404;true;false;30-03-2025
78493619463063;true;false;30-03-2025
78493333664447;true;false;30-03-2025
464283681915512;true;false;30-03-2025
78493640726123;true;false;30-03-2025
78493519038695;true;false;30-03-2025
78493633108547;true;false;30-03-2025
464283950343613;true;false;30-03-2025
78493582128149;true;false;30-03-2025
78493553119750;true;false;30-03-2025
464283646996190;true;false;30-03-2025
78493622308998;true;false;30-03-2025
78493682942849;true;false;30-03-2025
78493574151559;true;false;30-03-2025
78493324803918;true;false;30-03-2025
78493567684216;true;false;30-03-2025
777294579372041;true;false;30-03-2025
773346649259160;true;false;30-03-2025
777294560475042;true;false;30-03-2025
78493438207113;true;false;30-03-2025
777294060053943;true;false;30-03-2025
78493564950109;true;false;30-03-2025
777294432764339;true;false;30-03-2025
464283706425900;true;false;30-03-2025
434494651663514;true;false;30-03-2025
78492971556109;true;false;30-03-2025
777293926952795;true;false;30-03-2025
78493406943999;true;false;30-03-2025
78493647985074;true;false;30-03-2025
78493574006726;true;false;30-03-2025
78493490883175;true;false;30-03-2025
78493697580002;true;false;30-03-2025
YT8749360887447;true;false;30-03-2025
78493577328829;true;false;30-03-2025
YT8748980246155;true;false;30-03-2025
777294311140182;true;false;30-03-2025
464282456082562;true;false;30-03-2025
777294367633594;true;false;30-03-2025
YT8749429153292;true;false;30-03-2025
464282265271962;true;false;30-03-2025
777294288504185;true;false;30-03-2025
78892954384146;true;false;30-03-2025
YT8749081038942;true;false;30-03-2025
YT8749411938564;true;false;30-03-2025
78493477870853;true;false;30-03-2025
YT8749537084323;true;false;30-03-2025
777294379467339;true;false;30-03-2025
78493322358202;true;false;30-03-2025
464283039073194;true;false;30-03-2025
777293970359920;true;false;30-03-2025
JT5363692985408;true;false;30-03-2025
464283927808762;true;false;30-03-2025
464283199152191;true;false;30-03-2025
YT8749380364487;true;false;30-03-2025
777293899671056;true;false;30-03-2025
777294572295219;true;false;30-03-2025
777294453213640;true;false;30-03-2025
YT8748935073829;true;false;30-03-2025
YT8748637488051;true;false;30-03-2025
YT8749555357294;true;false;30-03-2025
YT8749148504766;true;false;30-03-2025
777294549830156;true;false;30-03-2025
YT8748808564302;true;false;30-03-2025
YT8749401536444;true;false;30-03-2025
777294514964007;true;false;30-03-2025
777294297299365;true;false;30-03-2025
777294572295001;true;false;30-03-2025
YT8749417106910;true;false;30-03-2025
773346528206322;true;false;30-03-2025
YT8749039653025;true;false;30-03-2025
YT8749534479638;true;false;30-03-2025
YT8748970158125;true;false;30-03-2025
YT8749507241657;true;false;30-03-2025
YT8749077096543;true;false;30-03-2025
78493352806677;true;false;30-03-2025
YT8749495256785;true;false;30-03-2025
YT7534830324970;true;false;30-03-2025
YT8749499684883;true;false;30-03-2025
YT7534814852730;true;false;30-03-2025
YT8749386220134;true;false;30-03-2025
YT8749565210514;true;false;30-03-2025
464283594486083;true;false;30-03-2025
464283489864404;true;false;30-03-2025
777294085926172;true;false;30-03-2025
464281774850167;true;false;30-03-2025
JT5363475153218;true;false;30-03-2025
JT5363409264129;true;false;30-03-2025
YT8749087153168;true;false;30-03-2025
464284215696881;true;false;30-03-2025
777294014345966;true;false;30-03-2025
464287117473250;true;false;30-03-2025
777293947188879;true;false;30-03-2025
777294383129905;true;false;30-03-2025
464282711929116;true;false;30-03-2025
464284916075678;true;false;30-03-2025
777293839115386;true;false;30-03-2025
777294507339136;true;false;30-03-2025
777294582664875;true;false;30-03-2025
777294052002417;true;false;30-03-2025
JT5363677569123;true;false;30-03-2025
JT5363719966649;true;false;30-03-2025
777294089572731;true;false;30-03-2025
777293967188777;true;false;30-03-2025
777294334983275;true;false;30-03-2025
JT5364064874207;true;false;30-03-2025
JT5363679697372;true;false;30-03-2025
YT8749127153619;true;false;30-03-2025
YT8749119385734;true;false;30-03-2025
464283434673741;true;false;30-03-2025
464284227920789;true;false;30-03-2025
78893249420936;true;false;30-03-2025
464284728393101;true;false;30-03-2025
JT5363771355333;true;false;30-03-2025
YT8749324984616;true;false;30-03-2025
JT5363553559580;true;false;30-03-2025
JT5363648302624;true;false;30-03-2025
JT5363742890725;true;false;30-03-2025
YT8749401105134;true;false;30-03-2025
JT5363864762546;true;false;30-03-2025
JT5363401277917;true;false;30-03-2025
JT5364037583766;true;false;30-03-2025
YT8749483482642;true;false;30-03-2025
JT5363784870350;true;false;30-03-2025
JT5363816488556;true;false;30-03-2025
JT5363791919611;true;false;30-03-2025
YT8749143901603;true;false;30-03-2025
YT8749105645134;true;false;30-03-2025
JT5363775137822;true;false;30-03-2025
JT5363739100694;true;false;30-03-2025
JT5363730276268;true;false;30-03-2025
JT5363689993788;true;false;30-03-2025
78493484289298;true;false;30-03-2025
78493523446114;true;false;30-03-2025
YT8749332547337;true;false;30-03-2025
YT8749079693449;true;false;30-03-2025
YT8749613149050;true;false;30-03-2025
JT5363399833713;true;false;30-03-2025
JT5363108859439;true;false;30-03-2025
JT5363659780526;true;false;30-03-2025
JT5363968956596;true;false;30-03-2025
JT5363968938721;true;false;30-03-2025
YT8749033086674;true;false;30-03-2025
JT5363382582921;true;false;30-03-2025
JT5363152115290;true;false;30-03-2025
JT5363993238058;true;false;30-03-2025
JT5363739713248;true;false;30-03-2025
JT5363722566576;true;false;30-03-2025
JT5363450452434;true;false;30-03-2025
JT5363535096812;true;false;30-03-2025
YT8749034569815;true;false;30-03-2025
JT5363712967012;true;false;30-03-2025
JT3114082027674;true;false;30-03-2025
JT5363092383222;true;false;30-03-2025
JT5363790712366;true;false;30-03-2025
JT5363775205679;true;false;30-03-2025
JT5363688873612;true;false;30-03-2025
YT8749073286151;true;false;30-03-2025
YT8749603913171;true;false;30-03-2025
YT8749062866951;true;false;30-03-2025
YT8749094233547;true;false;30-03-2025
JT5363453829536;true;false;30-03-2025
9806064610793;true;false;30-03-2025
YT8749060135370;true;false;30-03-2025
YT8749491727524;true;false;30-03-2025
78493518012184;true;false;30-03-2025
9806047156310;true;false;30-03-2025
JDVE13564228834;true;false;30-03-2025
777294395623072;true;false;31-03-2025
78493310689908;true;false;31-03-2025
777294254503835;true;false;31-03-2025
434497000974006;true;false;31-03-2025
YT8750017446515;true;false;31-03-2025
78493625735256;true;false;31-03-2025
777293857022399;true;false;31-03-2025
777294455014149;true;false;31-03-2025
777294096173865;true;false;31-03-2025
777294537633074;true;false;31-03-2025
777294066607358;true;false;31-03-2025
464284968321059;true;false;31-03-2025
78493530636837;true;false;31-03-2025
464284912653066;true;false;31-03-2025
464284946169100;true;false;31-03-2025
777294067901066;true;false;31-03-2025
777293981194190;true;false;31-03-2025
777294171313145;true;false;31-03-2025
464290265377653;true;false;31-03-2025
464285028625694;true;false;31-03-2025
464283588562994;true;false;31-03-2025
9806059066615;true;false;31-03-2025
9806068230633;true;false;31-03-2025
777294554214473;true;false;31-03-2025
464285028625694;true;false;31-03-2025
464283573179948;true;false;31-03-2025
9806070136414;true;false;31-03-2025
777294528754990;true;false;31-03-2025
777294003718558;true;false;31-03-2025
464283945720515;true;false;31-03-2025
777294607208501;true;false;31-03-2025
464289732596130;true;false;31-03-2025
464291271727292;true;false;31-03-2025
464282815568346;true;false;31-03-2025
464290572893704;true;false;31-03-2025
464291167142912;true;false;31-03-2025
9806115572496;true;false;31-03-2025
464284307179560;true;false;31-03-2025
777293985309608;true;false;31-03-2025
8256293719212;true;false;31-03-2025
78493883994393;true;false;31-03-2025
YT7535256998491;true;false;31-03-2025
YT8748999786206;true;false;31-03-2025
9806064496623;true;false;31-03-2025
8254773099512;true;false;31-03-2025
78493537440056;true;false;31-03-2025
YT7535256998480;true;false;31-03-2025
JT5363764917799;true;false;31-03-2025
78493504543866;true;false;31-03-2025
464284485238440;true;false;31-03-2025
9806057124212;true;false;31-03-2025
JT5363855662415;true;false;31-03-2025
78493531752563;true;false;31-03-2025
9806045798986;true;false;31-03-2025
YT8750112069970;true;false;31-03-2025
YT8749650689441;true;false;31-03-2025
9806117104353;true;false;31-03-2025
78493524578261;true;false;31-03-2025
464284858168898;true;false;31-03-2025
9806119229783;true;false;31-03-2025
464283471408857;true;false;31-03-2025
78493507569354;true;false;31-03-2025
9806104168243;true;false;31-03-2025
9806069871553;true;false;31-03-2025
464282348187613;true;false;31-03-2025
9806115758879;true;false;31-03-2025
9806062777373;true;false;31-03-2025
9806060326904;true;false;31-03-2025
78493579363536;true;false;31-03-2025
464283733589557;true;false;31-03-2025
YT8749071517567;true;false;31-03-2025
464282333695164;true;false;31-03-2025
464283938415752;true;false;31-03-2025
YT8749255109443;true;false;31-03-2025
9806110542124;true;false;31-03-2025
78493679715801;true;false;31-03-2025
78493504179369;true;false;31-03-2025
YT8748995251740;true;false;31-03-2025
78493559692487;true;false;31-03-2025
YT8749104679730;true;false;31-03-2025
9806115995713;true;false;31-03-2025
9806073320177;true;false;31-03-2025
JT5363876607471;true;false;31-03-2025
78493356103102;true;false;31-03-2025
78493634912228;true;false;31-03-2025
464284521845829;true;false;31-03-2025
78493549493851;true;false;31-03-2025
YT8749212793320;true;false;31-03-2025
9806063345160;true;false;31-03-2025
JT5363852711648;true;false;31-03-2025
78493531843892;true;false;31-03-2025
JT5364055918387;true;false;31-03-2025
YT8749659384811;true;false;31-03-2025
JT5363834367486;true;false;31-03-2025
777293979956865;true;false;31-03-2025
9806069712821;true;false;31-03-2025
78493185493331;true;false;31-03-2025
JT5363820216562;true;false;31-03-2025
JT5364055106261;true;false;31-03-2025
YT8749029545044;true;false;31-03-2025
YT8749014634098;true;false;31-03-2025
JT5363796155072;true;false;31-03-2025
78493656687082;true;false;31-03-2025
JT5364024468325;true;false;31-03-2025
78493854133646;true;false;31-03-2025
JT5363805901619;true;false;31-03-2025
YT8749006326080;true;false;31-03-2025
777294080599882;true;false;31-03-2025
78493598415121;true;false;31-03-2025
YT8749054147192;true;false;31-03-2025
YT7534689839289;true;false;31-03-2025
78493676410113;true;false;31-03-2025
78893252167672;true;false;31-03-2025
YT8749623635530;true;false;31-03-2025
78493657358527;true;false;31-03-2025
JT5363571532803;true;false;31-03-2025
YT8749111042846;true;false;31-03-2025
YT8749288148273;true;false;31-03-2025
JT5363850556550;true;false;31-03-2025
JT5364055098869;true;false;31-03-2025
YT8749016505978;true;false;31-03-2025
YT8749645144025;true;false;31-03-2025
JT5364198746398;true;false;31-03-2025
YT8750050917636;true;false;31-03-2025
YT8749216097785;true;false;31-03-2025
YT8749033682515;true;false;31-03-2025
78493596142027;true;false;31-03-2025
YT8749317447146;true;false;31-03-2025
777294785498415;true;false;31-03-2025
78893136752543;true;false;31-03-2025
JT5363060982493;true;false;31-03-2025
YT8749197469085;true;false;31-03-2025
YT8749021410643;true;false;31-03-2025
JT5363505544702;true;false;31-03-2025
YT8749578556232;true;false;31-03-2025
464290912965287;true;false;31-03-2025
777294602903857;true;false;31-03-2025
JT5363905574288;true;false;31-03-2025
777294231075501;true;false;31-03-2025
JT5364135539490;true;false;31-03-2025
YT8749178516568;true;false;31-03-2025
YT8750052910349;true;false;31-03-2025
JT5363511912672;true;false;31-03-2025
JT5363505453469;true;false;31-03-2025
777294596743116;true;false;31-03-2025
464290263006575;true;false;31-03-2025
YT8749580206497;true;false;31-03-2025
78893374795636;true;false;31-03-2025
YT8749245717922;true;false;31-03-2025
JT5363379176976;true;false;31-03-2025
JT5363908234207;true;false;31-03-2025
777294213486868;true;false;31-03-2025
777294833977905;true;false;31-03-2025
464290961252208;true;false;31-03-2025
78493666916388;true;false;31-03-2025
78493575778402;true;false;31-03-2025
78493854154334;true;false;31-03-2025
777294249984536;true;false;31-03-2025
YT8749580195661;true;false;31-03-2025
JT5364061558066;true;false;31-03-2025
78493944066332;true;false;31-03-2025
JT5363838642101;true;false;31-03-2025
JT5363521669214;true;false;31-03-2025
78893401680049;true;false;31-03-2025
78493904679997;true;false;31-03-2025
JT5363838686767;true;false;31-03-2025
9806118378072;true;false;31-03-2025
464290331360657;true;false;31-03-2025
777294221807208;true;false;31-03-2025
78893434885214;true;false;31-03-2025
777294235179842;true;false;31-03-2025
YT8749164366306;true;false;31-03-2025
YT7535102252135;true;false;31-03-2025
YT8749245728274;true;false;31-03-2025
YT8749095624968;true;false;31-03-2025
YT8749105273656;true;false;31-03-2025
777294116670367;true;false;31-03-2025
YT8749645952198;true;false;31-03-2025
YT8750060880306;true;false;31-03-2025
777294202561078;true;false;31-03-2025
777294267904925;true;false;31-03-2025
777294544042800;true;false;31-03-2025
JT5363521211827;true;false;31-03-2025
JT5363865690725;true;false;31-03-2025
YT8749584568706;true;false;31-03-2025
777294031162970;true;false;31-03-2025
YT7535256998479;true;false;31-03-2025
JT5363801751064;true;false;31-03-2025
9806059773069;true;false;31-03-2025
9806137355251;true;false;31-03-2025
YT8749652364708;true;false;31-03-2025
JT5363930289623;true;false;31-03-2025
JT5363820917938;true;false;31-03-2025
777294834962648;true;false;31-03-2025
777294239845786;true;false;31-03-2025
777294836058006;true;false;31-03-2025
464290330288253;true;false;31-03-2025
78893504812439;true;false;31-03-2025
YT8749241154026;true;false;31-03-2025
9806132261250;true;false;31-03-2025
9806059175127;true;false;31-03-2025
78493870353243;true;false;31-03-2025
464290730582236;true;false;31-03-2025
JT5363848747936;true;false;31-03-2025
JT5363917696012;true;false;31-03-2025
464291255956438;true;false;31-03-2025
464290045400977;true;false;31-03-2025
460391040324104;true;false;31-03-2025
464290172659738;true;false;31-03-2025
9806132880761;true;false;31-03-2025
9806139787496;true;false;31-03-2025
JT5363702328187;true;false;31-03-2025
9806117419761;true;false;31-03-2025
9806064695336;true;false;31-03-2025
78493801282246;true;false;01-04-2025
777294910497354;true;false;01-04-2025
78893667906883;true;false;01-04-2025
777294780228376;true;false;01-04-2025
777294004062235;true;false;01-04-2025
464294162679622;true;false;01-04-2025
78493841807035;true;false;01-04-2025
9806113642575;true;false;01-04-2025
464290013586589;true;false;01-04-2025
78493758252143;true;false;01-04-2025
464295050820085;true;false;01-04-2025
9806112301924;true;false;01-04-2025
78493777487785;true;false;01-04-2025
9806111394759;true;false;01-04-2025
9806126776464;true;false;01-04-2025
9806070854786;true;false;01-04-2025
9806133886902;true;false;01-04-2025
9806132459167;true;false;01-04-2025
9806131189704;true;false;01-04-2025
9806154981457;true;false;01-04-2025
9806111913195;true;false;01-04-2025
9806148315903;true;false;01-04-2025
9806127823439;true;false;01-04-2025
9806137293246;true;false;01-04-2025
78493524696892;true;false;01-04-2025
9806107681516;true;false;01-04-2025
78493847748946;true;false;01-04-2025
78493724700008;true;false;01-04-2025
464289842092961;true;false;01-04-2025
777293479140107;true;false;01-04-2025
YT8749694748364;true;false;01-04-2025
9806070348306;true;false;01-04-2025
464289780959738;true;false;01-04-2025
78493874488422;true;false;01-04-2025
78493935211105;true;false;01-04-2025
78493770084384;true;false;01-04-2025
777294759629414;true;false;01-04-2025
JT0015870528266;true;false;01-04-2025
78493758306406;true;false;01-04-2025
78493754961762;true;false;01-04-2025
777293960618279;true;false;01-04-2025
777294706086148;true;false;01-04-2025
78494136489109;true;false;01-04-2025
78493706720914;true;false;01-04-2025
777294086617811;true;false;01-04-2025
777294758177328;true;false;01-04-2025
773346886179661;true;false;01-04-2025
SF3167008486144;true;false;01-04-2025
464290486804308;true;false;01-04-2025
464291586282706;true;false;01-04-2025
464294977570884;true;false;01-04-2025
777294149145538;true;false;01-04-2025
78493813711006;true;false;01-04-2025
464290548121476;true;false;01-04-2025
464291543583759;true;false;01-04-2025
464289480307669;true;false;01-04-2025
464284782037243;true;false;01-04-2025
464283155576739;true;false;01-04-2025
464294368013408;true;false;01-04-2025
464289961884782;true;false;01-04-2025
464289110452816;true;false;01-04-2025
464289565184385;true;false;01-04-2025
464291381219329;true;false;01-04-2025
464289465446145;true;false;01-04-2025
464294149819411;true;false;01-04-2025
777294817934121;true;false;01-04-2025
777294140063757;true;false;01-04-2025
777294137371687;true;false;01-04-2025
464289511942275;true;false;01-04-2025
464289494879933;true;false;01-04-2025
777294157369834;true;false;01-04-2025
YT3440368335521;true;false;01-04-2025
777294042311625;true;false;01-04-2025
YT8750261576776;true;false;01-04-2025
777293946729968;true;false;01-04-2025
777294201748532;true;false;01-04-2025
YT8750020030903;true;false;01-04-2025
78893764652963;true;false;01-04-2025
777294829200346;true;false;01-04-2025
777294114056927;true;false;01-04-2025
YT8750204941395;true;false;01-04-2025
YT8749216366302;true;false;01-04-2025
YT8750078262655;true;false;01-04-2025
777293958194492;true;false;01-04-2025
YT8749591060156;true;false;01-04-2025
YT8749215696987;true;false;01-04-2025
YT8749299061169;true;false;01-04-2025
78493988293600;true;false;01-04-2025
78493872311758;true;false;01-04-2025
777294131086779;true;false;01-04-2025
YT8749182217127;true;false;01-04-2025
YT8750159020280;true;false;01-04-2025
YT8749116712061;true;false;01-04-2025
78493778148133;true;false;01-04-2025
JT5364310913977;true;false;01-04-2025
8261485693912;true;false;01-04-2025
78493754962452;true;false;01-04-2025
YT8750052952017;true;false;01-04-2025
78494127186886;true;false;01-04-2025
YT8749300490403;true;false;01-04-2025
78893796253047;true;false;01-04-2025
YT8750207298225;true;false;01-04-2025
YT8750257624441;true;false;01-04-2025
YT8749658681560;true;false;01-04-2025
464294447728865;true;false;01-04-2025
464288419616261;true;false;01-04-2025
464294238980950;true;false;01-04-2025
9806115279450;true;false;01-04-2025
464294693304088;true;false;01-04-2025
464294500334428;true;false;01-04-2025
464293938946344;true;false;01-04-2025
JT5363501718335;true;false;01-04-2025
JT5364779659847;true;false;01-04-2025
JT5364088115133;true;false;01-04-2025
JT5364197227967;true;false;01-04-2025
YT8750286969577;true;false;01-04-2025
464294669381933;true;false;01-04-2025
464288851061213;true;false;01-04-2025
JT5364169937479;true;false;01-04-2025
464290024732889;true;false;01-04-2025
JT5363971849260;true;false;01-04-2025
JT5364362190097;true;false;01-04-2025
464293634232446;true;false;01-04-2025
JT5363479242862;true;false;01-04-2025
JT5364109598285;true;false;01-04-2025
JT5364180105343;true;false;01-04-2025
JT5364742182035;true;false;01-04-2025
JT5364855614181;true;false;01-04-2025
777294878631032;true;false;01-04-2025
JT5364148143823;true;false;01-04-2025
JT5364807097570;true;false;01-04-2025
464295013842795;true;false;01-04-2025
JT5364145163586;true;false;01-04-2025
JT5364141833764;true;false;01-04-2025
JT5364128227521;true;false;01-04-2025
JT5364186283956;true;false;01-04-2025
464290235268320;true;false;01-04-2025
JT5363899267558;true;false;01-04-2025
JT5364194145802;true;false;01-04-2025
JT5364011506645;true;false;01-04-2025
JT5363931043273;true;false;01-04-2025
JT5364194744063;true;false;01-04-2025
JT5363950198748;true;false;01-04-2025
JT5364119699201;true;false;01-04-2025
JT5364396883739;true;false;01-04-2025
YT8750166274498;true;false;01-04-2025
777294878628658;true;false;01-04-2025
JT5364837755282;true;false;01-04-2025
JT5364823440659;true;false;01-04-2025
JT5364339189470;true;false;01-04-2025
JT5363963080420;true;false;01-04-2025
JT5364815892234;true;false;01-04-2025
JT5364869336442;true;false;01-04-2025
JT5364088272961;true;false;01-04-2025
777294907641217;true;false;01-04-2025
777294661953260;true;false;01-04-2025
YT8749215483385;true;false;01-04-2025
777294865263522;true;false;01-04-2025
773347046338695;true;false;01-04-2025
JT5364743733015;true;false;01-04-2025
JT5364384325154;true;false;01-04-2025
JT5364158310145;true;false;01-04-2025
JT5364870616880;true;false;01-04-2025
JT5363913299855;true;false;01-04-2025
777294173374762;true;false;01-04-2025
YT8749241074267;true;false;01-04-2025
777294764043913;true;false;01-04-2025
773347024405409;true;false;01-04-2025
YT8750300855310;true;false;01-04-2025
YT8749321559242;true;false;01-04-2025
777294628140585;true;false;01-04-2025
YT8749682383629;true;false;01-04-2025
YT8750287148223;true;false;01-04-2025
YT8750243460312;true;false;01-04-2025
YT8750276128898;true;false;01-04-2025
YT8750320951818;true;false;01-04-2025
9806173939139;true;false;01-04-2025
78493894569797;true;false;01-04-2025
773347024405415;true;false;01-04-2025
777294788522309;true;false;01-04-2025
777294691099775;true;false;01-04-2025
777294669856044;true;false;01-04-2025
777294900274204;true;false;01-04-2025
YT8750219577886;true;false;01-04-2025
777293998021413;true;false;01-04-2025
777294768628777;true;false;01-04-2025
777294182269060;true;false;01-04-2025
777294155316561;true;false;01-04-2025
9806147515766;true;false;01-04-2025
YT8749688202069;true;false;01-04-2025
777294650797331;true;false;01-04-2025
YT8750256787213;true;false;01-04-2025
777294755574477;true;false;01-04-2025
YT8750224557156;true;false;01-04-2025
773346963355186;true;false;01-04-2025
YT8750199302377;true;false;01-04-2025
YT8750247737012;true;false;01-04-2025
YT8750273963038;true;false;01-04-2025
9806147104380;true;false;01-04-2025
9806134639526;true;false;01-04-2025
9806167758039;true;false;01-04-2025
9806069169030;true;false;01-04-2025
9806108502038;true;false;01-04-2025
YT8750098996392;true;false;01-04-2025
YT8750198534670;true;false;01-04-2025
YT8750190735237;true;false;02-04-2025
78494145027066;true;false;02-04-2025
YT8750188113342;true;false;02-04-2025
464293558957944;true;false;02-04-2025
464288832329449;true;false;02-04-2025
777294665493871;true;false;02-04-2025
78494023390489;true;false;02-04-2025
464294981078367;true;false;02-04-2025
464294752459378;true;false;02-04-2025
464294819549792;true;false;02-04-2025
9806143927924;true;false;02-04-2025
777294884456490;true;false;02-04-2025
777294751805988;true;false;02-04-2025
9806146686461;true;false;02-04-2025
YT8749897412080;true;false;02-04-2025
464293183601435;true;false;02-04-2025
464289161431980;true;false;02-04-2025
9806156563662;true;false;02-04-2025
464294790123958;true;false;02-04-2025
464288426292039;true;false;02-04-2025
9806156080247;true;false;02-04-2025
464294528067211;true;false;02-04-2025
78494081217726;true;false;02-04-2025
78494012637858;true;false;02-04-2025
464288508560482;true;false;02-04-2025
464289034707933;true;false;02-04-2025
9806129449399;true;false;02-04-2025
9806143987225;true;false;02-04-2025
464293994741830;true;false;02-04-2025
464292334670125;true;false;02-04-2025
9806143820913;true;false;02-04-2025
777294907234491;true;false;02-04-2025
464289011075085;true;false;02-04-2025
464293327461180;true;false;02-04-2025
464291613018524;true;false;02-04-2025
464293458474547;true;false;02-04-2025
464288883356128;true;false;02-04-2025
9806168554908;true;false;02-04-2025
9806144149711;true;false;02-04-2025
9806146721327;true;false;02-04-2025
YT8750331264488;true;false;02-04-2025
78889494049886;true;false;02-04-2025
YT8749302778147;true;false;02-04-2025
78493982820628;true;false;02-04-2025
78494044639576;true;false;02-04-2025
78493912437338;true;false;02-04-2025
9806162568518;true;false;02-04-2025
9806142404592;true;false;02-04-2025
78494021088612;true;false;02-04-2025
78493899760741;true;false;02-04-2025
78494077738437;true;false;02-04-2025
9806154516325;true;false;02-04-2025
9806149122539;true;false;02-04-2025
9806156214954;true;false;02-04-2025
78494053532612;true;false;02-04-2025
777294624920528;true;false;02-04-2025
YT8750202668733;true;false;02-04-2025
78494094527902;true;false;02-04-2025
9806142369013;true;false;02-04-2025
777294929892641;true;false;02-04-2025
78494033413546;true;false;02-04-2025
78493895467142;true;false;02-04-2025
9806134182364;true;false;02-04-2025
9806156645311;true;false;02-04-2025
78494060177962;true;false;02-04-2025
9806149413067;true;false;02-04-2025
78494033984076;true;false;02-04-2025
78494011840800;true;false;02-04-2025
YT8749872719254;true;false;02-04-2025
78494065125110;true;false;02-04-2025
78494076408428;true;false;02-04-2025
YT8750195927022;true;false;02-04-2025
777295180974538;true;false;02-04-2025
YT8750173802697;true;false;02-04-2025
78893746935121;true;false;02-04-2025
YT8750196643413;true;false;02-04-2025
9806155289585;true;false;02-04-2025
YT8749222898839;true;false;02-04-2025
777294142616442;true;false;02-04-2025
78494243983489;true;false;02-04-2025
777294863635192;true;false;02-04-2025
YT8750210052153;true;false;02-04-2025
777294644477557;true;false;02-04-2025
78494060894788;true;false;02-04-2025
78494335222015;true;false;02-04-2025
SF3162824046297;true;false;02-04-2025
YT8750092091600;true;false;02-04-2025
78494163248821;true;false;02-04-2025
YT8750246234480;true;false;02-04-2025
73548814376604;true;false;02-04-2025
YT8750086594661;true;false;02-04-2025
YT8750255550715;true;false;02-04-2025
YT8749872740416;true;false;02-04-2025
YT8749669340094;true;false;02-04-2025
78494268054341;true;false;02-04-2025
JT5364379164942;true;false;02-04-2025
JT5365016034065;true;false;02-04-2025
JT5365034837026;true;false;02-04-2025
464289096922180;true;false;02-04-2025
78494152382196;true;false;02-04-2025
78494235624778;true;false;02-04-2025
YT8749148340009;true;false;02-04-2025
YT8749761910999;true;false;02-04-2025
YT8749892477554;true;false;02-04-2025
YT8750183911514;true;false;02-04-2025
JT5364376970270;true;false;02-04-2025
JT5364376970305;true;false;02-04-2025
464301533967697;true;false;02-04-2025
464291907500625;true;false;02-04-2025
777295202772304;true;false;02-04-2025
JT5365014983035;true;false;02-04-2025
JT5364864126569;true;false;02-04-2025
78494420085632;true;false;02-04-2025
777295139735229;true;false;02-04-2025
773347141785314;true;false;02-04-2025
78493995448626;true;false;02-04-2025
78493992328866;true;false;02-04-2025
78493992327880;true;false;02-04-2025
78493992304260;true;false;02-04-2025
78493992323616;true;false;02-04-2025
JT5364376959246;true;false;02-04-2025
9806211736892;true;false;02-04-2025
78493992359956;true;false;02-04-2025
78493992348660;true;false;02-04-2025
78493992319906;true;false;02-04-2025
78493832428336;true;false;02-04-2025
YT8749872713931;true;false;02-04-2025
YT8750174005217;true;false;02-04-2025
YT8749694754774;true;false;02-04-2025
78494033792177;true;false;02-04-2025
78494024220484;true;false;02-04-2025
JT5364395865936;true;false;02-04-2025
JT5364925096365;true;false;02-04-2025
JT5364407067345;true;false;02-04-2025
78494401203035;true;false;02-04-2025
JT5364761316707;true;false;02-04-2025
777295190569823;true;false;02-04-2025
JT5364250849256;true;false;02-04-2025
78494081052102;true;false;02-04-2025
JT5364241627274;true;false;02-04-2025
JT5365067546441;true;false;02-04-2025
777294922636840;true;false;02-04-2025
464301481653851;true;false;02-04-2025
JT5364791571829;true;false;02-04-2025
JT5364342389867;true;false;02-04-2025
JT5364425394571;true;false;02-04-2025
9806141891719;true;false;02-04-2025
JT5364330402656;true;false;02-04-2025
78494214504910;true;false;02-04-2025
9806155307614;true;false;02-04-2025
9806168173143;true;false;02-04-2025
78494013815466;true;false;02-04-2025
78494344899562;true;false;02-04-2025
JT5364762897536;true;false;02-04-2025
464292012364102;true;false;02-04-2025
JT5364828387248;true;false;02-04-2025
JT5364345632545;true;false;02-04-2025
JT5364813433759;true;false;02-04-2025
464294575166413;true;false;02-04-2025
JT5364255857259;true;false;02-04-2025
JT5364353084044;true;false;02-04-2025
JT5364887714142;true;false;02-04-2025
JT5364343994445;true;false;02-04-2025
464292391840462;true;false;02-04-2025
777294728764307;true;false;02-04-2025
JT5365050407179;true;false;02-04-2025
YT8749924845212;true;false;02-04-2025
JT5364285006799;true;false;02-04-2025
464292497211924;true;false;02-04-2025
78493970903432;true;false;02-04-2025
777295006710934;true;false;02-04-2025
777295266524691;true;false;02-04-2025
78494108712946;true;false;02-04-2025
JT5364269245912;true;false;02-04-2025
JT5364808567153;true;false;02-04-2025
78494336018807;true;false;02-04-2025
78493994108659;true;false;02-04-2025
JT5364413701702;true;false;02-04-2025
YT8749880768200;true;false;02-04-2025
777294863205268;true;false;02-04-2025
464294965189803;true;false;02-04-2025
777294672064453;true;false;02-04-2025
78494258693153;true;false;02-04-2025
JT5364320342220;true;false;02-04-2025
777294816974738;true;false;02-04-2025
777294988137401;true;false;02-04-2025
78494302121310;true;false;02-04-2025
464294040339028;true;false;02-04-2025
78494339704307;true;false;02-04-2025
YT8749815143348;true;false;02-04-2025
YT8749771941778;true;false;02-04-2025
JT5364350473275;true;false;02-04-2025
464301785408012;true;false;02-04-2025
464284811608042;true;false;02-04-2025
JT5364275322676;true;false;02-04-2025
464294208048487;true;false;02-04-2025
464292496865829;true;false;02-04-2025
464289870232504;true;false;02-04-2025
464292781848732;true;false;02-04-2025
464292281163197;true;false;02-04-2025
777294959451931;true;false;02-04-2025
777295018500055;true;false;02-04-2025
777295200389214;true;false;02-04-2025
464291956434433;true;false;02-04-2025
YT8749740284927;true;false;02-04-2025
YT8749793744797;true;false;02-04-2025
YT8749908760847;true;false;02-04-2025
777295201454279;true;false;02-04-2025
YT8749929289882;true;false;02-04-2025
YT8749934575110;true;false;02-04-2025
73548496272892;true;false;02-04-2025
JT5364532846976;true;false;03-04-2025
78894013864077;true;false;03-04-2025
YT8750831838855;true;false;03-04-2025
YT8749932988392;true;false;03-04-2025
YT8749932988392;true;false;03-04-2025
YT8750869635046;true;false;03-04-2025
JT5364721005391;true;false;03-04-2025
78494379417040;true;false;03-04-2025
9806162986152;true;false;03-04-2025
78494244443729;true;false;03-04-2025
YT8749877609536;true;false;03-04-2025
78494134678212;true;false;03-04-2025
777294803991431;true;false;03-04-2025
9806222058433;true;false;03-04-2025
JT5364609874000;true;false;03-04-2025
9806148624652;true;false;03-04-2025
9806218948863;true;false;03-04-2025
9806165595293;true;false;03-04-2025
78494163995088;true;false;03-04-2025
YT8749761048098;true;false;03-04-2025
78494365949386;true;false;03-04-2025
YT8750278015723;true;false;03-04-2025
777295275143701;true;false;03-04-2025
78494381419702;true;false;03-04-2025
777295102946618;true;false;03-04-2025
464292161720818;true;false;03-04-2025
9806152434843;true;false;03-04-2025
9806222250762;true;false;03-04-2025
9806158776712;true;false;03-04-2025
9806217307218;true;false;03-04-2025
9806220953153;true;false;03-04-2025
9806159066281;true;false;03-04-2025
9806171727595;true;false;03-04-2025
464301102689654;true;false;03-04-2025
9806132135521;true;false;03-04-2025
9806172186573;true;false;03-04-2025
9806216939778;true;false;03-04-2025
464292113662034;true;false;03-04-2025
9806163948580;true;false;03-04-2025
464293347387111;true;false;03-04-2025
78494417778407;true;false;03-04-2025
464301107755291;true;false;03-04-2025
9806163650865;true;false;03-04-2025
YT8750810680592;true;false;03-04-2025
777295095811253;true;false;03-04-2025
464293382777896;true;false;03-04-2025
9806218496748;true;false;03-04-2025
9806211240064;true;false;03-04-2025
464301828748897;true;false;03-04-2025
464292123801850;true;false;03-04-2025
9806171492532;true;false;03-04-2025
464301718361452;true;false;03-04-2025
464301635285099;true;false;03-04-2025
9806224181239;true;false;03-04-2025
9806163490803;true;false;03-04-2025
YT8749768440082;true;false;03-04-2025
78494395426356;true;false;03-04-2025
YT7535682671261;true;false;03-04-2025
78493991481501;true;false;03-04-2025
464292369095021;true;false;03-04-2025
777294717562486;true;false;03-04-2025
YT8750787489334;true;false;03-04-2025
YT8749675974050;true;false;03-04-2025
777295130695296;true;false;03-04-2025
773347124900343;true;false;03-04-2025
YT8749718173958;true;false;03-04-2025
JT5365060742679;true;false;03-04-2025
777294699030586;true;false;03-04-2025
YT8749200659678;true;false;03-04-2025
777295125277587;true;false;03-04-2025
464299650324521;true;false;03-04-2025
777294718689309;true;false;03-04-2025
777294618744125;true;false;03-04-2025
777295157021971;true;false;03-04-2025
YT8749851319927;true;false;03-04-2025
78494307769466;true;false;03-04-2025
78494580988245;true;false;03-04-2025
JT5365012836483;true;false;03-04-2025
YT8749878880909;true;false;03-04-2025
777098181631001;true;false;03-04-2025
JT5364681478159;true;false;03-04-2025
777295172892525;true;false;03-04-2025
777295214255924;true;false;03-04-2025
YT8749686925034;true;false;03-04-2025
YT8749767692585;true;false;03-04-2025
YT8749933369402;true;false;03-04-2025
YT8750741759251;true;false;03-04-2025
464288698538063;true;false;03-04-2025
777295558255210;true;false;03-04-2025
777295589573156;true;false;03-04-2025
777294991139235;true;false;03-04-2025
YT8749881732095;true;false;03-04-2025
78494245870103;true;false;03-04-2025
777294323120002;true;false;03-04-2025
464299258263323;true;false;03-04-2025
78494229489475;true;false;03-04-2025
JT5365064957143;true;false;03-04-2025
464300073123247;true;false;03-04-2025
777295022755429;true;false;03-04-2025
78494550987521;true;false;03-04-2025
777295580878565;true;false;03-04-2025
YT8749793945774;true;false;03-04-2025
777295589649231;true;false;03-04-2025
777295037783237;true;false;03-04-2025
78494593877065;true;false;03-04-2025
78494551405500;true;false;03-04-2025
YT8749714659597;true;false;03-04-2025
JT5364459400545;true;false;03-04-2025
78494318319808;true;false;03-04-2025
DPK317032391089;true;false;03-04-2025
YT8750136604089;true;false;03-04-2025
YT8750126409276;true;false;03-04-2025
YT8749726174385;true;false;03-04-2025
YT8749730374416;true;false;03-04-2025
YT8750142667618;true;false;03-04-2025
78494168381339;true;false;03-04-2025
78494481043447;true;false;03-04-2025
JT5364480838281;true;false;03-04-2025
JT5364626203297;true;false;03-04-2025
78494253671157;true;false;03-04-2025
78494219414279;true;false;03-04-2025
JT5364874165194;true;false;03-04-2025
JT5364679008465;true;false;03-04-2025
78494488079010;true;false;03-04-2025
YT2547678354547;true;false;03-04-2025
78494523561912;true;false;03-04-2025
JT5364667270528;true;false;03-04-2025
JT5364557593349;true;false;03-04-2025
JT5364509713431;true;false;03-04-2025
JT5364430219378;true;false;03-04-2025
JT5364971311887;true;false;03-04-2025
777295609763798;true;false;03-04-2025
JT5365001528403;true;false;03-04-2025
JT5364728676120;true;false;03-04-2025
JT3114670256431;true;false;03-04-2025
JT5364728599510;true;false;03-04-2025
JT5364442377899;true;false;03-04-2025
JT5364618136491;true;false;03-04-2025
JT5364973841425;true;false;03-04-2025
JT5364701933708;true;false;03-04-2025
JT5364650053789;true;false;03-04-2025
JT5364688680674;true;false;03-04-2025
JT5365026897670;true;false;03-04-2025
JT5364669890791;true;false;03-04-2025
YT8750771057486;true;false;03-04-2025
JT5364990970927;true;false;03-04-2025
JT5364954238714;true;false;03-04-2025
777295246621865;true;false;03-04-2025
777295590576264;true;false;03-04-2025
777294918022108;true;false;03-04-2025
777295531517836;true;false;03-04-2025
777295460737509;true;false;03-04-2025
777293549930400;true;false;03-04-2025
JT5364404439646;true;false;03-04-2025
777295091890493;true;false;03-04-2025
777295578034539;true;false;03-04-2025
JT5365048993085;true;false;03-04-2025
JT5364778716749;true;false;03-04-2025
464299651076398;true;false;03-04-2025
464292989530897;true;false;03-04-2025
464299247853198;true;false;03-04-2025
78494244748575;true;false;03-04-2025
777295252035223;true;false;03-04-2025
JT5364463605614;true;false;03-04-2025
JT5364672429070;true;false;03-04-2025
777295541660816;true;false;03-04-2025
777295461356112;true;false;03-04-2025
464300288054860;true;false;03-04-2025
JT5364720975458;true;false;03-04-2025
JT5364620046727;true;false;03-04-2025
JT5364979495341;true;false;03-04-2025
464292870824357;true;false;03-04-2025
464299048799192;true;false;03-04-2025
777294970169870;true;false;03-04-2025
464301301487805;true;false;03-04-2025
777295605619681;true;false;03-04-2025
777295464669480;true;false;03-04-2025
777295585487281;true;false;03-04-2025
777295052829896;true;false;03-04-2025
78494614380246;true;false;03-04-2025
JT5364624487959;true;false;03-04-2025
464299224427831;true;false;03-04-2025
JT5364975326513;true;false;03-04-2025
JT5365010212354;true;false;03-04-2025
777295552782807;true;false;03-04-2025
JT5364905449242;true;false;03-04-2025
JT5364987935764;true;false;03-04-2025
464300488991529;true;false;03-04-2025
YT8750672128555;true;false;03-04-2025
YT7535788038023;true;false;03-04-2025
YT8750781797990;true;false;03-04-2025
SF3161688896472;true;false;03-04-2025
YT8750136189434;true;false;03-04-2025
YT8749780353522;true;false;03-04-2025
YT8750725387315;true;false;03-04-2025
78494614377068;true;false;03-04-2025
YT8749806259933;true;false;03-04-2025
YT8749778727809;true;false;03-04-2025
YT8750712121731;true;false;03-04-2025
78494477354050;true;false;03-04-2025
YT8750747561083;true;false;03-04-2025
YT8750669895462;true;false;03-04-2025
JT5364962817349;true;false;03-04-2025
YT8750859570285;true;false;03-04-2025
YT8750774361276;true;false;03-04-2025
YT8749972903074;true;false;03-04-2025
464299274631015;true;false;03-04-2025
9806215856900;true;false;03-04-2025
YT8750810656861;true;false;03-04-2025
YT8749806263529;true;false;03-04-2025
YT8749745026397;true;false;03-04-2025
YT8750868627837;true;false;03-04-2025
78494334461761;true;false;03-04-2025
78494286353537;true;false;03-04-2025
9806170052134;true;false;03-04-2025
9806217366114;true;false;03-04-2025
9806235860386;true;false;03-04-2025
78494287282963;true;false;03-04-2025
YT8750672391434;true;false;03-04-2025
YT8750233834570;true;false;03-04-2025
YT8750301482685;true;false;03-04-2025
78494538873873;true;false;04-04-2025
9806217969975;true;false;04-04-2025
464301133310188;true;false;04-04-2025
464300650021267;true;false;04-04-2025
464300948925719;true;false;04-04-2025
78494451535616;true;false;04-04-2025
78494464346200;true;false;04-04-2025
78494448770056;true;false;04-04-2025
464297386613314;true;false;04-04-2025
78494212064960;true;false;04-04-2025
9806158202141;true;false;04-04-2025
YT8750676671545;true;false;04-04-2025
78494449904945;true;false;04-04-2025
434499555407052;true;false;04-04-2025
9806236340267;true;false;04-04-2025
YT8750831523234;true;false;04-04-2025
464292275661458;true;false;04-04-2025
464300971386241;true;false;04-04-2025
464301247275588;true;false;04-04-2025
464300059034608;true;false;04-04-2025
78494714642889;true;false;04-04-2025
9806220794779;true;false;04-04-2025
464301256363253;true;false;04-04-2025
78494567207404;true;false;04-04-2025
78494674088475;true;false;04-04-2025
9806228742766;true;false;04-04-2025
9806236184941;true;false;04-04-2025
464300387308204;true;false;04-04-2025
78494469550740;true;false;04-04-2025
78494792024147;true;false;04-04-2025
78894225279352;true;false;04-04-2025
9806233651172;true;false;04-04-2025
78494360238360;true;false;04-04-2025
9806202005134;true;false;04-04-2025
9806233194097;true;false;04-04-2025
9806157333913;true;false;04-04-2025
9806210874294;true;false;04-04-2025
9806228869745;true;false;04-04-2025
9806223244697;true;false;04-04-2025
464299358329602;true;false;04-04-2025
9806211770658;true;false;04-04-2025
9806235885929;true;false;04-04-2025
9806226417053;true;false;04-04-2025
464300949397123;true;false;04-04-2025
464300259721427;true;false;04-04-2025
464300539290950;true;false;04-04-2025
9806233992190;true;false;04-04-2025
464299918442107;true;false;04-04-2025
464293521698516;true;false;04-04-2025
9806239270783;true;false;04-04-2025
464300109183891;true;false;04-04-2025
9806236243763;true;false;04-04-2025
YT8749955810207;true;false;04-04-2025
9806233032002;true;false;04-04-2025
434502747295241;true;false;04-04-2025
YT8750791057862;true;false;04-04-2025
78494782690570;true;false;04-04-2025
78494726374608;true;false;04-04-2025
464299450269696;true;false;04-04-2025
464300772013867;true;false;04-04-2025
464300155841085;true;false;04-04-2025
464299697920500;true;false;04-04-2025
464300514372702;true;false;04-04-2025
YT8750203618665;true;false;04-04-2025
SF3152209164360;true;false;04-04-2025
YT8750839703081;true;false;04-04-2025
YT8749685878876;true;false;04-04-2025
YT8750968879149;true;false;04-04-2025
YT8750760387606;true;false;04-04-2025
YT8749992685219;true;false;04-04-2025
YT8750694454618;true;false;04-04-2025
YT8749992946815;true;false;04-04-2025
YT8749975979049;true;false;04-04-2025
YT8750719272814;true;false;04-04-2025
777295476412508;true;false;04-04-2025
YT8749979894555;true;false;04-04-2025
YT8749807757944;true;false;04-04-2025
YT8750744742753;true;false;04-04-2025
YT7535814708586;true;false;04-04-2025
YT8750391043834;true;false;04-04-2025
777295371875814;true;false;04-04-2025
777295307540072;true;false;04-04-2025
777295110472670;true;false;04-04-2025
YT8749913360973;true;false;04-04-2025
YT8750710795242;true;false;04-04-2025
YT8750734047442;true;false;04-04-2025
YT8750702138347;true;false;04-04-2025
777295432253335;true;false;04-04-2025
YT8749975047416;true;false;04-04-2025
YT8750682555077;true;false;04-04-2025
777294984429540;true;false;04-04-2025
YT8750744022406;true;false;04-04-2025
777295048039974;true;false;04-04-2025
777295388689467;true;false;04-04-2025
YT8750727563151;true;false;04-04-2025
777295480210425;true;false;04-04-2025
777294968812748;true;false;04-04-2025
YT7535852722762;true;false;04-04-2025
YT8750849498436;true;false;04-04-2025
YT8750408820069;true;false;04-04-2025
777295433035820;true;false;04-04-2025
777295294804397;true;false;04-04-2025
YT8750759398837;true;false;04-04-2025
78494773378539;true;false;04-04-2025
777295602633211;true;false;04-04-2025
777295046211357;true;false;04-04-2025
YT7535857044568;true;false;04-04-2025
78494460303925;true;false;04-04-2025
777295279298892;true;false;04-04-2025
78494606691256;true;false;04-04-2025
777295593165395;true;false;04-04-2025
777295078301531;true;false;04-04-2025
777295339443298;true;false;04-04-2025
78494883525029;true;false;04-04-2025
JT5364566050131;true;false;04-04-2025
777295346729289;true;false;04-04-2025
777295608205819;true;false;04-04-2025
464299716818265;true;false;04-04-2025
464299405607901;true;false;04-04-2025
9806232829519;true;false;04-04-2025
777295379784970;true;false;04-04-2025
YT8750432456065;true;false;04-04-2025
78894504175206;true;false;04-04-2025
777295086380205;true;false;04-04-2025
JT5364547057086;true;false;04-04-2025
777295032188702;true;false;04-04-2025
78494776957771;true;false;04-04-2025
JT5365563716497;true;false;04-04-2025
78494434779798;true;false;04-04-2025
464297437956155;true;false;04-04-2025
464297854246918;true;false;04-04-2025
464296866631679;true;false;04-04-2025
464299356534585;true;false;04-04-2025
464298405814378;true;false;04-04-2025
464282507559273;true;false;04-04-2025
464296955797512;true;false;04-04-2025
464297470634525;true;false;04-04-2025
464297923217195;true;false;04-04-2025
YT8750410270100;true;false;04-04-2025
YT8750410894797;true;false;04-04-2025
YT8750870201638;true;false;04-04-2025
464299358002339;true;false;04-04-2025
JT5364617398212;true;false;04-04-2025
JT3114605675495;true;false;04-04-2025
YT8750915590200;true;false;04-04-2025
YT8750772229840;true;false;04-04-2025
464297319798287;true;false;04-04-2025
464298519180627;true;false;04-04-2025
464297801551115;true;false;04-04-2025
464299651077589;true;false;04-04-2025
JT5364527600949;true;false;04-04-2025
JT5364626790692;true;false;04-04-2025
464297119825440;true;false;04-04-2025
JT5364589102196;true;false;04-04-2025
JT5364511953523;true;false;04-04-2025
777295334027555;true;false;04-04-2025
JT5364593724748;true;false;04-04-2025
JT5364541674578;true;false;04-04-2025
JT5364557125330;true;false;04-04-2025
JT5365639142924;true;false;04-04-2025
JT5364588348728;true;false;04-04-2025
JT5365503399456;true;false;04-04-2025
JT5364711590088;true;false;04-04-2025
JT5364927853384;true;false;04-04-2025
JT5364971714780;true;false;04-04-2025
JT5364486139708;true;false;04-04-2025
JT5365557642952;true;false;04-04-2025
JT5364605544926;true;false;04-04-2025
JT5364481999936;true;false;04-04-2025
JT5364656728531;true;false;04-04-2025
JT5365730466715;true;false;04-04-2025
JT5365502471919;true;false;04-04-2025
YT8750374259133;true;false;04-04-2025
YT8751002139528;true;false;04-04-2025
JT5365579709488;true;false;04-04-2025
JT5365560176027;true;false;04-04-2025
JT5365586472941;true;false;04-04-2025
464297888092063;true;false;04-04-2025
JT5365521661649;true;false;04-04-2025
JT5364526585210;true;false;04-04-2025
JT5365524597219;true;false;04-04-2025
JT3114757622517;true;false;04-04-2025
777295075804795;true;false;04-04-2025
JT5365502309853;true;false;04-04-2025
JT5364584271407;true;false;04-04-2025
JT5364563813608;true;false;04-04-2025
JT5364489061990;true;false;04-04-2025
777295393292432;true;false;04-04-2025
777295290456750;true;false;04-04-2025
JT5365637864540;true;false;04-04-2025
JT5365736847067;true;false;04-04-2025
777295444072113;true;false;04-04-2025
777295467026331;true;false;04-04-2025
777295090028534;true;false;04-04-2025
777295336052234;true;false;04-04-2025
777295092390585;true;false;04-04-2025
777295282132900;true;false;04-04-2025
777295391849765;true;false;04-04-2025
YT8749178364183;true;false;04-04-2025
YT8750451353600;true;false;04-04-2025
78494748241432;true;false;04-04-2025
78494886166606;true;false;04-04-2025
78494711582656;true;false;04-04-2025
78494363212013;true;false;04-04-2025
78893693595480;true;false;04-04-2025
78494657875031;true;false;04-04-2025
9806231667792;true;false;04-04-2025
YT8750728678704;true;false;04-04-2025
YT8750456180856;true;false;04-04-2025
777295408286081;true;false;04-04-2025
777295586937616;true;false;04-04-2025
777295413747018;true;false;04-04-2025
777295085031528;true;false;04-04-2025
777295444173803;true;false;04-04-2025
773347564605777;true;false;04-04-2025
777295529676672;true;false;04-04-2025
78494683360206;true;false;04-04-2025
9806231668361;true;false;04-04-2025
9806174129664;true;false;04-04-2025
777295565063240;true;false;04-04-2025
YT8750423429115;true;false;04-04-2025
9806188178850;true;false;04-04-2025
9806234215811;true;false;04-04-2025
YT8750397918222;true;false;04-04-2025
YT7536046693444;true;false;04-04-2025
YT7535857128381;true;false;04-04-2025
YT8750792150212;true;false;04-04-2025
9806181180102;true;false;05-04-2025
464300036505955;true;false;05-04-2025
9806177424813;true;false;05-04-2025
9806180008627;true;false;05-04-2025
9806212362237;true;false;05-04-2025
9806174338317;true;false;05-04-2025
9806184435327;true;false;05-04-2025
777295322712966;true;false;05-04-2025
9806181653377;true;false;05-04-2025
9806200967848;true;false;05-04-2025
777295876109993;true;false;05-04-2025
9806200690534;true;false;05-04-2025
9806181020613;true;false;05-04-2025
78494752842714;true;false;05-04-2025
9806182924519;true;false;05-04-2025
78494697191271;true;false;05-04-2025
777295848197680;true;false;05-04-2025
777295341021265;true;false;05-04-2025
777295286620667;true;false;05-04-2025
YT8750413273467;true;false;05-04-2025
9806183163775;true;false;05-04-2025
9806175943874;true;false;05-04-2025
78494624795713;true;false;05-04-2025
464295976711629;true;false;05-04-2025
777295800291995;true;false;05-04-2025
9806178402005;true;false;05-04-2025
464296252879854;true;false;05-04-2025
9806175773871;true;false;05-04-2025
78494670120991;true;false;05-04-2025
777295320969122;true;false;05-04-2025
9806187411344;true;false;05-04-2025
9806187277811;true;false;05-04-2025
78894326450709;true;false;05-04-2025
464298040664855;true;false;05-04-2025
9806175638985;true;false;05-04-2025
78494664283591;true;false;05-04-2025
78494732186102;true;false;05-04-2025
9806179959643;true;false;05-04-2025
464297437293577;true;false;05-04-2025
464298511311594;true;false;05-04-2025
777295854105071;true;false;05-04-2025
9806185934440;true;false;05-04-2025
464295631809241;true;false;05-04-2025
464296965565526;true;false;05-04-2025
773347451151794;true;false;05-04-2025
78494799981942;true;false;05-04-2025
464297634559210;true;false;05-04-2025
YT8750953354804;true;false;05-04-2025
777295290710805;true;false;05-04-2025
78494961914510;true;false;05-04-2025
464295660515732;true;false;05-04-2025
78494784053938;true;false;05-04-2025
464297437891777;true;false;05-04-2025
777295831987062;true;false;05-04-2025
777295442141125;true;false;05-04-2025
78494889289820;true;false;05-04-2025
78894349165371;true;false;05-04-2025
78494774570843;true;false;05-04-2025
464297398498015;true;false;05-04-2025
464298811385520;true;false;05-04-2025
464298232021611;true;false;05-04-2025
464296898277044;true;false;05-04-2025
78494633179795;true;false;05-04-2025
YT8750586306410;true;false;05-04-2025
777295369226815;true;false;05-04-2025
78494918648943;true;false;05-04-2025
464298586578726;true;false;05-04-2025
78494793303246;true;false;05-04-2025
464298474236108;true;false;05-04-2025
78494303997402;true;false;05-04-2025
78494790305532;true;false;05-04-2025
777295498835253;true;false;05-04-2025
777295916299937;true;false;05-04-2025
777295850309612;true;false;05-04-2025
777295375320181;true;false;05-04-2025
464299105858647;true;false;05-04-2025
YT8750929280263;true;false;05-04-2025
464297796237585;true;false;05-04-2025
464296248502450;true;false;05-04-2025
464299866657058;true;false;05-04-2025
777295828887976;true;false;05-04-2025
777295378476581;true;false;05-04-2025
777295385508096;true;false;05-04-2025
YT8750397552631;true;false;05-04-2025
777295358930905;true;false;05-04-2025
434504315238472;true;false;05-04-2025
464297634624813;true;false;05-04-2025
777295286529804;true;false;05-04-2025
777295338128776;true;false;05-04-2025
777295356048856;true;false;05-04-2025
YT8750415229217;true;false;05-04-2025
YT8750950576940;true;false;05-04-2025
YT8750964227432;true;false;05-04-2025
YT8750793054791;true;false;05-04-2025
YT8750584395366;true;false;05-04-2025
YT8750523819740;true;false;05-04-2025
YT8750993698212;true;false;05-04-2025
YT8750595806930;true;false;05-04-2025
YT8750548903790;true;false;05-04-2025
78494624189217;true;false;05-04-2025
YT8750950894738;true;false;05-04-2025
78894510830463;true;false;05-04-2025
YT8750899578661;true;false;05-04-2025
YT8750889129381;true;false;05-04-2025
YT8750554592973;true;false;05-04-2025
YT8750618142636;true;false;05-04-2025
YT8750456863467;true;false;05-04-2025
YT8750911499224;true;false;05-04-2025
78894681273719;true;false;05-04-2025
78494655272499;true;false;05-04-2025
78494992148928;true;false;05-04-2025
YT7536088615514;true;false;05-04-2025
78494904096432;true;false;05-04-2025
78494973042634;true;false;05-04-2025
78494896114206;true;false;05-04-2025
YT8750867183570;true;false;05-04-2025
78494991178689;true;false;05-04-2025
464297084890312;true;false;05-04-2025
464295932450061;true;false;05-04-2025
464296924282402;true;false;05-04-2025
464307853468254;true;false;05-04-2025
464295213290805;true;false;05-04-2025
78494867332021;true;false;05-04-2025
464295161690051;true;false;05-04-2025
464296289232114;true;false;05-04-2025
464296569803335;true;false;05-04-2025
464295971517397;true;false;05-04-2025
464295144053330;true;false;05-04-2025
464297297998022;true;false;05-04-2025
464295406807966;true;false;05-04-2025
464296579275618;true;false;05-04-2025
YT8750659540822;true;false;05-04-2025
YT8750611018327;true;false;05-04-2025
464297259728675;true;false;05-04-2025
JT5365367350037;true;false;05-04-2025
464297662060696;true;false;05-04-2025
JT5365265382887;true;false;05-04-2025
777295318127060;true;false;05-04-2025
JT5365666650224;true;false;05-04-2025
JT5365273056133;true;false;05-04-2025
JT5365369355145;true;false;05-04-2025
JT5365447115691;true;false;05-04-2025
JT5365644134860;true;false;05-04-2025
JT5365379559380;true;false;05-04-2025
JT5365579084932;true;false;05-04-2025
JT5365516103207;true;false;05-04-2025
JT5365398383830;true;false;05-04-2025
JT5365705114277;true;false;05-04-2025
777295868086772;true;false;05-04-2025
JT5365257919229;true;false;05-04-2025
JT5365608668151;true;false;05-04-2025
YT8750455665891;true;false;05-04-2025
JT5365602097258;true;false;05-04-2025
JT5365661387866;true;false;05-04-2025
JT5365711389548;true;false;05-04-2025
JT5365523816631;true;false;05-04-2025
JT5365588063739;true;false;05-04-2025
JT5365671685110;true;false;05-04-2025
JT5365654196152;true;false;05-04-2025
JT5365731477682;true;false;05-04-2025
JT5365546822154;true;false;05-04-2025
464296269848957;true;false;05-04-2025
464297372602602;true;false;05-04-2025
JT5365289546432;true;false;05-04-2025
777295945990520;true;false;05-04-2025
JT5365683083639;true;false;05-04-2025
777295861823118;true;false;05-04-2025
YT8750612647429;true;false;05-04-2025
JT5365647397708;true;false;05-04-2025
JT5365537066603;true;false;05-04-2025
JT5365658627953;true;false;05-04-2025
JT5365357075155;true;false;05-04-2025
YT8750900814700;true;false;05-04-2025
JT5365499398775;true;false;05-04-2025
JT5365671003903;true;false;05-04-2025
JT5365605678127;true;false;05-04-2025
JT5365246421330;true;false;05-04-2025
777295894487595;true;false;05-04-2025
JT5365404002453;true;false;05-04-2025
773347624315068;true;false;05-04-2025
777295403052986;true;false;05-04-2025
777295311415505;true;false;05-04-2025
777295456585450;true;false;05-04-2025
777295946372652;true;false;05-04-2025
78494947273945;true;false;05-04-2025
78494835377486;true;false;05-04-2025
78494897599560;true;false;05-04-2025
777295330421319;true;false;05-04-2025
777295713353998;true;false;05-04-2025
777295731920035;true;false;05-04-2025
777295818301132;true;false;05-04-2025
777295360189730;true;false;05-04-2025
773347644986810;true;false;05-04-2025
777295739069231;true;false;05-04-2025
777295797832787;true;false;05-04-2025
9806184833861;true;false;05-04-2025
9806228718120;true;false;05-04-2025
9806228721383;true;false;05-04-2025
78494917120958;true;false;05-04-2025
YT8750635665750;true;false;05-04-2025
78494943040478;true;false;05-04-2025
78494839292945;true;false;05-04-2025
9878543577231;true;false;05-04-2025
9806198232098;true;false;05-04-2025
9806174204453;true;false;05-04-2025
78494871506573;true;false;05-04-2025
YT8750571144988;true;false;05-04-2025
YT8750652724650;true;false;05-04-2025
YT8750549754496;true;false;05-04-2025
YT8750561174993;true;false;05-04-2025
YT8750611995413;true;false;05-04-2025
78494913146986;true;false;05-04-2025
YT8750398073764;true;false;05-04-2025
YT8750894059282;true;false;05-04-2025
YT8750925243453;true;false;05-04-2025
YT8751468874025;true;false;06-04-2025
YT8751480721617;true;false;06-04-2025
464295305221877;true;false;06-04-2025
777295664702778;true;false;06-04-2025
JT5365414539613;true;false;06-04-2025
78495161767542;true;false;06-04-2025
YT8750593530268;true;false;06-04-2025
YT8750514595848;true;false;06-04-2025
464295232728060;true;false;06-04-2025
YT7536107725349;true;false;06-04-2025
YT8750481524889;true;false;06-04-2025
464296235322076;true;false;06-04-2025
464296453193650;true;false;06-04-2025
434505596996911;true;false;06-04-2025
9806199069338;true;false;06-04-2025
777295911425855;true;false;06-04-2025
9806252103871;true;false;06-04-2025
777295877770774;true;false;06-04-2025
9806206059900;true;false;06-04-2025
777295935119906;true;false;06-04-2025
777295866231847;true;false;06-04-2025
9806268939500;true;false;06-04-2025
777295841364906;true;false;06-04-2025
777295935650949;true;false;06-04-2025
777295890851014;true;false;06-04-2025
YT8750532020007;true;false;06-04-2025
777295819712431;true;false;06-04-2025
777295967466285;true;false;06-04-2025
464295162641575;true;false;06-04-2025
464295623660190;true;false;06-04-2025
9806176857858;true;false;06-04-2025
464296173371172;true;false;06-04-2025
YT8750903383108;true;false;06-04-2025
777295797929335;true;false;06-04-2025
YT8750666701861;true;false;06-04-2025
464295571195498;true;false;06-04-2025
777295624824077;true;false;06-04-2025
JT5365241501808;true;false;06-04-2025
9806193815720;true;false;06-04-2025
78494922967891;true;false;06-04-2025
773347674909777;true;false;06-04-2025
78495074572426;true;false;06-04-2025
9806193471983;true;false;06-04-2025
777295708160170;true;false;06-04-2025
464295292004865;true;false;06-04-2025
464296364344633;true;false;06-04-2025
9806255098715;true;false;06-04-2025
777295390437825;true;false;06-04-2025
78495132159259;true;false;06-04-2025
9806174848025;true;false;06-04-2025
777295782179955;true;false;06-04-2025
464295203835166;true;false;06-04-2025
464296482249202;true;false;06-04-2025
78495144168994;true;false;06-04-2025
9806250448045;true;false;06-04-2025
YT8750594722635;true;false;06-04-2025
464296665493197;true;false;06-04-2025
777295365372734;true;false;06-04-2025
777296042862898;true;false;06-04-2025
78495226339026;true;false;06-04-2025
777295936436135;true;false;06-04-2025
777295906812938;true;false;06-04-2025
9806197038326;true;false;06-04-2025
777295887758864;true;false;06-04-2025
78494935509820;true;false;06-04-2025
9806181044896;true;false;06-04-2025
777295857534574;true;false;06-04-2025
9806193373601;true;false;06-04-2025
9806194847456;true;false;06-04-2025
773347574274707;true;false;06-04-2025
78494941769355;true;false;06-04-2025
YT8751370546973;true;false;06-04-2025
464295456494808;true;false;06-04-2025
464295730452607;true;false;06-04-2025
YT8750631842119;true;false;06-04-2025
9806195062406;true;false;06-04-2025
YT8750458526072;true;false;06-04-2025
773347853474675;true;false;06-04-2025
464296760961070;true;false;06-04-2025
464295837495569;true;false;06-04-2025
9806252832036;true;false;06-04-2025
777295936658164;true;false;06-04-2025
9806194028819;true;false;06-04-2025
9806191482096;true;false;06-04-2025
YT8751380755541;true;false;06-04-2025
464307078904666;true;false;06-04-2025
78494851100173;true;false;06-04-2025
YT8750958121854;true;false;06-04-2025
YT8751485724912;true;false;06-04-2025
78495127845962;true;false;06-04-2025
YT8750581034743;true;false;06-04-2025
464295591634107;true;false;06-04-2025
434505294975983;true;false;06-04-2025
YT8750594358953;true;false;06-04-2025
464296394006007;true;false;06-04-2025
78495130068126;true;false;06-04-2025
78126609387027;true;false;06-04-2025
YT8750475555626;true;false;06-04-2025
JT5365335999544;true;false;06-04-2025
9806191482088;true;false;06-04-2025
78494880394335;true;false;06-04-2025
YT8750473208221;true;false;06-04-2025
9878555689617;true;false;06-04-2025
YT8750578060287;true;false;06-04-2025
YT8749980750242;true;false;06-04-2025
YT8750437319686;true;false;06-04-2025
YT8751451934064;true;false;06-04-2025
78495015760427;true;false;06-04-2025
78494892477510;true;false;06-04-2025
78495019157273;true;false;06-04-2025
78495173293320;true;false;06-04-2025
78495193536410;true;false;06-04-2025
78495175407321;true;false;06-04-2025
78494493957122;true;false;06-04-2025
78495201069236;true;false;06-04-2025
YT8750596341407;true;false;06-04-2025
78894695329485;true;false;06-04-2025
JT5365381746280;true;false;06-04-2025
78495138076344;true;false;06-04-2025
78495144181998;true;false;06-04-2025
JT5366144841027;true;false;06-04-2025
JT5365130446473;true;false;06-04-2025
JT5365151283482;true;false;06-04-2025
JT5365280869685;true;false;06-04-2025
JT5365403218947;true;false;06-04-2025
JT5366104155287;true;false;06-04-2025
YT8750542958802;true;false;06-04-2025
JT5365432183088;true;false;06-04-2025
JT5367661100414;true;false;06-04-2025
JT5365161377414;true;false;06-04-2025
JT3114951737504;true;false;06-04-2025
JT5365124569308;true;false;06-04-2025
JT5365122434863;true;false;06-04-2025
JT5366098460997;true;false;06-04-2025
78495204695434;true;false;06-04-2025
777295914080945;true;false;06-04-2025
777295911853785;true;false;06-04-2025
777295914360772;true;false;06-04-2025
777295914361327;true;false;06-04-2025
777295911849355;true;false;06-04-2025
777295793858429;true;false;06-04-2025
777295836056139;true;false;06-04-2025
464306871502903;true;false;06-04-2025
777296048435364;true;false;06-04-2025
464295221636529;true;false;06-04-2025
464308527597365;true;false;06-04-2025
777295681954154;true;false;06-04-2025
464308223307115;true;false;06-04-2025
777295750423638;true;false;06-04-2025
777295707672908;true;false;06-04-2025
777296065990334;true;false;06-04-2025
777295932821676;true;false;06-04-2025
777295673826167;true;false;06-04-2025
777295937523320;true;false;06-04-2025
777295834830311;true;false;06-04-2025
777295987859614;true;false;06-04-2025
777295701626985;true;false;06-04-2025
777295890236975;true;false;06-04-2025
777295662547441;true;false;06-04-2025
JT5365400449605;true;false;06-04-2025
JT5365454652805;true;false;06-04-2025
773347809983115;true;false;06-04-2025
JT5366196410678;true;false;06-04-2025
JT5365404262751;true;false;06-04-2025
JT5365386548874;true;false;06-04-2025
777295960490596;true;false;06-04-2025
YT8751484153182;true;false;06-04-2025
YT8751455919838;true;false;06-04-2025
777295774936019;true;false;06-04-2025
JT5365400311412;true;false;06-04-2025
JT5365139537153;true;false;06-04-2025
464306275739850;true;false;06-04-2025
JT5365251176517;true;false;06-04-2025
JT5365642803943;true;false;06-04-2025
JT5366095376025;true;false;06-04-2025
JT5365368251393;true;false;06-04-2025
JT5365134174422;true;false;06-04-2025
JT5365491084722;true;false;06-04-2025
JT5365082559432;true;false;06-04-2025
JT5365383773216;true;false;06-04-2025
JT5365161296346;true;false;06-04-2025
JT5365394451756;true;false;06-04-2025
78495193009996;true;false;06-04-2025
JT5365074065788;true;false;06-04-2025
JT5365467516887;true;false;06-04-2025
JT5365219258862;true;false;06-04-2025
JT3114825893644;true;false;06-04-2025
JT5365296901279;true;false;06-04-2025
JT5365283128332;true;false;06-04-2025
JT5365426817890;true;false;06-04-2025
JT5366102848688;true;false;06-04-2025
JT5365460199796;true;false;06-04-2025
78495209283936;true;false;06-04-2025
78495097359627;true;false;06-04-2025
78495223154293;true;false;06-04-2025
78495216321280;true;false;06-04-2025
78494901217321;true;false;06-04-2025
JT5365477360388;true;false;06-04-2025
JT5365106752807;true;false;06-04-2025
777295990058504;true;false;06-04-2025
464307278652058;true;false;06-04-2025
464306929169697;true;false;06-04-2025
464295537070084;true;false;06-04-2025
464308067042098;true;false;06-04-2025
YT8751480876474;true;false;06-04-2025
YT8751563077642;true;false;06-04-2025
YT8749690078333;true;false;06-04-2025
9878556019620;true;false;06-04-2025
8234778214412;true;false;06-04-2025
9806272968591;true;false;06-04-2025
464296059051700;true;false;06-04-2025
464306628492151;true;false;06-04-2025
464306887295591;true;false;06-04-2025
464308044429321;true;false;06-04-2025
464308476877595;true;false;06-04-2025
464307897383127;true;false;06-04-2025
434506871742074;true;false;06-04-2025
464306712314956;true;false;06-04-2025
777295973387413;true;false;06-04-2025
9806251458462;true;false;06-04-2025
9806206514985;true;false;06-04-2025
YT8751529737834;true;false;06-04-2025
777295953869391;true;false;06-04-2025
9806205588776;true;false;06-04-2025
9806245990782;true;false;06-04-2025
777296009272961;true;false;06-04-2025
YT8750658725095;true;false;06-04-2025
777295620559749;true;false;06-04-2025
YT8751357299320;true;false;06-04-2025
YT8750661781505;true;false;06-04-2025
YT8751397939514;true;false;06-04-2025
YT8751528932401;true;false;06-04-2025
YT8751357198919;true;false;06-04-2025
YT8751460134864;true;false;06-04-2025
YT8750533270342;true;false;06-04-2025
777295949699276;true;false;06-04-2025
777295992543664;true;false;06-04-2025
777295973425657;true;false;06-04-2025
9806196124785;true;false;06-04-2025
464297198801136;true;false;06-04-2025
464307548534665;true;false;06-04-2025
YT8750485429627;true;false;06-04-2025
YT8750653367254;true;false;06-04-2025
YT8751550900368;true;false;06-04-2025
YT8751557184754;true;false;06-04-2025
YT8751363801449;true;false;06-04-2025
YT8751513740372;true;false;06-04-2025
YT8750433297124;true;false;06-04-2025
YT8751490428689;true;false;06-04-2025
YT8751463736229;true;false;06-04-2025
YT8751576168771;true;false;06-04-2025
YT8751569123349;true;false;06-04-2025
YT8750605298717;true;false;06-04-2025
YT8751577279441;true;false;06-04-2025
YT8751360410659;true;false;06-04-2025
YT8751451882347;true;false;06-04-2025
YT8750469432326;true;false;06-04-2025
YT8751363812113;true;false;06-04-2025
JT5365201908830;true;false;07-04-2025
777295617862652;true;false;07-04-2025
YT8751523235051;true;false;07-04-2025
YT8751525230393;true;false;07-04-2025
YT8751465696048;true;false;07-04-2025
YT8751087027280;true;false;07-04-2025
YT8751094611201;true;false;07-04-2025
YT8751651749471;true;false;07-04-2025
YT8751118023526;true;false;07-04-2025
YT8751153637092;true;false;07-04-2025
YT8751205185533;true;false;07-04-2025
YT8751210791389;true;false;07-04-2025
YT8751387917843;true;false;07-04-2025
YT8751020043195;true;false;07-04-2025
YT8751616740433;true;false;07-04-2025
9806243087331;true;false;07-04-2025
9806203971791;true;false;07-04-2025
9806248254928;true;false;07-04-2025
9806258707483;true;false;07-04-2025
9806274697163;true;false;07-04-2025
9806271067938;true;false;07-04-2025
9806245891801;true;false;07-04-2025
9806175085061;true;false;07-04-2025
777296066775694;true;false;07-04-2025
9806248066413;true;false;07-04-2025
777295629006827;true;false;07-04-2025
9806253248068;true;false;07-04-2025
777295974859526;true;false;07-04-2025
9806257116281;true;false;07-04-2025
777295660522805;true;false;07-04-2025
9806268401543;true;false;07-04-2025
9806243574833;true;false;07-04-2025
9806203743924;true;false;07-04-2025
777296001213867;true;false;07-04-2025
9806270897506;true;false;07-04-2025
9806272500013;true;false;07-04-2025
78495195241456;true;false;07-04-2025
YT8751065491393;true;false;07-04-2025
YT8751517956216;true;false;07-04-2025
9806184820029;true;false;07-04-2025
9806203890643;true;false;07-04-2025
9806255836600;true;false;07-04-2025
9806255853884;true;false;07-04-2025
777295705771445;true;false;07-04-2025
777295660601983;true;false;07-04-2025
9806243061818;true;false;07-04-2025
464306899288598;true;false;07-04-2025
9806197703609;true;false;07-04-2025
YT8751357189645;true;false;07-04-2025
777295989274153;true;false;07-04-2025
YT8751617820961;true;false;07-04-2025
777295989358965;true;false;07-04-2025
777295705527487;true;false;07-04-2025
777295650408806;true;false;07-04-2025
9806193863513;true;false;07-04-2025
777295663098535;true;false;07-04-2025
777295700292002;true;false;07-04-2025
9806243748363;true;false;07-04-2025
9806255191441;true;false;07-04-2025
9806273836389;true;false;07-04-2025
9806272854119;true;false;07-04-2025
9806256026659;true;false;07-04-2025
434505970111151;true;false;07-04-2025
9806270516489;true;false;07-04-2025
9806246942624;true;false;07-04-2025
8236256894812;true;false;07-04-2025
9806260929631;true;false;07-04-2025
777296054324543;true;false;07-04-2025
777295837329901;true;false;07-04-2025
8235390143812;true;false;07-04-2025
773347732700647;true;false;07-04-2025
YT8751621970922;true;false;07-04-2025
YT8751163108276;true;false;07-04-2025
YT8751431651033;true;false;07-04-2025
YT8751638151190;true;false;07-04-2025
777296297056672;true;false;07-04-2025
9806273800798;true;false;07-04-2025
78495047313281;true;false;07-04-2025
78495204479324;true;false;07-04-2025
777295876158357;true;false;07-04-2025
777295693327902;true;false;07-04-2025
777296194938795;true;false;07-04-2025
9806247250320;true;false;07-04-2025
777295632366228;true;false;07-04-2025
464307302991676;true;false;07-04-2025
773347627788448;true;false;07-04-2025
777295977883117;true;false;07-04-2025
777295978792398;true;false;07-04-2025
777295767110148;true;false;07-04-2025
777295649603525;true;false;07-04-2025
464308044005252;true;false;07-04-2025
777296004390864;true;false;07-04-2025
777296214717885;true;false;07-04-2025
YT8751028494092;true;false;07-04-2025
YT8751145326157;true;false;07-04-2025
YT8751014170999;true;false;07-04-2025
YT8751007810813;true;false;07-04-2025
YT8751073453068;true;false;07-04-2025
YT8751469615089;true;false;07-04-2025
9806259066032;true;false;07-04-2025
78495212510127;true;false;07-04-2025
78495027799804;true;false;07-04-2025
464308474800670;true;false;07-04-2025
464304694518814;true;false;07-04-2025
464308178699978;true;false;07-04-2025
464307555830599;true;false;07-04-2025
464306620145506;true;false;07-04-2025
464308235911177;true;false;07-04-2025
78495408683448;true;false;07-04-2025
464304002341201;true;false;07-04-2025
464308179892942;true;false;07-04-2025
78495404390758;true;false;07-04-2025
464307842068494;true;false;07-04-2025
464295154806872;true;false;07-04-2025
464307063591024;true;false;07-04-2025
YT8750601140652;true;false;07-04-2025
464304605300005;true;false;07-04-2025
DPK202522730665;true;false;07-04-2025
9806286125754;true;false;07-04-2025
YT8751204403988;true;false;07-04-2025
464308258741260;true;false;07-04-2025
464306254329616;true;false;07-04-2025
464308512021458;true;false;07-04-2025
9806250951647;true;false;07-04-2025
777296190856791;true;false;07-04-2025
YT8751400561088;true;false;07-04-2025
YT8751349261014;true;false;07-04-2025
YT8751357042364;true;false;07-04-2025
YT8751545364252;true;false;07-04-2025
YT8751419068114;true;false;07-04-2025
78495380965076;true;false;07-04-2025
YT8751373083390;true;false;07-04-2025
YT8751467282636;true;false;07-04-2025
78495407939886;true;false;07-04-2025
YT8750553186542;true;false;07-04-2025
YT8751466374888;true;false;07-04-2025
YT8751574880095;true;false;07-04-2025
78495358327692;true;false;07-04-2025
YT8751467277232;true;false;07-04-2025
78495361838721;true;false;07-04-2025
9806287626547;true;false;07-04-2025
9806197694139;true;false;07-04-2025
9806244431399;true;false;07-04-2025
78495092166826;true;false;07-04-2025
9806242772862;true;false;07-04-2025
78495256370669;true;false;07-04-2025
78495152590103;true;false;07-04-2025
464305791882700;true;false;07-04-2025
464304767007559;true;false;07-04-2025
464303686903735;true;false;07-04-2025
YT8751155250118;true;false;07-04-2025
464305942760008;true;false;07-04-2025
78495363460144;true;false;07-04-2025
YT8751015818717;true;false;07-04-2025
9806270318953;true;false;07-04-2025
9806275430490;true;false;07-04-2025
464304480667490;true;false;07-04-2025
464306297235920;true;false;07-04-2025
78495467789782;true;false;07-04-2025
78495434002037;true;false;07-04-2025
777296050810771;true;false;07-04-2025
YT8751355220544;true;false;07-04-2025
YT8751355228065;true;false;07-04-2025
777296050805948;true;false;07-04-2025
78495359003780;true;false;07-04-2025
464297134139427;true;false;07-04-2025
777296155013924;true;false;07-04-2025
777295636631036;true;false;07-04-2025
777296007212556;true;false;07-04-2025
777295712950935;true;false;07-04-2025
777295705594385;true;false;07-04-2025
464305321778602;true;false;07-04-2025
78894912099640;true;false;07-04-2025
JT5365091705054;true;false;07-04-2025
777295682125667;true;false;07-04-2025
JT5366235519682;true;false;07-04-2025
JT5366184653209;true;false;07-04-2025
78895090518702;true;false;07-04-2025
464307659143480;true;false;07-04-2025
464307264317990;true;false;07-04-2025
JT5365319205044;true;false;07-04-2025
464307579574980;true;false;07-04-2025
777296286017995;true;false;07-04-2025
464306705914263;true;false;07-04-2025
JT5365071883481;true;false;07-04-2025
JT5366084636347;true;false;07-04-2025
JT5366301749986;true;false;07-04-2025
JT5365293753578;true;false;07-04-2025
JT5366250206517;true;false;07-04-2025
JT5366091794307;true;false;07-04-2025
JT5365318614820;true;false;07-04-2025
464304357155807;true;false;07-04-2025
464304732494266;true;false;07-04-2025
464306888277570;true;false;07-04-2025
JT5365185101925;true;false;07-04-2025
JT5365108091459;true;false;07-04-2025
464304446440029;true;false;07-04-2025
464303704485505;true;false;07-04-2025
JT5366348597838;true;false;07-04-2025
JT5366087119401;true;false;07-04-2025
JT5365314402424;true;false;07-04-2025
JT5366157231372;true;false;07-04-2025
JT5366133241463;true;false;07-04-2025
777295619819705;true;false;07-04-2025
777296241499594;true;false;07-04-2025
777296074566831;true;false;07-04-2025
777296057942172;true;false;07-04-2025
777295712970385;true;false;07-04-2025
777295743356597;true;false;07-04-2025
777296286565489;true;false;07-04-2025
777296200089857;true;false;07-04-2025
777296207489140;true;false;07-04-2025
JT5365178622593;true;false;07-04-2025
777295862086676;true;false;07-04-2025
777296129547755;true;false;07-04-2025
JT5365203780523;true;false;07-04-2025
777296144208341;true;false;07-04-2025
JT5366265313507;true;false;07-04-2025
777296121741136;true;false;07-04-2025
777296139079450;true;false;07-04-2025
JT5366337315114;true;false;07-04-2025
777295985532970;true;false;07-04-2025
777295714603070;true;false;07-04-2025
JT5365141273436;true;false;07-04-2025
777296288088246;true;false;07-04-2025
JT5366403442642;true;false;07-04-2025
JT5365208101025;true;false;07-04-2025
JT5366084144367;true;false;07-04-2025
773347942220491;true;false;07-04-2025
JT5366114473039;true;false;07-04-2025
JT5366081519054;true;false;07-04-2025
JT5366408829011;true;false;07-04-2025
JT5366155417858;true;false;07-04-2025
JT5365777721015;true;false;07-04-2025
JT5366297028367;true;false;07-04-2025
JT5366401503074;true;false;07-04-2025
JT5366278349952;true;false;07-04-2025
JT5365113542487;true;false;07-04-2025
JT5365481064114;true;false;07-04-2025
JT5366115219676;true;false;07-04-2025
JT5365423140912;true;false;07-04-2025
JT5366404942863;true;false;07-04-2025
JT5366341333191;true;false;07-04-2025
JT5366123349475;true;false;07-04-2025
JT5365170655389;true;false;07-04-2025
JT5366110424032;true;false;07-04-2025
JT5365321630431;true;false;07-04-2025
JT5366233988456;true;false;07-04-2025
JT5366134696130;true;false;07-04-2025
JT5365135193400;true;false;07-04-2025
JT5365314345287;true;false;07-04-2025
JT5366104027812;true;false;07-04-2025
YT8751694902200;true;false;08-04-2025
9806243098316;true;false;08-04-2025
464305972084240;true;false;08-04-2025
464305608187472;true;false;08-04-2025
777296138353561;true;false;08-04-2025
777296165269019;true;false;08-04-2025
777296326880482;true;false;08-04-2025
78495149050946;true;false;08-04-2025
78495319413071;true;false;08-04-2025
464305407259598;true;false;08-04-2025
777296164227704;true;false;08-04-2025
464306299401791;true;false;08-04-2025
464301896514762;true;false;08-04-2025
464303445444746;true;false;08-04-2025
YT8751587952404;true;false;08-04-2025
YT8751143063469;true;false;08-04-2025
777296139213528;true;false;08-04-2025
78495067527542;true;false;08-04-2025
777296269699855;true;false;08-04-2025
464305647778027;true;false;08-04-2025
464304918844162;true;false;08-04-2025
777296469298985;true;false;08-04-2025
464304805940691;true;false;08-04-2025
78495614884063;true;false;08-04-2025
777296273051723;true;false;08-04-2025
464304457531216;true;false;08-04-2025
777296422045195;true;false;08-04-2025
YT8751043062506;true;false;08-04-2025
78495237285001;true;false;08-04-2025
464304425362081;true;false;08-04-2025
78495614018223;true;false;08-04-2025
777296148671954;true;false;08-04-2025
78495375138886;true;false;08-04-2025
78495480354906;true;false;08-04-2025
78495467635690;true;false;08-04-2025
78495625100783;true;false;08-04-2025
464305095924350;true;false;08-04-2025
467310704370979;true;false;08-04-2025
78495476248040;true;false;08-04-2025
9806290310475;true;false;08-04-2025
78495410282892;true;false;08-04-2025
773347786859115;true;false;08-04-2025
464304989597658;true;false;08-04-2025
464303551797503;true;false;08-04-2025
464302315938408;true;false;08-04-2025
464304727637710;true;false;08-04-2025
464305624837854;true;false;08-04-2025
777295705288114;true;false;08-04-2025
YT8751039592914;true;false;08-04-2025
78494954707875;true;false;08-04-2025
78494897510927;true;false;08-04-2025
777296149791216;true;false;08-04-2025
78895184557271;true;false;08-04-2025
464303701010354;true;false;08-04-2025
464305695347400;true;false;08-04-2025
464305639886551;true;false;08-04-2025
9806276135431;true;false;08-04-2025
464304034100108;true;false;08-04-2025
9806283824032;true;false;08-04-2025
464302975033046;true;false;08-04-2025
464305398451101;true;false;08-04-2025
777296196146523;true;false;08-04-2025
777296219839190;true;false;08-04-2025
777296413068096;true;false;08-04-2025
464303940833067;true;false;08-04-2025
464304142644080;true;false;08-04-2025
777296405109465;true;false;08-04-2025
777296372250883;true;false;08-04-2025
777296095758578;true;false;08-04-2025
464304265010384;true;false;08-04-2025
777296124243586;true;false;08-04-2025
464303512021388;true;false;08-04-2025
9806262066137;true;false;08-04-2025
777296031896016;true;false;08-04-2025
9806265647499;true;false;08-04-2025
777296070250755;true;false;08-04-2025
9806276520406;true;false;08-04-2025
9806346743228;true;false;08-04-2025
777296194372775;true;false;08-04-2025
9806285905206;true;false;08-04-2025
9806261076003;true;false;08-04-2025
9806295643977;true;false;08-04-2025
777296208924172;true;false;08-04-2025
9806275902054;true;false;08-04-2025
9806302686940;true;false;08-04-2025
464302535076968;true;false;08-04-2025
YT8751302598577;true;false;08-04-2025
9806286145502;true;false;08-04-2025
464305949639442;true;false;08-04-2025
YT8751008721697;true;false;08-04-2025
777296276399897;true;false;08-04-2025
YT8751625897311;true;false;08-04-2025
YT8751773483525;true;false;08-04-2025
YT8751046296432;true;false;08-04-2025
JT5395766526227;true;false;08-04-2025
YT8751041588693;true;false;08-04-2025
9806295088089;true;false;08-04-2025
777296223739089;true;false;08-04-2025
777296194805071;true;false;08-04-2025
464305057672601;true;false;08-04-2025
9878557603679;true;false;08-04-2025
9806277119928;true;false;08-04-2025
9806287965198;true;false;08-04-2025
YT8751819947763;true;false;08-04-2025
YT8751780339501;true;false;08-04-2025
9806287523784;true;false;08-04-2025
YT8751039151568;true;false;08-04-2025
9806291292825;true;false;08-04-2025
9806243756787;true;false;08-04-2025
YT8751824734882;true;false;08-04-2025
9806290780687;true;false;08-04-2025
YT8751670585009;true;false;08-04-2025
YT8751833151478;true;false;08-04-2025
YT8751294101940;true;false;08-04-2025
YT8751060151959;true;false;08-04-2025
YT8751324206531;true;false;08-04-2025
78495518872476;true;false;08-04-2025
9806282610380;true;false;08-04-2025
YT8751056614015;true;false;08-04-2025
YT8751489994797;true;false;08-04-2025
78495666642485;true;false;08-04-2025
78495237910106;true;false;08-04-2025
9806245839881;true;false;08-04-2025
YT8751004220691;true;false;08-04-2025
YT8751312210335;true;false;08-04-2025
76486284503208;true;false;08-04-2025
9806263320593;true;false;08-04-2025
78495596063816;true;false;08-04-2025
9806291878166;true;false;08-04-2025
9806296318667;true;false;08-04-2025
9806301369066;true;false;08-04-2025
9806349388656;true;false;08-04-2025
9806295125322;true;false;08-04-2025
9806274798452;true;false;08-04-2025
78495484086631;true;false;08-04-2025
78495556624451;true;false;08-04-2025
78495485313347;true;false;08-04-2025
78895463157258;true;false;08-04-2025
78495714118740;true;false;08-04-2025
YT8751604274801;true;false;08-04-2025
78495562463309;true;false;08-04-2025
78494985893095;true;false;08-04-2025
78495577407705;true;false;08-04-2025
777296388908513;true;false;08-04-2025
78495645800414;true;false;08-04-2025
YT8751272605288;true;false;08-04-2025
JT5366230938984;true;false;08-04-2025
JT5366083198171;true;false;08-04-2025
JT5366235520985;true;false;08-04-2025
JT5366201051081;true;false;08-04-2025
JT5365772096060;true;false;08-04-2025
JT5365131638445;true;false;08-04-2025
JT5365208109596;true;false;08-04-2025
JT5366285418497;true;false;08-04-2025
JT5366125930809;true;false;08-04-2025
JT5366290057941;true;false;08-04-2025
JT5365962773437;true;false;08-04-2025
JT5366328708840;true;false;08-04-2025
JT5366384120762;true;false;08-04-2025
JT5365172786571;true;false;08-04-2025
JT5366316926876;true;false;08-04-2025
JT5366286979546;true;false;08-04-2025
JT5366227330020;true;false;08-04-2025
JT5366284730216;true;false;08-04-2025
JT5366124129269;true;false;08-04-2025
JT5365976327792;true;false;08-04-2025
JT5364382222275;true;false;08-04-2025
JT5365896914992;true;false;08-04-2025
777296570019420;true;false;08-04-2025
JT5366016571641;true;false;08-04-2025
464306667146354;true;false;08-04-2025
464302162885792;true;false;08-04-2025
464302464864500;true;false;08-04-2025
464302475234585;true;false;08-04-2025
464303403070840;true;false;08-04-2025
464302183471964;true;false;08-04-2025
464302735436186;true;false;08-04-2025
JT5366268704223;true;false;08-04-2025
JT5366319073581;true;false;08-04-2025
JT5366306266991;true;false;08-04-2025
JT5365932539281;true;false;08-04-2025
464304052640604;true;false;08-04-2025
464303022733005;true;false;08-04-2025
464302630291668;true;false;08-04-2025
464302162918921;true;false;08-04-2025
777296285463332;true;false;08-04-2025
464305683658048;true;false;08-04-2025
JT5366256544644;true;false;08-04-2025
JT5365204829774;true;false;08-04-2025
JT5366174182223;true;false;08-04-2025
464301999041765;true;false;08-04-2025
JT5699581722352;true;false;08-04-2025
JT5366203943238;true;false;08-04-2025
JT5366257223395;true;false;08-04-2025
JT5365894038747;true;false;08-04-2025
JT5366369684372;true;false;08-04-2025
JT5366001299310;true;false;08-04-2025
777296383434542;true;false;08-04-2025
JT5366185710703;true;false;08-04-2025
JT5366235579266;true;false;08-04-2025
JT5365970935976;true;false;08-04-2025
JT5366071223799;true;false;08-04-2025
777296179442003;true;false;08-04-2025
JT5366262381980;true;false;08-04-2025
JT5366059745266;true;false;08-04-2025
JT5366256691876;true;false;08-04-2025
777296345057630;true;false;08-04-2025
777296106387519;true;false;08-04-2025
777296236033275;true;false;08-04-2025
YT8751760491256;true;false;08-04-2025
777296068593738;true;false;08-04-2025
777296122059190;true;false;08-04-2025
JT5365835707492;true;false;08-04-2025
777296226443449;true;false;08-04-2025
777296468669846;true;false;08-04-2025
777296454397021;true;false;08-04-2025
YT8751019900757;true;false;08-04-2025
YT8751836552652;true;false;08-04-2025
YT8751711309438;true;false;08-04-2025
YT8751106376555;true;false;08-04-2025
777296308817732;true;false;08-04-2025
78495741886552;true;false;08-04-2025
78495739524528;true;false;08-04-2025
78495574171196;true;false;08-04-2025
78495698420567;true;false;08-04-2025
464314274971428;true;false;08-04-2025
777296491596849;true;false;08-04-2025
777296407703140;true;false;08-04-2025
YT8751087168752;true;false;08-04-2025
YT8751771319570;true;false;08-04-2025
78495629023812;true;false;08-04-2025
78495742112631;true;false;08-04-2025
YT8751684745505;true;false;08-04-2025
YT8751763536314;true;false;08-04-2025
YT8751805588497;true;false;08-04-2025
YT7536556262798;true;false;08-04-2025
777296494302151;true;false;08-04-2025
YT8751708985083;true;false;08-04-2025
YT8751735873683;true;false;08-04-2025
YT8751826476199;true;false;08-04-2025
YT8751697254131;true;false;08-04-2025
YT8751732213231;true;false;08-04-2025
YT8751654535462;true;false;08-04-2025
464302385929807;true;false;09-04-2025
JT5366584066588;true;false;09-04-2025
78495557778480;true;false;09-04-2025
9806297515948;true;false;09-04-2025
78495558063506;true;false;09-04-2025
78495782873428;true;false;09-04-2025
78495551834136;true;false;09-04-2025
78495707716329;true;false;09-04-2025
78495105395476;true;false;09-04-2025
9806305326530;true;false;09-04-2025
9806285349246;true;false;09-04-2025
9806284793941;true;false;09-04-2025
777296405469304;true;false;09-04-2025
777296063755925;true;false;09-04-2025
9806308025941;true;false;09-04-2025
78495515575286;true;false;09-04-2025
78495703093977;true;false;09-04-2025
78495713299056;true;false;09-04-2025
9806307494181;true;false;09-04-2025
78495501019383;true;false;09-04-2025
78495626109021;true;false;09-04-2025
9806294031265;true;false;09-04-2025
9806299198430;true;false;09-04-2025
9806297849217;true;false;09-04-2025
78495551283268;true;false;09-04-2025
78495443589160;true;false;09-04-2025
9806297092278;true;false;09-04-2025
9806291772118;true;false;09-04-2025
777296727487050;true;false;09-04-2025
9806292702355;true;false;09-04-2025
9806306073746;true;false;09-04-2025
777296462453355;true;false;09-04-2025
9806294756476;true;false;09-04-2025
777296374939822;true;false;09-04-2025
9806291752885;true;false;09-04-2025
78495891657242;true;false;09-04-2025
78495588383390;true;false;09-04-2025
777296500830739;true;false;09-04-2025
9806308128688;true;false;09-04-2025
78495530050879;true;false;09-04-2025
773348122136069;true;false;09-04-2025
YT8752132734858;true;false;09-04-2025
YT8751273803261;true;false;09-04-2025
YT8751220433059;true;false;09-04-2025
777296488247933;true;false;09-04-2025
9806344092923;true;false;09-04-2025
9806265504316;true;false;09-04-2025
777296652439316;true;false;09-04-2025
9806286416310;true;false;09-04-2025
464312112117809;true;false;09-04-2025
777296729303057;true;false;09-04-2025
78495653755244;true;false;09-04-2025
777296458153664;true;false;09-04-2025
777296340317462;true;false;09-04-2025
464312626671280;true;false;09-04-2025
777296744108721;true;false;09-04-2025
YT8751285388552;true;false;09-04-2025
777296737200366;true;false;09-04-2025
JYM800088378417;true;false;09-04-2025
777296421995930;true;false;09-04-2025
777296420410896;true;false;09-04-2025
777296312490875;true;false;09-04-2025
464302133407275;true;false;09-04-2025
464305413620644;true;false;09-04-2025
464303060833999;true;false;09-04-2025
777296098919502;true;false;09-04-2025
777296482620415;true;false;09-04-2025
9806272390857;true;false;09-04-2025
777296351965042;true;false;09-04-2025
464314156788251;true;false;09-04-2025
464302929492262;true;false;09-04-2025
777296457668904;true;false;09-04-2025
777296314724903;true;false;09-04-2025
777296420466512;true;false;09-04-2025
464302032477096;true;false;09-04-2025
434509361735963;true;false;09-04-2025
777296290296508;true;false;09-04-2025
YT8751699538510;true;false;09-04-2025
YT8751692219957;true;false;09-04-2025
464314301925206;true;false;09-04-2025
YT8751648760388;true;false;09-04-2025
464305807324026;true;false;09-04-2025
YT8751226169057;true;false;09-04-2025
YT8751185383325;true;false;09-04-2025
YT8752029177779;true;false;09-04-2025
YT8751240060651;true;false;09-04-2025
9806348074667;true;false;09-04-2025
YT8751185218256;true;false;09-04-2025
YT8751764613434;true;false;09-04-2025
YT8752159854405;true;false;09-04-2025
8240588643812;true;false;09-04-2025
9806368651185;true;false;09-04-2025
YT8751206152136;true;false;09-04-2025
YT8751793591873;true;false;09-04-2025
YT8751736672654;true;false;09-04-2025
9806279550337;true;false;09-04-2025
YT8751220716842;true;false;09-04-2025
YT8751830139428;true;false;09-04-2025
YT8751332906346;true;false;09-04-2025
YT7536863071195;true;false;09-04-2025
YT8751051621412;true;false;09-04-2025
YT8751908730164;true;false;09-04-2025
YT8751126175787;true;false;09-04-2025
78495973817782;true;false;09-04-2025
78495686524256;true;false;09-04-2025
9806361938671;true;false;09-04-2025
YT8751939063943;true;false;09-04-2025
YT8751309725842;true;false;09-04-2025
JDAP01733273051;true;false;09-04-2025
777296881803042;true;false;09-04-2025
773348346131903;true;false;09-04-2025
777296756989138;true;false;09-04-2025
JT5366492210042;true;false;09-04-2025
777296726077016;true;false;09-04-2025
78495771622640;true;false;09-04-2025
777296885817295;true;false;09-04-2025
777296887252305;true;false;09-04-2025
78495770289134;true;false;09-04-2025
JT5366550622594;true;false;09-04-2025
JT5365968318090;true;false;09-04-2025
777296464293494;true;false;09-04-2025
777296669365674;true;false;09-04-2025
777296357037868;true;false;09-04-2025
777296679174875;true;false;09-04-2025
777296430885525;true;false;09-04-2025
777296758584575;true;false;09-04-2025
777296743417434;true;false;09-04-2025
78495879537236;true;false;09-04-2025
JT5365812719802;true;false;09-04-2025
78495751356133;true;false;09-04-2025
JT5366692831589;true;false;09-04-2025
JT5365822274444;true;false;09-04-2025
777296771035595;true;false;09-04-2025
JT5366694210197;true;false;09-04-2025
78495705950423;true;false;09-04-2025
78495962433373;true;false;09-04-2025
78495770924564;true;false;09-04-2025
78495978515494;true;false;09-04-2025
JT5366482433404;true;false;09-04-2025
78495933818965;true;false;09-04-2025
JT5366476675065;true;false;09-04-2025
YT8751286111098;true;false;09-04-2025
JT5366575660639;true;false;09-04-2025
78495542242829;true;false;09-04-2025
YT8751121100571;true;false;09-04-2025
JT5366590232636;true;false;09-04-2025
78495908529284;true;false;09-04-2025
78495945118626;true;false;09-04-2025
78495760325875;true;false;09-04-2025
JT5366461424700;true;false;09-04-2025
JT5365855060957;true;false;09-04-2025
JT5365895532482;true;false;09-04-2025
JT3115181219029;true;false;09-04-2025
JT5365839428662;true;false;09-04-2025
JT5365756236811;true;false;09-04-2025
78495832949668;true;false;09-04-2025
JT5366671966990;true;false;09-04-2025
JT5365796960559;true;false;09-04-2025
JT5365903399816;true;false;09-04-2025
JT5366377271518;true;false;09-04-2025
JT5366592697777;true;false;09-04-2025
JT5366469343110;true;false;09-04-2025
JT5366319318846;true;false;09-04-2025
JT5366465486084;true;false;09-04-2025
JT5365796998168;true;false;09-04-2025
777296784531220;true;false;09-04-2025
JT5366451038474;true;false;09-04-2025
JT5365990636755;true;false;09-04-2025
JT5366692071663;true;false;09-04-2025
9878576691992;true;false;09-04-2025
JT5365749380837;true;false;09-04-2025
JT5366717961027;true;false;09-04-2025
JT5365993797137;true;false;09-04-2025
777296898377090;true;false;09-04-2025
JT5365855010322;true;false;09-04-2025
9806252287009;true;false;09-04-2025
9806370122993;true;false;09-04-2025
9806370669554;true;false;09-04-2025
JT5365832218449;true;false;09-04-2025
773348205709265;true;false;09-04-2025
777296703269358;true;false;09-04-2025
JT5365911484998;true;false;09-04-2025
JT5366008618861;true;false;09-04-2025
JT5366670815238;true;false;09-04-2025
464313673102941;true;false;09-04-2025
JT5366457655013;true;false;09-04-2025
JT5365863823062;true;false;09-04-2025
JT5366686388470;true;false;09-04-2025
JT5366605657045;true;false;09-04-2025
JT5366291355782;true;false;09-04-2025
464314959656301;true;false;09-04-2025
JT5366374244714;true;false;09-04-2025
464313640147281;true;false;09-04-2025
9806296362029;true;false;09-04-2025
9806301697029;true;false;09-04-2025
464312601867195;true;false;09-04-2025
464313692277210;true;false;09-04-2025
78495880315107;true;false;09-04-2025
464312979381039;true;false;09-04-2025
464311953174577;true;false;09-04-2025
JT5366419553399;true;false;09-04-2025
464312172564467;true;false;09-04-2025
JT5365888991056;true;false;09-04-2025
464312602896178;true;false;09-04-2025
JT5366712582812;true;false;09-04-2025
464314892976487;true;false;09-04-2025
YT8751321078551;true;false;09-04-2025
464313410117982;true;false;09-04-2025
YT8751878929908;true;false;09-04-2025
464314909429633;true;false;09-04-2025
78495918132408;true;false;09-04-2025
JT5366497929046;true;false;09-04-2025
JT5365875515605;true;false;09-04-2025
JT5365839491330;true;false;09-04-2025
JT5366666499308;true;false;09-04-2025
YT8751299343851;true;false;09-04-2025
464314719632824;true;false;09-04-2025
YT8751759711411;true;false;09-04-2025
YT8752176545560;true;false;09-04-2025
YT8751744571402;true;false;09-04-2025
YT8752107645244;true;false;09-04-2025
YT8752148123909;true;false;09-04-2025
YT8752021135124;true;false;09-04-2025
YT8751980080821;true;false;09-04-2025
YT8751793822102;true;false;09-04-2025
78495915754606;true;false;09-04-2025
YT8751083492718;true;false;09-04-2025
YT8751212404568;true;false;09-04-2025
YT8751974092481;true;false;09-04-2025
YT8752148479835;true;false;09-04-2025
YT8752026253636;true;false;09-04-2025
YT8752131024604;true;false;09-04-2025
YT8751870163191;true;false;09-04-2025
YT8752003882521;true;false;09-04-2025
9806243574833;true;false;09-04-2025
YT8751900780271;true;false;09-04-2025
JT5366747174610;true;false;10-04-2025
YT8752215776478;true;false;10-04-2025
464312227960232;true;false;10-04-2025
777297044952321;true;false;10-04-2025
9806310136204;true;false;10-04-2025
9806365389156;true;false;10-04-2025
9806374524341;true;false;10-04-2025
9806368126545;true;false;10-04-2025
9806306560341;true;false;10-04-2025
9806356817990;true;false;10-04-2025
9806349494760;true;false;10-04-2025
777296620322850;true;false;10-04-2025
777296647113385;true;false;10-04-2025
9806360251687;true;false;10-04-2025
464312721077054;true;false;10-04-2025
9806360515511;true;false;10-04-2025
464312327720815;true;false;10-04-2025
464312399318538;true;false;10-04-2025
9806344426645;true;false;10-04-2025
9806301095614;true;false;10-04-2025
9806364839464;true;false;10-04-2025
YT8751905225874;true;false;10-04-2025
9806360428287;true;false;10-04-2025
9806363880784;true;false;10-04-2025
9806357389037;true;false;10-04-2025
9806365048302;true;false;10-04-2025
9806302299509;true;false;10-04-2025
78495814350728;true;false;10-04-2025
777296756989436;true;false;10-04-2025
9806351389442;true;false;10-04-2025
9806364128385;true;false;10-04-2025
777296733515256;true;false;10-04-2025
777296736761052;true;false;10-04-2025
9806362080397;true;false;10-04-2025
9806366708430;true;false;10-04-2025
78495808152582;true;false;10-04-2025
9806353900029;true;false;10-04-2025
78495913567958;true;false;10-04-2025
9806342146289;true;false;10-04-2025
78495763280331;true;false;10-04-2025
9806371170336;true;false;10-04-2025
777296336396753;true;false;10-04-2025
777297054698581;true;false;10-04-2025
9806355443541;true;false;10-04-2025
78495774339071;true;false;10-04-2025
78495754944907;true;false;10-04-2025
78495901417330;true;false;10-04-2025
777296736738255;true;false;10-04-2025
464312417480200;true;false;10-04-2025
9806350502947;true;false;10-04-2025
78495791278160;true;false;10-04-2025
78495789174510;true;false;10-04-2025
78495868556111;true;false;10-04-2025
78495916013145;true;false;10-04-2025
78495949738681;true;false;10-04-2025
464313719042096;true;false;10-04-2025
78495763818992;true;false;10-04-2025
78495899544709;true;false;10-04-2025
777296709697475;true;false;10-04-2025
777296645974031;true;false;10-04-2025
78496077305416;true;false;10-04-2025
777296754020932;true;false;10-04-2025
777297113760155;true;false;10-04-2025
777296407897921;true;false;10-04-2025
YT8751916068206;true;false;10-04-2025
464314649049189;true;false;10-04-2025
78496131317726;true;false;10-04-2025
464312512398735;true;false;10-04-2025
464313849514957;true;false;10-04-2025
464315168201021;true;false;10-04-2025
777296626920956;true;false;10-04-2025
YT8752007923679;true;false;10-04-2025
464314705986796;true;false;10-04-2025
777296873965722;true;false;10-04-2025
78495783610423;true;false;10-04-2025
YT8751731818318;true;false;10-04-2025
777296826889445;true;false;10-04-2025
464314728411459;true;false;10-04-2025
777296775410720;true;false;10-04-2025
777296760281434;true;false;10-04-2025
78496010757264;true;false;10-04-2025
YT8751959100383;true;false;10-04-2025
777096877005263;true;false;10-04-2025
777296599328483;true;false;10-04-2025
464315029610576;true;false;10-04-2025
78496002354780;true;false;10-04-2025
YT8752162286321;true;false;10-04-2025
464313266095708;true;false;10-04-2025
464313342128233;true;false;10-04-2025
777296847453808;true;false;10-04-2025
464312541677004;true;false;10-04-2025
464314813721444;true;false;10-04-2025
YT8755252662465;true;false;10-04-2025
464312089169097;true;false;10-04-2025
464313587467874;true;false;10-04-2025
464303727471919;true;false;10-04-2025
464313681817567;true;false;10-04-2025
464314776119752;true;false;10-04-2025
464314858700167;true;false;10-04-2025
YT8752135127008;true;false;10-04-2025
YT8751859634041;true;false;10-04-2025
464312882329321;true;false;10-04-2025
78496124821166;true;false;10-04-2025
YT8751723695734;true;false;10-04-2025
YT8752280730728;true;false;10-04-2025
78495748898611;true;false;10-04-2025
YT8751928600498;true;false;10-04-2025
YT7537004587838;true;false;10-04-2025
78496109729666;true;false;10-04-2025
YT8751886867861;true;false;10-04-2025
78496222909056;true;false;10-04-2025
78496045381619;true;false;10-04-2025
78496183671010;true;false;10-04-2025
78496100177973;true;false;10-04-2025
YT8752148267560;true;false;10-04-2025
YT8752014660774;true;false;10-04-2025
464315137779152;true;false;10-04-2025
464312318332654;true;false;10-04-2025
SF3156439498107;true;false;10-04-2025
YT7536953240632;true;false;10-04-2025
JT5365873169032;true;false;10-04-2025
YT8751756695419;true;false;10-04-2025
78496177052941;true;false;10-04-2025
464308870969244;true;false;10-04-2025
464311340070293;true;false;10-04-2025
YT8751883760114;true;false;10-04-2025
464311963564553;true;false;10-04-2025
9806355698118;true;false;10-04-2025
78496176331657;true;false;10-04-2025
78496219108419;true;false;10-04-2025
9806356755553;true;false;10-04-2025
464313265983353;true;false;10-04-2025
9806324339878;true;false;10-04-2025
9806354770361;true;false;10-04-2025
464310900229351;true;false;10-04-2025
9806321490974;true;false;10-04-2025
464308946382568;true;false;10-04-2025
9806321465302;true;false;10-04-2025
9806332833860;true;false;10-04-2025
464311406455908;true;false;10-04-2025
464311268435320;true;false;10-04-2025
464314432203238;true;false;10-04-2025
464311328948043;true;false;10-04-2025
464315195108704;true;false;10-04-2025
464301981418964;true;false;10-04-2025
464311407739750;true;false;10-04-2025
464308845119394;true;false;10-04-2025
464313664770683;true;false;10-04-2025
777296911103256;true;false;10-04-2025
78496031687555;true;false;10-04-2025
464311274197455;true;false;10-04-2025
78496114164297;true;false;10-04-2025
JT5366423430135;true;false;10-04-2025
777296966398013;true;false;10-04-2025
YT8751946995305;true;false;10-04-2025
JT5366827155767;true;false;10-04-2025
9806353571477;true;false;10-04-2025
9806342691854;true;false;10-04-2025
9806358711849;true;false;10-04-2025
9806292463561;true;false;10-04-2025
JT5367014745342;true;false;10-04-2025
JT5366548682820;true;false;10-04-2025
777296569108233;true;false;10-04-2025
JT5366483258471;true;false;10-04-2025
JT5366483270077;true;false;10-04-2025
JT5366695867926;true;false;10-04-2025
JT5366716126052;true;false;10-04-2025
YT8752303102989;true;false;10-04-2025
9806370915480;true;false;10-04-2025
YT8751754015048;true;false;10-04-2025
YT8752204310843;true;false;10-04-2025
YT8751866153094;true;false;10-04-2025
JT5366532739806;true;false;10-04-2025
YT8751980557040;true;false;10-04-2025
78495715774756;true;false;10-04-2025
YT8751940553918;true;false;10-04-2025
JT5367001486983;true;false;10-04-2025
JT5366601636726;true;false;10-04-2025
JT5366592254936;true;false;10-04-2025
JT5366792557355;true;false;10-04-2025
JT5366530262794;true;false;10-04-2025
777296982976541;true;false;10-04-2025
JT5366564275436;true;false;10-04-2025
777297104856229;true;false;10-04-2025
JT5366669237452;true;false;10-04-2025
JT5366580084148;true;false;10-04-2025
777296861345075;true;false;10-04-2025
777296951759705;true;false;10-04-2025
YT8751877796668;true;false;10-04-2025
777296640480720;true;false;10-04-2025
YT8752096828998;true;false;10-04-2025
JT5366514819477;true;false;10-04-2025
JT5366502397738;true;false;10-04-2025
JT5366558606623;true;false;10-04-2025
JT5366497828094;true;false;10-04-2025
JT5366527472192;true;false;10-04-2025
YT8751917940442;true;false;10-04-2025
JT5366912638561;true;false;10-04-2025
JT5366694243110;true;false;10-04-2025
JT5366579431665;true;false;10-04-2025
JT5366430058166;true;false;10-04-2025
JT5366765323493;true;false;10-04-2025
JT5366828241099;true;false;10-04-2025
777297070905370;true;false;10-04-2025
JT5366571470113;true;false;10-04-2025
JT5366530017268;true;false;10-04-2025
777297027602144;true;false;10-04-2025
JT5367044805556;true;false;10-04-2025
JT5366876178526;true;false;10-04-2025
JT5366427727327;true;false;10-04-2025
777296707243308;true;false;10-04-2025
777296703162530;true;false;10-04-2025
JT5367030056469;true;false;10-04-2025
JT5366573159994;true;false;10-04-2025
JT5366436912340;true;false;10-04-2025
JT5366754932225;true;false;10-04-2025
YT8752291156940;true;false;10-04-2025
JT5366564622773;true;false;10-04-2025
YT8752018745806;true;false;10-04-2025
JT5366787893177;true;false;10-04-2025
JT5366415397991;true;false;10-04-2025
JT5366680812441;true;false;10-04-2025
JT5366787893144;true;false;10-04-2025
777297059310823;true;false;10-04-2025
JT5366686309197;true;false;10-04-2025
JT5366813141140;true;false;10-04-2025
JT5366526043341;true;false;10-04-2025
YT8752201905378;true;false;10-04-2025
78496008401338;true;false;10-04-2025
YT8752997922722;true;false;10-04-2025
777296893337773;true;false;10-04-2025
777296929951441;true;false;10-04-2025
777296971162150;true;false;10-04-2025
777297083614799;true;false;10-04-2025
777296593653029;true;false;10-04-2025
777297122613632;true;false;10-04-2025
777296963417970;true;false;10-04-2025
YT8752246895528;true;false;10-04-2025
777297079076011;true;false;10-04-2025
777297029744724;true;false;10-04-2025
777296995780360;true;false;10-04-2025
777297076579567;true;false;10-04-2025
777296929641828;true;false;10-04-2025
YT7537245239628;true;false;10-04-2025
YT8752051163045;true;false;10-04-2025
78496220358807;true;false;11-04-2025
9806433076039;true;false;11-04-2025
9806358866968;true;false;11-04-2025
9806309022982;true;false;11-04-2025
777297102138375;true;false;11-04-2025
777297081360677;true;false;11-04-2025
9806328834736;true;false;11-04-2025
78496168293970;true;false;11-04-2025
464319531655808;true;false;11-04-2025
464311816403831;true;false;11-04-2025
777297093144743;true;false;11-04-2025
YT8752082964905;true;false;11-04-2025
78496468640360;true;false;11-04-2025
777296791302775;true;false;11-04-2025
777297038111884;true;false;11-04-2025
777297036145486;true;false;11-04-2025
JT5367495397043;true;false;11-04-2025
464310923365385;true;false;11-04-2025
777297416591167;true;false;11-04-2025
777296927577936;true;false;11-04-2025
9806332344656;true;false;11-04-2025
YT8752780026419;true;false;11-04-2025
YT8752854060651;true;false;11-04-2025
464309444698271;true;false;11-04-2025
YT8752331387338;true;false;11-04-2025
777297431834872;true;false;11-04-2025
777297393113058;true;false;11-04-2025
YT8752049142627;true;false;11-04-2025
777297431205557;true;false;11-04-2025
9806312049483;true;false;11-04-2025
464309774561252;true;false;11-04-2025
464319948512943;true;false;11-04-2025
464310184574716;true;false;11-04-2025
464311698700114;true;false;11-04-2025
9806350600370;true;false;11-04-2025
777296955022166;true;false;11-04-2025
YT8752339071804;true;false;11-04-2025
9806375077887;true;false;11-04-2025
9806310256782;true;false;11-04-2025
YT8752803582917;true;false;11-04-2025
YT8752227570244;true;false;11-04-2025
YT8752860157817;true;false;11-04-2025
9806353535833;true;false;11-04-2025
9806332051281;true;false;11-04-2025
777297168703288;true;false;11-04-2025
YT8752078647748;true;false;11-04-2025
YT8752869712204;true;false;11-04-2025
9806320273559;true;false;11-04-2025
YT8752708577706;true;false;11-04-2025
YT8752177495385;true;false;11-04-2025
78496295919915;true;false;11-04-2025
78496469240086;true;false;11-04-2025
777297160330178;true;false;11-04-2025
YT8752981607048;true;false;11-04-2025
YT8752703440696;true;false;11-04-2025
YT8752747650176;true;false;11-04-2025
777297001327127;true;false;11-04-2025
464319947880811;true;false;11-04-2025
JT5367495417056;true;false;11-04-2025
JT5367493190759;true;false;11-04-2025
464309722745964;true;false;11-04-2025
464309010496391;true;false;11-04-2025
777297259479836;true;false;11-04-2025
YT8752923359916;true;false;11-04-2025
JT5366614848317;true;false;11-04-2025
JT5367512428288;true;false;11-04-2025
JT5366806534990;true;false;11-04-2025
JT5366614398180;true;false;11-04-2025
464319509972641;true;false;11-04-2025
464310335823650;true;false;11-04-2025
464310437760063;true;false;11-04-2025
464319973666632;true;false;11-04-2025
464319712869414;true;false;11-04-2025
464309664138884;true;false;11-04-2025
466634508179390;true;false;11-04-2025
464320048186692;true;false;11-04-2025
777297142884792;true;false;11-04-2025
464309580473005;true;false;11-04-2025
78496329953716;true;false;11-04-2025
JT5366440098772;true;false;11-04-2025
78496353033806;true;false;11-04-2025
464309506912104;true;false;11-04-2025
777297162919387;true;false;11-04-2025
777297266232060;true;false;11-04-2025
777296710936484;true;false;11-04-2025
777297224372444;true;false;11-04-2025
464309998641104;true;false;11-04-2025
YT8752713424657;true;false;11-04-2025
777297290921549;true;false;11-04-2025
777296999201865;true;false;11-04-2025
78496338286082;true;false;11-04-2025
9806313201555;true;false;11-04-2025
JT5366866271679;true;false;11-04-2025
YT8752803008697;true;false;11-04-2025
JT5366858172002;true;false;11-04-2025
JT5367470357844;true;false;11-04-2025
JT5366795510875;true;false;11-04-2025
777297429454875;true;false;11-04-2025
JT5367015296602;true;false;11-04-2025
JT5366815361077;true;false;11-04-2025
JT5367013815587;true;false;11-04-2025
JT5366619877855;true;false;11-04-2025
JT5367013716019;true;false;11-04-2025
JT5367027836029;true;false;11-04-2025
JT5366792722390;true;false;11-04-2025
78496303782186;true;false;11-04-2025
JT5367571550845;true;false;11-04-2025
9806312408078;true;false;11-04-2025
9806332352432;true;false;11-04-2025
9806373342361;true;false;11-04-2025
YT8752299592526;true;false;11-04-2025
YT8752891205602;true;false;11-04-2025
464319508438352;true;false;11-04-2025
9878600935067;true;false;11-04-2025
9806298695691;true;false;11-04-2025
JT5366789384687;true;false;11-04-2025
464311230937409;true;false;11-04-2025
78496081961188;true;false;11-04-2025
777296921629422;true;false;11-04-2025
SF3158990918606;true;false;11-04-2025
777296843635515;true;false;11-04-2025
78496180001420;true;false;11-04-2025
9806365814034;true;false;11-04-2025
464312763621912;true;false;11-04-2025
777296482799535;true;false;11-04-2025
78496025605646;true;false;11-04-2025
78496173972305;true;false;11-04-2025
464311447241215;true;false;11-04-2025
9806430473264;true;false;11-04-2025
9806368080142;true;false;11-04-2025
9806310502966;true;false;11-04-2025
9806328257336;true;false;11-04-2025
78496004681439;true;false;11-04-2025
9806359039347;true;false;11-04-2025
9806331435814;true;false;11-04-2025
78496114303600;true;false;11-04-2025
777297215411672;true;false;11-04-2025
78496240962434;true;false;11-04-2025
9806331867184;true;false;11-04-2025
78496048242751;true;false;11-04-2025
78496384146620;true;false;11-04-2025
9806351413686;true;false;11-04-2025
9806367830692;true;false;11-04-2025
9806365603292;true;false;11-04-2025
78496240957996;true;false;11-04-2025
YT8752236903008;true;false;11-04-2025
777296788907942;true;false;11-04-2025
777296947102056;true;false;11-04-2025
777297056798377;true;false;11-04-2025
78496485985469;true;false;11-04-2025
78496130594064;true;false;11-04-2025
464310419049904;true;false;11-04-2025
78496034155777;true;false;11-04-2025
777296859206852;true;false;11-04-2025
78895925116806;true;false;11-04-2025
464310761068171;true;false;11-04-2025
777296937570357;true;false;11-04-2025
777296915938392;true;false;11-04-2025
777296820981042;true;false;11-04-2025
777296776038632;true;false;11-04-2025
777296850114571;true;false;11-04-2025
777297208513354;true;false;11-04-2025
464310535210026;true;false;11-04-2025
464311655688734;true;false;11-04-2025
464311720003754;true;false;11-04-2025
777297062656138;true;false;11-04-2025
777296671337305;true;false;11-04-2025
464318801952201;true;false;11-04-2025
YT7537223375788;true;false;11-04-2025
YT8752051159071;true;false;11-04-2025
464311320960807;true;false;11-04-2025
464311415849864;true;false;11-04-2025
464312817056615;true;false;11-04-2025
464905946916363;true;false;11-04-2025
YT8752263912835;true;false;11-04-2025
464311716210450;true;false;11-04-2025
777296859790445;true;false;11-04-2025
YT8752952300895;true;false;11-04-2025
YT8751776859158;true;false;11-04-2025
464309356692380;true;false;11-04-2025
464310569410005;true;false;11-04-2025
464310872616729;true;false;11-04-2025
464319741690925;true;false;11-04-2025
YT8752329356634;true;false;11-04-2025
JT5367564210572;true;false;11-04-2025
YT8752056970192;true;false;11-04-2025
78496290019182;true;false;11-04-2025
777297271194505;true;false;11-04-2025
YT8752691694967;true;false;11-04-2025
78496229801061;true;false;11-04-2025
JT5366926599787;true;false;11-04-2025
JT5367513651668;true;false;11-04-2025
JT5367576693907;true;false;11-04-2025
SF3158271928450;true;false;11-04-2025
YT8752203541419;true;false;11-04-2025
JT5367569032880;true;false;11-04-2025
78496471752436;true;false;11-04-2025
YT8752087980636;true;false;11-04-2025
JT5367446501707;true;false;11-04-2025
JT5367573416525;true;false;11-04-2025
YT8752893112999;true;false;11-04-2025
JT5366847391901;true;false;11-04-2025
JT5366865773089;true;false;11-04-2025
YT7537146305844;true;false;11-04-2025
777297286921717;true;false;11-04-2025
78496017024856;true;false;11-04-2025
YT8752700535120;true;false;11-04-2025
YT8752165200045;true;false;11-04-2025
YT8752865872892;true;false;11-04-2025
YT8752820070176;true;false;11-04-2025
464318843207549;true;false;11-04-2025
YT8752278814746;true;false;11-04-2025
464311004930083;true;false;11-04-2025
78496331574855;true;false;11-04-2025
YT7537214479059;true;false;11-04-2025
YT8752333489159;true;false;11-04-2025
JT5366843296526;true;false;11-04-2025
JT5366438983125;true;false;11-04-2025
JT5366885818215;true;false;11-04-2025
JT5367564694469;true;false;11-04-2025
JT5366593545589;true;false;11-04-2025
YT8752047346159;true;false;11-04-2025
YT8752227593924;true;false;11-04-2025
JT5366786918646;true;false;11-04-2025
JT5367607348541;true;false;11-04-2025
YT8752999892980;true;false;11-04-2025
YT8752316201321;true;false;11-04-2025
YT8752847488352;true;false;11-04-2025
JT5366451935937;true;false;11-04-2025
JT5366890793458;true;false;11-04-2025
JT5366440100425;true;false;11-04-2025
JT5366904450571;true;false;11-04-2025
JT5366754671817;true;false;11-04-2025
SF3155096528433;true;false;12-04-2025
777297149231525;true;false;12-04-2025
9806366028601;true;false;12-04-2025
9806432664885;true;false;12-04-2025
78496263940858;true;false;12-04-2025
78496304331943;true;false;12-04-2025
78496240683766;true;false;12-04-2025
78496274405867;true;false;12-04-2025
78496298973710;true;false;12-04-2025
9806334946693;true;false;12-04-2025
9806314200153;true;false;12-04-2025
9806433608522;true;false;12-04-2025
YT8752865547444;true;false;12-04-2025
9806428148696;true;false;12-04-2025
777297402248077;true;false;12-04-2025
YT8752935240606;true;false;12-04-2025
464319845802478;true;false;12-04-2025
464319456778785;true;false;12-04-2025
9806335002369;true;false;12-04-2025
9806320896601;true;false;12-04-2025
9806430972822;true;false;12-04-2025
9806341136394;true;false;12-04-2025
777297269844005;true;false;12-04-2025
9806339082544;true;false;12-04-2025
78495969062059;true;false;12-04-2025
78496291537557;true;false;12-04-2025
9806430189660;true;false;12-04-2025
78496283228788;true;false;12-04-2025
78496279530919;true;false;12-04-2025
78496375709778;true;false;12-04-2025
464320406203846;true;false;12-04-2025
464318777995868;true;false;12-04-2025
464320006774708;true;false;12-04-2025
78496369083871;true;false;12-04-2025
9806431689555;true;false;12-04-2025
9806425565487;true;false;12-04-2025
9806355426140;true;false;12-04-2025
9806428901954;true;false;12-04-2025
9806440113217;true;false;12-04-2025
777297204854397;true;false;12-04-2025
YT8752940167459;true;false;12-04-2025
9806411130140;true;false;12-04-2025
9806332813934;true;false;12-04-2025
464313163336439;true;false;12-04-2025
464320049886555;true;false;12-04-2025
777297242440129;true;false;12-04-2025
9806341676243;true;false;12-04-2025
777297289509666;true;false;12-04-2025
YT8752719491682;true;false;12-04-2025
YT8752781700073;true;false;12-04-2025
YT8752917520366;true;false;12-04-2025
9806311179620;true;false;12-04-2025
9806440190408;true;false;12-04-2025
464318772495373;true;false;12-04-2025
9806334592502;true;false;12-04-2025
464309883031273;true;false;12-04-2025
464319839202708;true;false;12-04-2025
777297165901192;true;false;12-04-2025
9806326903779;true;false;12-04-2025
9806432022375;true;false;12-04-2025
SF3165788142603;true;false;12-04-2025
777297378874089;true;false;12-04-2025
YT8752966652816;true;false;12-04-2025
777297368987305;true;false;12-04-2025
777297152458666;true;false;12-04-2025
777297413278663;true;false;12-04-2025
777297146313791;true;false;12-04-2025
777297276406023;true;false;12-04-2025
777297193479485;true;false;12-04-2025
YT8752880888988;true;false;12-04-2025
YT8752862578898;true;false;12-04-2025
777297151145263;true;false;12-04-2025
YT8752480140491;true;false;12-04-2025
777297201855601;true;false;12-04-2025
777297142337458;true;false;12-04-2025
777297247022543;true;false;12-04-2025
YT8752722716651;true;false;12-04-2025
777297266131894;true;false;12-04-2025
777297000159765;true;false;12-04-2025
YT8752894611277;true;false;12-04-2025
777297197975123;true;false;12-04-2025
777297451272085;true;false;12-04-2025
YT8752717764683;true;false;12-04-2025
YT8752993299725;true;false;12-04-2025
YT8752801449751;true;false;12-04-2025
YT8752744744337;true;false;12-04-2025
YT8752337652582;true;false;12-04-2025
YT8752778796861;true;false;12-04-2025
YT8752443281984;true;false;12-04-2025
YT7537507687514;true;false;12-04-2025
YT8752629421616;true;false;12-04-2025
YT8752906745860;true;false;12-04-2025
YT8752959469034;true;false;12-04-2025
YT8752748063917;true;false;12-04-2025
YT8752617098497;true;false;12-04-2025
YT8752294943349;true;false;12-04-2025
YT8752953162526;true;false;12-04-2025
78496588124981;true;false;12-04-2025
78496690332717;true;false;12-04-2025
78496611467578;true;false;12-04-2025
78496645320604;true;false;12-04-2025
464320626709089;true;false;12-04-2025
78496424827625;true;false;12-04-2025
YT8752529045079;true;false;12-04-2025
78496470156616;true;false;12-04-2025
78496604833912;true;false;12-04-2025
78496405119162;true;false;12-04-2025
78496751810014;true;false;12-04-2025
YT8752827751120;true;false;12-04-2025
YT8752478658522;true;false;12-04-2025
YT8752688976676;true;false;12-04-2025
78496731308199;true;false;12-04-2025
78496305953030;true;false;12-04-2025
78496334186854;true;false;12-04-2025
78496702930783;true;false;12-04-2025
78496702214816;true;false;12-04-2025
78496600434160;true;false;12-04-2025
78496750947655;true;false;12-04-2025
78496670230287;true;false;12-04-2025
YT8752535673187;true;false;12-04-2025
YT8752484462517;true;false;12-04-2025
YT8752499746136;true;false;12-04-2025
777297283748695;true;false;12-04-2025
464319866998104;true;false;12-04-2025
777297591919190;true;false;12-04-2025
78496470958713;true;false;12-04-2025
YT8752495700233;true;false;12-04-2025
464309124278709;true;false;12-04-2025
JT5367536319470;true;false;12-04-2025
464310139353616;true;false;12-04-2025
777297209135544;true;false;12-04-2025
YT8752567251115;true;false;12-04-2025
777297234020821;true;false;12-04-2025
777297552974499;true;false;12-04-2025
777297509306346;true;false;12-04-2025
777297552926484;true;false;12-04-2025
434516015183184;true;false;12-04-2025
777297176574845;true;false;12-04-2025
777297519685196;true;false;12-04-2025
777297349601360;true;false;12-04-2025
JT5367147237463;true;false;12-04-2025
464309017289384;true;false;12-04-2025
JT5367145744571;true;false;12-04-2025
JT5367508384176;true;false;12-04-2025
JT5367663740896;true;false;12-04-2025
JT3115543208879;true;false;12-04-2025
JT5367115604650;true;false;12-04-2025
JT5366940063623;true;false;12-04-2025
JT5367423832578;true;false;12-04-2025
JT5367096705251;true;false;12-04-2025
JT5367525937463;true;false;12-04-2025
464320189639483;true;false;12-04-2025
JT5367093600882;true;false;12-04-2025
JT5367486135656;true;false;12-04-2025
JT5367131740276;true;false;12-04-2025
JT5367139010607;true;false;12-04-2025
JT5367755274665;true;false;12-04-2025
JT5367451734753;true;false;12-04-2025
JT5367114721534;true;false;12-04-2025
JT5367526656950;true;false;12-04-2025
JT5367482362680;true;false;12-04-2025
78496528158133;true;false;12-04-2025
YT8752862579118;true;false;12-04-2025
464320395516937;true;false;12-04-2025
464321165208214;true;false;12-04-2025
464321934126215;true;false;12-04-2025
464321013268341;true;false;12-04-2025
YT8752516114494;true;false;12-04-2025
464320602588476;true;false;12-04-2025
YT8752513055170;true;false;12-04-2025
YT8752599410139;true;false;12-04-2025
9806440063928;true;false;12-04-2025
78496714119647;true;false;12-04-2025
78496639118123;true;false;12-04-2025
JT5367543551698;true;false;12-04-2025
JT5367102090181;true;false;12-04-2025
9806325467199;true;false;12-04-2025
JT5367192491876;true;false;12-04-2025
9806441756586;true;false;12-04-2025
JT5367491096093;true;false;12-04-2025
JT5367621362794;true;false;12-04-2025
JT5367547197516;true;false;12-04-2025
JT5366953223785;true;false;12-04-2025
JT5367076685926;true;false;12-04-2025
JT5367732655167;true;false;12-04-2025
JT5366942692762;true;false;12-04-2025
777297144948919;true;false;12-04-2025
JT5367083361028;true;false;12-04-2025
JT5367584220467;true;false;12-04-2025
JT5367199306887;true;false;12-04-2025
JT5366972051362;true;false;12-04-2025
JT5367496068649;true;false;12-04-2025
JT5367163184851;true;false;12-04-2025
JT5367475158811;true;false;12-04-2025
JT5367097673141;true;false;12-04-2025
JT5367101365205;true;false;12-04-2025
9806411185517;true;false;12-04-2025
78496593869894;true;false;12-04-2025
JT5367441592938;true;false;12-04-2025
9806442098316;true;false;12-04-2025
464320363035716;true;false;12-04-2025
9806341357499;true;false;12-04-2025
9806412991638;true;false;12-04-2025
JT5366923588558;true;false;12-04-2025
464320862045876;true;false;12-04-2025
466407833475218;true;false;12-04-2025
464321108022407;true;false;12-04-2025
777297512867666;true;false;12-04-2025
777297118489247;true;false;12-04-2025
777297559749620;true;false;12-04-2025
464319882970514;true;false;12-04-2025
YT8752424585586;true;false;12-04-2025
777297471418555;true;false;12-04-2025
777297351731205;true;false;12-04-2025
777297480671052;true;false;12-04-2025
777297521620489;true;false;12-04-2025
777297460003793;true;false;12-04-2025
777297295548742;true;false;12-04-2025
777297517489521;true;false;12-04-2025
777297623290554;true;false;12-04-2025
434513218753747;true;false;12-04-2025
JT5366759591941;true;false;12-04-2025
JT5367697253152;true;false;12-04-2025
777297517131268;true;false;12-04-2025
JT5367491833752;true;false;12-04-2025
JT5367138998580;true;false;12-04-2025
JT5367544776570;true;false;12-04-2025
JT5367082178133;true;false;12-04-2025
777297536466845;true;false;12-04-2025
9806312974246;true;false;12-04-2025
9806336922053;true;false;12-04-2025
9806327402300;true;false;12-04-2025
464321130818835;true;false;12-04-2025
777297298868870;true;false;12-04-2025
777297461784288;true;false;12-04-2025
773348835192630;true;false;12-04-2025
464320162806595;true;false;12-04-2025
464309968496367;true;false;12-04-2025
464319284568670;true;false;12-04-2025
9806330320883;true;false;12-04-2025
464321956939968;true;false;12-04-2025
464321773397004;true;false;12-04-2025
464309525966932;true;false;12-04-2025
8244457960712;true;false;13-04-2025
78496678867317;true;false;13-04-2025
9806412364371;true;false;13-04-2025
9806317693643;true;false;13-04-2025
9806435975029;true;false;13-04-2025
78896455625288;true;false;13-04-2025
78496684171752;true;false;13-04-2025
78496632307959;true;false;13-04-2025
9878619684310;true;false;13-04-2025
78496524806616;true;false;13-04-2025
9806411668891;true;false;13-04-2025
464321590852956;true;false;13-04-2025
78496683538458;true;false;13-04-2025
YT8752649230971;true;false;13-04-2025
78496612016639;true;false;13-04-2025
464316180103463;true;false;13-04-2025
78496568201314;true;false;13-04-2025
78496609530112;true;false;13-04-2025
777297319018118;true;false;13-04-2025
78496337936486;true;false;13-04-2025
78496584533508;true;false;13-04-2025
78496579374162;true;false;13-04-2025
78496508409128;true;false;13-04-2025
9806326052978;true;false;13-04-2025
9806437632674;true;false;13-04-2025
9806339866000;true;false;13-04-2025
9806410145440;true;false;13-04-2025
78496556191408;true;false;13-04-2025
78496427846241;true;false;13-04-2025
9806439448347;true;false;13-04-2025
9806339817290;true;false;13-04-2025
464321219073420;true;false;13-04-2025
YT8752501065680;true;false;13-04-2025
9806413483031;true;false;13-04-2025
9806424768213;true;false;13-04-2025
9806434972141;true;false;13-04-2025
464321638610119;true;false;13-04-2025
YT8752628475245;true;false;13-04-2025
9806409119526;true;false;13-04-2025
777297925351885;true;false;13-04-2025
9806422583588;true;false;13-04-2025
464320664805044;true;false;13-04-2025
464319447073347;true;false;13-04-2025
777297472857120;true;false;13-04-2025
777297374665214;true;false;13-04-2025
78496476955436;true;false;13-04-2025
YT8753501439875;true;false;13-04-2025
78496685395597;true;false;13-04-2025
777297340348446;true;false;13-04-2025
464316562209254;true;false;13-04-2025
464320652340053;true;false;13-04-2025
9806439639057;true;false;13-04-2025
YT8752481757717;true;false;13-04-2025
9806414298934;true;false;13-04-2025
464316896094319;true;false;13-04-2025
9806433194780;true;false;13-04-2025
464315982971904;true;false;13-04-2025
464320335274219;true;false;13-04-2025
464316266198014;true;false;13-04-2025
YT8752480161380;true;false;13-04-2025
464309609781231;true;false;13-04-2025
464321085307366;true;false;13-04-2025
464315438411230;true;false;13-04-2025
464321305921406;true;false;13-04-2025
464320653133395;true;false;13-04-2025
464316235853440;true;false;13-04-2025
464319089890504;true;false;13-04-2025
777297571725888;true;false;13-04-2025
YT8752439795293;true;false;13-04-2025
777297212827343;true;false;13-04-2025
78496906076553;true;false;13-04-2025
777297215157225;true;false;13-04-2025
777297368288417;true;false;13-04-2025
YT8752694386300;true;false;13-04-2025
777297355957863;true;false;13-04-2025
SF3178851510910;true;false;13-04-2025
777297727937672;true;false;13-04-2025
777297667384683;true;false;13-04-2025
777297613522406;true;false;13-04-2025
777297313040660;true;false;13-04-2025
YT8752642101201;true;false;13-04-2025
777297554540638;true;false;13-04-2025
777297308660182;true;false;13-04-2025
777297154819121;true;false;13-04-2025
777297318821134;true;false;13-04-2025
777297361418515;true;false;13-04-2025
YT8752646878556;true;false;13-04-2025
777297324033907;true;false;13-04-2025
YT8752589333710;true;false;13-04-2025
YT8752459651254;true;false;13-04-2025
YT8753590644404;true;false;13-04-2025
777297758979608;true;false;13-04-2025
YT8752506812485;true;false;13-04-2025
SF3157726278106;true;false;13-04-2025
78496945899439;true;false;13-04-2025
YT8753589743334;true;false;13-04-2025
YT8752584311135;true;false;13-04-2025
YT8752519591540;true;false;13-04-2025
YT8752603440648;true;false;13-04-2025
YT8752423805799;true;false;13-04-2025
YT8752858728902;true;false;13-04-2025
YT8752650976765;true;false;13-04-2025
YT8752597717012;true;false;13-04-2025
YT8752564379405;true;false;13-04-2025
YT8752481757896;true;false;13-04-2025
YT8752444036787;true;false;13-04-2025
YT8753628315447;true;false;13-04-2025
YT7537650032122;true;false;13-04-2025
YT8752375749891;true;false;13-04-2025
78496837810411;true;false;13-04-2025
YT8752488222276;true;false;13-04-2025
YT8752604347887;true;false;13-04-2025
78496925606911;true;false;13-04-2025
YT8753542993660;true;false;13-04-2025
YT8752557326597;true;false;13-04-2025
YT8753611142322;true;false;13-04-2025
YT8752744529578;true;false;13-04-2025
YT8753521502296;true;false;13-04-2025
YT8753540284955;true;false;13-04-2025
78496869309852;true;false;13-04-2025
YT8753511652204;true;false;13-04-2025
YT8753638333969;true;false;13-04-2025
1360012551007;true;false;13-04-2025
SF3162358952424;true;false;13-04-2025
YT8752644246919;true;false;13-04-2025
YT8752489629032;true;false;13-04-2025
YT8753595905494;true;false;13-04-2025
YT8753617180443;true;false;13-04-2025
YT8752595571812;true;false;13-04-2025
78496908911157;true;false;13-04-2025
YT8752436403805;true;false;13-04-2025
78496926066936;true;false;13-04-2025
78496748886996;true;false;13-04-2025
78496969569643;true;false;13-04-2025
YT8753638188907;true;false;13-04-2025
YT8612399767734;true;false;13-04-2025
78896827750712;true;false;13-04-2025
YT8752627043771;true;false;13-04-2025
YT8753595137521;true;false;13-04-2025
YT8752448541203;true;false;13-04-2025
YT8753626107011;true;false;13-04-2025
YT8752452029463;true;false;13-04-2025
78496970411514;true;false;13-04-2025
YT8753654451250;true;false;13-04-2025
YT8753516566676;true;false;13-04-2025
78896797272192;true;false;13-04-2025
YT8753592284758;true;false;13-04-2025
78896532639264;true;false;13-04-2025
777297666618349;true;false;13-04-2025
YT8752517368845;true;false;13-04-2025
9806423475852;true;false;13-04-2025
78496909027551;true;false;13-04-2025
9806417289986;true;false;13-04-2025
78496599982599;true;false;13-04-2025
YT8753533566749;true;false;13-04-2025
YT8753532308887;true;false;13-04-2025
JT5367107388860;true;false;13-04-2025
JT5367671724091;true;false;13-04-2025
JT5368114767377;true;false;13-04-2025
JT5367666910079;true;false;13-04-2025
JT5367633043590;true;false;13-04-2025
JT5367740709080;true;false;13-04-2025
JT5367202779789;true;false;13-04-2025
JT5367225692703;true;false;13-04-2025
JT5367132413152;true;false;13-04-2025
JT5367382705240;true;false;13-04-2025
JT5368107055311;true;false;13-04-2025
JT5367126815066;true;false;13-04-2025
JT5367286024033;true;false;13-04-2025
434516885596239;true;false;13-04-2025
777297328465445;true;false;13-04-2025
JT5367541891754;true;false;13-04-2025
464316054149346;true;false;13-04-2025
JT5367122235344;true;false;13-04-2025
78496908920494;true;false;13-04-2025
JT5368120441296;true;false;13-04-2025
JT5367687915835;true;false;13-04-2025
JT3115560740317;true;false;13-04-2025
JT5367159828770;true;false;13-04-2025
464318128943946;true;false;13-04-2025
JT5367695842433;true;false;13-04-2025
JT5368199262997;true;false;13-04-2025
JT5367119000916;true;false;13-04-2025
JT5367121624144;true;false;13-04-2025
JT5367529860959;true;false;13-04-2025
464320732242823;true;false;13-04-2025
464316674189271;true;false;13-04-2025
464320488469668;true;false;13-04-2025
JT5367115332449;true;false;13-04-2025
464315792732156;true;false;13-04-2025
JT5367221580005;true;false;13-04-2025
464317319175966;true;false;13-04-2025
464318437961575;true;false;13-04-2025
464318410496339;true;false;13-04-2025
464316572504695;true;false;13-04-2025
464315709047543;true;false;13-04-2025
JT5367665702465;true;false;13-04-2025
JT5367631379321;true;false;13-04-2025
JT5367139409275;true;false;13-04-2025
464320932374598;true;false;13-04-2025
464317815668114;true;false;13-04-2025
464318568430785;true;false;13-04-2025
464321459286541;true;false;13-04-2025
464317912448554;true;false;13-04-2025
777297960254916;true;false;13-04-2025
464320332670052;true;false;13-04-2025
464319587435259;true;false;13-04-2025
464315871785871;true;false;13-04-2025
464317799005811;true;false;13-04-2025
777297887550997;true;false;13-04-2025
777297892961526;true;false;13-04-2025
777297434351562;true;false;13-04-2025
777297595088158;true;false;13-04-2025
777297690095545;true;false;13-04-2025
777297938462534;true;false;13-04-2025
777297927819595;true;false;13-04-2025
777297787236132;true;false;13-04-2025
777297133695076;true;false;13-04-2025
777297357232925;true;false;13-04-2025
777297552685033;true;false;13-04-2025
777297916999062;true;false;13-04-2025
777297655462370;true;false;13-04-2025
777297428443683;true;false;13-04-2025
777297570239756;true;false;13-04-2025
777297590958892;true;false;13-04-2025
777297559082791;true;false;13-04-2025
777297641119734;true;false;13-04-2025
9806412268164;true;false;13-04-2025
9806413258583;true;false;13-04-2025
9806412843583;true;false;13-04-2025
9806407314056;true;false;13-04-2025
9806422384193;true;false;13-04-2025
9806438066195;true;false;13-04-2025
9806436588033;true;false;13-04-2025
777297960493550;true;false;14-04-2025
8243495903512;true;false;14-04-2025
9806406368728;true;false;14-04-2025
78496857715259;true;false;14-04-2025
78497091058990;true;false;14-04-2025
78496763697530;true;false;14-04-2025
78496870679195;true;false;14-04-2025
78496938741494;true;false;14-04-2025
78496802781360;true;false;14-04-2025
78496743648991;true;false;14-04-2025
9806395368473;true;false;14-04-2025
78496967616406;true;false;14-04-2025
78496790848633;true;false;14-04-2025
78496806246566;true;false;14-04-2025
464315412011076;true;false;14-04-2025
78496828658669;true;false;14-04-2025
464315625128625;true;false;14-04-2025
JT5368194562143;true;false;14-04-2025
78496813288125;true;false;14-04-2025
78496927155090;true;false;14-04-2025
78496874168101;true;false;14-04-2025
78496781530876;true;false;14-04-2025
9806421989442;true;false;14-04-2025
464327696960896;true;false;14-04-2025
YT8753525086673;true;false;14-04-2025
78496567678617;true;false;14-04-2025
78496927474250;true;false;14-04-2025
JT5367840024573;true;false;14-04-2025
9806399169162;true;false;14-04-2025
78496792637891;true;false;14-04-2025
9806483056539;true;false;14-04-2025
9806405906315;true;false;14-04-2025
YT8753590125347;true;false;14-04-2025
9806405083376;true;false;14-04-2025
78496878759544;true;false;14-04-2025
78496793219186;true;false;14-04-2025
9806417637856;true;false;14-04-2025
464316595704327;true;false;14-04-2025
9806405927571;true;false;14-04-2025
9806425437513;true;false;14-04-2025
78496864031215;true;false;14-04-2025
464317304127985;true;false;14-04-2025
9806395440297;true;false;14-04-2025
78496888867647;true;false;14-04-2025
9806399969510;true;false;14-04-2025
9806392701038;true;false;14-04-2025
9806420771837;true;false;14-04-2025
78496844640439;true;false;14-04-2025
464328419889359;true;false;14-04-2025
9806413857515;true;false;14-04-2025
464327526269088;true;false;14-04-2025
78496921969669;true;false;14-04-2025
9806405302648;true;false;14-04-2025
YT8752345595394;true;false;14-04-2025
464318329391966;true;false;14-04-2025
464317974347247;true;false;14-04-2025
464320516995892;true;false;14-04-2025
464315938145661;true;false;14-04-2025
464318562198037;true;false;14-04-2025
464315521239481;true;false;14-04-2025
YT8753404912381;true;false;14-04-2025
464318329399671;true;false;14-04-2025
464318404644927;true;false;14-04-2025
YT8753350624769;true;false;14-04-2025
YT8752410183554;true;false;14-04-2025
78497186941985;true;false;14-04-2025
YT7538066950376;true;false;14-04-2025
YT8753491867847;true;false;14-04-2025
YT8753590230131;true;false;14-04-2025
464315795238255;true;false;14-04-2025
JT5368108731201;true;false;14-04-2025
YT8753452259403;true;false;14-04-2025
YT8753682491549;true;false;14-04-2025
YT8752518438783;true;false;14-04-2025
YT8752931944478;true;false;14-04-2025
YT8753483818389;true;false;14-04-2025
YT8752354141469;true;false;14-04-2025
8243017157412;true;false;14-04-2025
YT8753207373011;true;false;14-04-2025
YT8752358075788;true;false;14-04-2025
464318329397865;true;false;14-04-2025
YT8753543499501;true;false;14-04-2025
78497046541923;true;false;14-04-2025
78497118854404;true;false;14-04-2025
JT5368260603917;true;false;14-04-2025
YT8753644846996;true;false;14-04-2025
YT8753626749886;true;false;14-04-2025
YT8753349288583;true;false;14-04-2025
78497084257575;true;false;14-04-2025
YT8752350308305;true;false;14-04-2025
YT8752434346775;true;false;14-04-2025
JT5368411316654;true;false;14-04-2025
78897123395570;true;false;14-04-2025
78497089727532;true;false;14-04-2025
78496865039363;true;false;14-04-2025
JT5368101736507;true;false;14-04-2025
78497201770836;true;false;14-04-2025
JT5367301386679;true;false;14-04-2025
78497167674073;true;false;14-04-2025
78497116494231;true;false;14-04-2025
78496970945374;true;false;14-04-2025
78497197113912;true;false;14-04-2025
78496971153168;true;false;14-04-2025
78496903413716;true;false;14-04-2025
YT8753589230999;true;false;14-04-2025
JT5367305031672;true;false;14-04-2025
JT5367256743477;true;false;14-04-2025
78496781018513;true;false;14-04-2025
YT8753293056494;true;false;14-04-2025
JT5368130028643;true;false;14-04-2025
JT5368408596196;true;false;14-04-2025
JT5367368472174;true;false;14-04-2025
78496811541540;true;false;14-04-2025
JT5368328099076;true;false;14-04-2025
JT5367365596220;true;false;14-04-2025
JT5367347210940;true;false;14-04-2025
JT5367785009961;true;false;14-04-2025
JT5368098471867;true;false;14-04-2025
JT5367240834542;true;false;14-04-2025
JT5367765083927;true;false;14-04-2025
JT5367393028354;true;false;14-04-2025
JT5368212503189;true;false;14-04-2025
JT5368140376442;true;false;14-04-2025
JT5368397675950;true;false;14-04-2025
777297200755333;true;false;14-04-2025
464317476078435;true;false;14-04-2025
JT5368335108120;true;false;14-04-2025
464327843979101;true;false;14-04-2025
JT5368350147326;true;false;14-04-2025
JT5368126683138;true;false;14-04-2025
JT5367276895813;true;false;14-04-2025
JT5367256828956;true;false;14-04-2025
777297646679091;true;false;14-04-2025
777298046367628;true;false;14-04-2025
777297655526485;true;false;14-04-2025
464315319865188;true;false;14-04-2025
777297830500134;true;false;14-04-2025
777297900238427;true;false;14-04-2025
777297664117234;true;false;14-04-2025
777297640631163;true;false;14-04-2025
JT5368411128054;true;false;14-04-2025
777298043444021;true;false;14-04-2025
777297889486988;true;false;14-04-2025
777297682034851;true;false;14-04-2025
777297612839383;true;false;14-04-2025
777297916393485;true;false;14-04-2025
JT5367555713886;true;false;14-04-2025
JT5367375003686;true;false;14-04-2025
773349186272101;true;false;14-04-2025
777297888108066;true;false;14-04-2025
777297705482330;true;false;14-04-2025
777297774301283;true;false;14-04-2025
777297883222476;true;false;14-04-2025
777297699134534;true;false;14-04-2025
773349056776813;true;false;14-04-2025
777298062335130;true;false;14-04-2025
777297747331148;true;false;14-04-2025
464327213710078;true;false;14-04-2025
776430121073525;true;false;14-04-2025
777297891766732;true;false;14-04-2025
777297997690536;true;false;14-04-2025
777297682236419;true;false;14-04-2025
464327827006411;true;false;14-04-2025
777297605382912;true;false;14-04-2025
YT8753225055085;true;false;14-04-2025
YT8753473204743;true;false;14-04-2025
YT8753234661165;true;false;14-04-2025
YT8753432584671;true;false;14-04-2025
73549920941487;true;false;14-04-2025
8243496957112;true;false;14-04-2025
8243485451712;true;false;14-04-2025
9806382417315;true;false;14-04-2025
9806411850315;true;false;14-04-2025
JT5368233214445;true;false;14-04-2025
78497105256079;true;false;14-04-2025
JT5368156894203;true;false;14-04-2025
JT5367371375284;true;false;14-04-2025
JT5367238958367;true;false;14-04-2025
777297900178722;true;false;14-04-2025
JT5367264080495;true;false;14-04-2025
777297745480514;true;false;14-04-2025
777297932806533;true;false;14-04-2025
YT8753286143411;true;false;14-04-2025
464328599918456;true;false;14-04-2025
464317380140512;true;false;14-04-2025
777298103607932;true;false;14-04-2025
YT8753355963122;true;false;14-04-2025
78497015756256;true;false;14-04-2025
464317986328233;true;false;14-04-2025
464327664207431;true;false;14-04-2025
464316477743135;true;false;14-04-2025
777297906999584;true;false;14-04-2025
777298026126255;true;false;14-04-2025
777297961494551;true;false;14-04-2025
777298086449028;true;false;14-04-2025
777297841038957;true;false;14-04-2025
777298013934766;true;false;14-04-2025
777297822559446;true;false;14-04-2025
777297960777081;true;false;14-04-2025
777297870106305;true;false;14-04-2025
777298113794539;true;false;14-04-2025
777297956142491;true;false;14-04-2025
777297936493247;true;false;14-04-2025
777297730647059;true;false;14-04-2025
YT8752529416783;true;false;14-04-2025
777298046126906;true;false;14-04-2025
777298101830055;true;false;14-04-2025
JT5367233507909;true;false;14-04-2025
YT8753312322641;true;false;14-04-2025
YT8752889675909;true;false;14-04-2025
YT8753563074023;true;false;14-04-2025
YT8753355809112;true;false;14-04-2025
YT8753506974520;true;false;14-04-2025
YT8753277374914;true;false;14-04-2025
777297781823140;true;false;14-04-2025
YT8753397622863;true;false;14-04-2025
777297822268224;true;false;14-04-2025
YT8753578984470;true;false;14-04-2025
YT8753327491206;true;false;14-04-2025
YT8753386772964;true;false;14-04-2025
YT8753473910095;true;false;14-04-2025
9806385949608;true;false;14-04-2025
9806486150167;true;false;14-04-2025
9806389351895;true;false;14-04-2025
9806400463214;true;false;14-04-2025
9806388826624;true;false;14-04-2025
777298068764968;true;false;14-04-2025
9806480963623;true;false;14-04-2025
JT5367322225213;true;false;14-04-2025
9806419137560;true;false;14-04-2025
JDVB39916691390;true;false;14-04-2025
YT8752352215296;true;false;14-04-2025
YT8753615403681;true;false;14-04-2025
464327604927949;true;false;14-04-2025
YT8753521595430;true;false;14-04-2025
JT5368168889529;true;false;14-04-2025
JT5367369732824;true;false;14-04-2025
JT5367261714516;true;false;14-04-2025
464317636872415;true;false;14-04-2025
464327828545393;true;false;14-04-2025
JT5367356537772;true;false;14-04-2025
JT5367399356205;true;false;14-04-2025
JT5368193899461;true;false;14-04-2025
464320315852623;true;false;14-04-2025
JT5367249296327;true;false;14-04-2025
JT9000322670062;true;false;14-04-2025
JT5368229217970;true;false;14-04-2025
JT5367322225213;true;false;14-04-2025
JT5368312086338;true;false;14-04-2025
464327891054071;true;false;14-04-2025
78497013501993;true;false;14-04-2025
777297791947272;true;false;14-04-2025
78497125135576;true;false;14-04-2025
777297986160995;true;false;14-04-2025
YT8753376213703;true;false;14-04-2025
464318301897555;true;false;14-04-2025
464317135329484;true;false;14-04-2025
78497167057112;true;false;15-04-2025
777298180043166;true;false;15-04-2025
777298216402142;true;false;15-04-2025
78497076514231;true;false;15-04-2025
78496997574569;true;false;15-04-2025
777297875398055;true;false;15-04-2025
777298220757246;true;false;15-04-2025
777298299356345;true;false;15-04-2025
78497020484867;true;false;15-04-2025
78497092063225;true;false;15-04-2025
78497026471345;true;false;15-04-2025
777298185946596;true;false;15-04-2025
78497263601476;true;false;15-04-2025
464328147867799;true;false;15-04-2025
78497023587649;true;false;15-04-2025
464317579172163;true;false;15-04-2025
464324758191929;true;false;15-04-2025
73549995618998;true;false;15-04-2025
78496867881537;true;false;15-04-2025
YT8753355330766;true;false;15-04-2025
78497038509222;true;false;15-04-2025
78497123023741;true;false;15-04-2025
464327225058911;true;false;15-04-2025
777298042950941;true;false;15-04-2025
78497007272717;true;false;15-04-2025
78497483836704;true;false;15-04-2025
78497051288323;true;false;15-04-2025
464317493265076;true;false;15-04-2025
777297812747600;true;false;15-04-2025
777297978724765;true;false;15-04-2025
777298059504382;true;false;15-04-2025
777297864017230;true;false;15-04-2025
777297944333472;true;false;15-04-2025
777297978000433;true;false;15-04-2025
777297815172191;true;false;15-04-2025
777297838083999;true;false;15-04-2025
777297811006149;true;false;15-04-2025
777297767741422;true;false;15-04-2025
464327702858541;true;false;15-04-2025
464325760616820;true;false;15-04-2025
464326779722934;true;false;15-04-2025
464328498583765;true;false;15-04-2025
9806403368940;true;false;15-04-2025
777297805055862;true;false;15-04-2025
777298204859903;true;false;15-04-2025
464328468805888;true;false;15-04-2025
777297875400640;true;false;15-04-2025
464327886215781;true;false;15-04-2025
464327782779432;true;false;15-04-2025
464328546487293;true;false;15-04-2025
464328035616139;true;false;15-04-2025
464325707311932;true;false;15-04-2025
9806384085513;true;false;15-04-2025
9806389863630;true;false;15-04-2025
9806481186429;true;false;15-04-2025
777298033823598;true;false;15-04-2025
777298059218333;true;false;15-04-2025
464328008957369;true;false;15-04-2025
777298302521699;true;false;15-04-2025
464328053245939;true;false;15-04-2025
464317417626649;true;false;15-04-2025
464328207553865;true;false;15-04-2025
YT8753328207602;true;false;15-04-2025
9806498969526;true;false;15-04-2025
464326866941300;true;false;15-04-2025
YT8753431001966;true;false;15-04-2025
9806380233210;true;false;15-04-2025
777297668284955;true;false;15-04-2025
777298021409424;true;false;15-04-2025
9806386807240;true;false;15-04-2025
464317639977719;true;false;15-04-2025
777298008412934;true;false;15-04-2025
464327216202897;true;false;15-04-2025
YT8753431038641;true;false;15-04-2025
YT8753415304227;true;false;15-04-2025
464318212790360;true;false;15-04-2025
464317518318320;true;false;15-04-2025
9806478459388;true;false;15-04-2025
9806481983720;true;false;15-04-2025
464328671816797;true;false;15-04-2025
9806483952408;true;false;15-04-2025
464317671175999;true;false;15-04-2025
9806384061145;true;false;15-04-2025
YT8753286044657;true;false;15-04-2025
YT8753318579977;true;false;15-04-2025
YT8753324340059;true;false;15-04-2025
464325848850938;true;false;15-04-2025
9806388269591;true;false;15-04-2025
9806482098426;true;false;15-04-2025
9806379065195;true;false;15-04-2025
464328213516906;true;false;15-04-2025
464317418912581;true;false;15-04-2025
9806481842321;true;false;15-04-2025
9806477922429;true;false;15-04-2025
9806477469944;true;false;15-04-2025
9806405722484;true;false;15-04-2025
78497481309096;true;false;15-04-2025
78497401593166;true;false;15-04-2025
78497405138887;true;false;15-04-2025
78497430798613;true;false;15-04-2025
78497423308872;true;false;15-04-2025
YT8753089493155;true;false;15-04-2025
78497412211424;true;false;15-04-2025
78497472603855;true;false;15-04-2025
78497158758741;true;false;15-04-2025
78497435943808;true;false;15-04-2025
78497229195899;true;false;15-04-2025
78497111983057;true;false;15-04-2025
YT8753337168886;true;false;15-04-2025
YT8753440325752;true;false;15-04-2025
YT8753304525272;true;false;15-04-2025
YT8753359113611;true;false;15-04-2025
YT8753440546351;true;false;15-04-2025
78497353643280;true;false;15-04-2025
YT8753456321430;true;false;15-04-2025
795775326643;true;false;15-04-2025
9806326396464;true;false;15-04-2025
78497065984022;true;false;15-04-2025
78497411480900;true;false;15-04-2025
9806388760040;true;false;15-04-2025
9806489499413;true;false;15-04-2025
78497432533855;true;false;15-04-2025
9806486816117;true;false;15-04-2025
9806444371202;true;false;15-04-2025
9806485516381;true;false;15-04-2025
9806408556864;true;false;15-04-2025
9806476461152;true;false;15-04-2025
YT8754299141335;true;false;15-04-2025
YT8753428664712;true;false;15-04-2025
9806477589647;true;false;15-04-2025
YT8753487325399;true;false;15-04-2025
464327992232801;true;false;15-04-2025
464325943391811;true;false;15-04-2025
464317413880433;true;false;15-04-2025
464325116462670;true;false;15-04-2025
464324431062489;true;false;15-04-2025
JT5368423453549;true;false;15-04-2025
464317476719572;true;false;15-04-2025
464325157289355;true;false;15-04-2025
464325042709400;true;false;15-04-2025
464325025204203;true;false;15-04-2025
YT8753319177055;true;false;15-04-2025
YT8753319191930;true;false;15-04-2025
464318157565984;true;false;15-04-2025
YT8754224697638;true;false;15-04-2025
YT8753403047710;true;false;15-04-2025
YT8753409024953;true;false;15-04-2025
YT8753045581795;true;false;15-04-2025
YT8753445449758;true;false;15-04-2025
YT8753274139659;true;false;15-04-2025
464325108371232;true;false;15-04-2025
464325854113335;true;false;15-04-2025
JT5368200729233;true;false;15-04-2025
JT5367984155104;true;false;15-04-2025
464325399866803;true;false;15-04-2025
JT5367897021938;true;false;15-04-2025
JT5368076964915;true;false;15-04-2025
78497241848002;true;false;15-04-2025
JT5368226817640;true;false;15-04-2025
777298361938490;true;false;15-04-2025
78497369500730;true;false;15-04-2025
JT5368310473400;true;false;15-04-2025
YT8753047271838;true;false;15-04-2025
JT5368235094803;true;false;15-04-2025
JT5367968003462;true;false;15-04-2025
777298210431817;true;false;15-04-2025
JT5367945024759;true;false;15-04-2025
JT5367939923040;true;false;15-04-2025
JT5368376098034;true;false;15-04-2025
JT5367952471441;true;false;15-04-2025
JT5367342817360;true;false;15-04-2025
JT5368225690524;true;false;15-04-2025
JT5368335071098;true;false;15-04-2025
464324981301764;true;false;15-04-2025
777298213473357;true;false;15-04-2025
464324979419751;true;false;15-04-2025
JT5368884070250;true;false;15-04-2025
JT5368282652441;true;false;15-04-2025
JT3115828031836;true;false;15-04-2025
JT5368854060095;true;false;15-04-2025
JT5368370096038;true;false;15-04-2025
JT5367995307791;true;false;15-04-2025
JT5368005991232;true;false;15-04-2025
464317472204969;true;false;15-04-2025
JT5368328131903;true;false;15-04-2025
JT5367982937068;true;false;15-04-2025
JT5368861936157;true;false;15-04-2025
JT5367795123086;true;false;15-04-2025
JT5368241726328;true;false;15-04-2025
464325124210442;true;false;15-04-2025
JT5368002557211;true;false;15-04-2025
JT5367781090700;true;false;15-04-2025
JT5368049361836;true;false;15-04-2025
777298117607317;true;false;15-04-2025
JT5368034560942;true;false;15-04-2025
JT5367971829779;true;false;15-04-2025
JT5367977452172;true;false;15-04-2025
JT5367983219643;true;false;15-04-2025
JT5368322245298;true;false;15-04-2025
JT5368130231633;true;false;15-04-2025
777298347679747;true;false;15-04-2025
JT5368284028147;true;false;15-04-2025
777297868468475;true;false;15-04-2025
777298372869700;true;false;15-04-2025
JT5367985075249;true;false;15-04-2025
JT5367902333146;true;false;15-04-2025
777298244478160;true;false;15-04-2025
777298398517011;true;false;15-04-2025
777298297214154;true;false;15-04-2025
777298226286607;true;false;15-04-2025
78497206885712;true;false;15-04-2025
777298397366908;true;false;15-04-2025
777298397463859;true;false;15-04-2025
78497279768489;true;false;15-04-2025
DPK212496753749;true;false;15-04-2025
YT8753156547684;true;false;15-04-2025
YT8753106689905;true;false;15-04-2025
JT5368359436473;true;false;15-04-2025
YT8753074322752;true;false;15-04-2025
YT8753405674547;true;false;15-04-2025
WT4753684014967;true;false;15-04-2025
YT8754227433192;true;false;15-04-2025
78497166583626;true;false;15-04-2025
78497131559687;true;false;15-04-2025
YT8754314996090;true;false;15-04-2025
YT8754251014130;true;false;15-04-2025
YT8754210377735;true;false;15-04-2025
YT8752413974656;true;false;15-04-2025
YT8753051697600;true;false;15-04-2025
YT8753051697600;true;false;15-04-2025
777298152074648;true;false;15-04-2025
777298367721256;true;false;15-04-2025
777298152074648;true;false;15-04-2025
777298152074648;true;false;15-04-2025
777298367721256;true;false;15-04-2025
777298221764301;true;false;15-04-2025
777298310845555;true;false;15-04-2025
777298260966593;true;false;15-04-2025
777297878403013;true;false;15-04-2025
777298137866082;true;false;15-04-2025
777297960778633;true;false;15-04-2025
YT8753312729701;true;false;15-04-2025
YT8753052163313;true;false;15-04-2025
YT8753230201390;true;false;15-04-2025
YT8754248034824;true;false;15-04-2025
YT8753482311199;true;false;15-04-2025
DPK212496753749;true;false;15-04-2025
464326825661368;true;false;16-04-2025
434521153045227;true;false;16-04-2025
464322965122678;true;false;16-04-2025
9806506346562;true;false;16-04-2025
9806500882315;true;false;16-04-2025
9806478135754;true;false;16-04-2025
9806385194280;true;false;16-04-2025
78497597251996;true;false;16-04-2025
464322197525658;true;false;16-04-2025
78497372107878;true;false;16-04-2025
464322166972757;true;false;16-04-2025
78497271061956;true;false;16-04-2025
464325838871144;true;false;16-04-2025
YT8754112919330;true;false;16-04-2025
78497218435721;true;false;16-04-2025
464325209903974;true;false;16-04-2025
9806506926989;true;false;16-04-2025
9806497035754;true;false;16-04-2025
9806492843869;true;false;16-04-2025
777298372097175;true;false;16-04-2025
78497290435721;true;false;16-04-2025
777298075794870;true;false;16-04-2025
9806505344082;true;false;16-04-2025
9806500992901;true;false;16-04-2025
777298515294625;true;false;16-04-2025
464322209001619;true;false;16-04-2025
78497498565784;true;false;16-04-2025
SF3167898598490;true;false;16-04-2025
78497344881416;true;false;16-04-2025
78497403783719;true;false;16-04-2025
464326323194524;true;false;16-04-2025
9806508480877;true;false;16-04-2025
78497431368485;true;false;16-04-2025
9806497779003;true;false;16-04-2025
9806490740747;true;false;16-04-2025
9806377962816;true;false;16-04-2025
9806497205577;true;false;16-04-2025
78496849949416;true;false;16-04-2025
464322390762626;true;false;16-04-2025
464322737432188;true;false;16-04-2025
9806388436966;true;false;16-04-2025
78497697678802;true;false;16-04-2025
9806443579800;true;false;16-04-2025
464323054608900;true;false;16-04-2025
964387884942969;true;false;16-04-2025
464326053520428;true;false;16-04-2025
9806504482398;true;false;16-04-2025
78497309475905;true;false;16-04-2025
464326467175912;true;false;16-04-2025
464326262440637;true;false;16-04-2025
464324398641232;true;false;16-04-2025
777298394663683;true;false;16-04-2025
777298322606108;true;false;16-04-2025
9806500404720;true;false;16-04-2025
464325834526151;true;false;16-04-2025
464325691836776;true;false;16-04-2025
777298606756447;true;false;16-04-2025
464325434808188;true;false;16-04-2025
464323052917236;true;false;16-04-2025
777298418883332;true;false;16-04-2025
464326257912772;true;false;16-04-2025
777095968095504;true;false;16-04-2025
YT8754302797784;true;false;16-04-2025
777298203437287;true;false;16-04-2025
777298212264752;true;false;16-04-2025
464325405300947;true;false;16-04-2025
464324329170493;true;false;16-04-2025
YT8753086479343;true;false;16-04-2025
777298297883195;true;false;16-04-2025
464323277162582;true;false;16-04-2025
YT8754277331026;true;false;16-04-2025
777298420532509;true;false;16-04-2025
777298219983309;true;false;16-04-2025
777298269178472;true;false;16-04-2025
777298625490225;true;false;16-04-2025
777298346434540;true;false;16-04-2025
YT8754227636586;true;false;16-04-2025
YT8753105255950;true;false;16-04-2025
777298332139415;true;false;16-04-2025
YT8754267950161;true;false;16-04-2025
78497436793616;true;false;16-04-2025
777298519697225;true;false;16-04-2025
777298238118081;true;false;16-04-2025
777298129360046;true;false;16-04-2025
777298241595955;true;false;16-04-2025
777298610795025;true;false;16-04-2025
YT8754245737638;true;false;16-04-2025
777298268049459;true;false;16-04-2025
YT8753187233967;true;false;16-04-2025
YT8753157137291;true;false;16-04-2025
YT8753018430541;true;false;16-04-2025
YT8753176345978;true;false;16-04-2025
464322299423632;true;false;16-04-2025
YT8753084861560;true;false;16-04-2025
YT8754022806937;true;false;16-04-2025
78497588491542;true;false;16-04-2025
78497478385386;true;false;16-04-2025
YT8753117063512;true;false;16-04-2025
YT8754231305715;true;false;16-04-2025
78497606873568;true;false;16-04-2025
777298632447576;true;false;16-04-2025
YT8754255732645;true;false;16-04-2025
469324918639496;true;false;16-04-2025
78497535459221;true;false;16-04-2025
78497713080318;true;false;16-04-2025
78497598642390;true;false;16-04-2025
78497702656836;true;false;16-04-2025
78497612997064;true;false;16-04-2025
YT8753194918367;true;false;16-04-2025
78497719397727;true;false;16-04-2025
78497677274395;true;false;16-04-2025
78497255124490;true;false;16-04-2025
78497621342427;true;false;16-04-2025
78497599921815;true;false;16-04-2025
464323554569206;true;false;16-04-2025
78497633932178;true;false;16-04-2025
78497716246529;true;false;16-04-2025
777298581640129;true;false;16-04-2025
78497738246334;true;false;16-04-2025
464324053642136;true;false;16-04-2025
78497445844556;true;false;16-04-2025
78497497647404;true;false;16-04-2025
78497225074916;true;false;16-04-2025
464327848059852;true;false;16-04-2025
464327848059852;true;false;16-04-2025
464327495957239;true;false;16-04-2025
464322376686027;true;false;16-04-2025
78497446358894;true;false;16-04-2025
464322280500519;true;false;16-04-2025
464325366132366;true;false;16-04-2025
464322353815636;true;false;16-04-2025
464322855950841;true;false;16-04-2025
464323963797683;true;false;16-04-2025
464323963797683;true;false;16-04-2025
464323011024503;true;false;16-04-2025
464318570171443;true;false;16-04-2025
464322554413051;true;false;16-04-2025
9806461227768;true;false;16-04-2025
777298464080112;true;false;16-04-2025
777298618663489;true;false;16-04-2025
78497308946905;true;false;16-04-2025
777298194837041;true;false;16-04-2025
777298346627014;true;false;16-04-2025
464326753684521;true;false;16-04-2025
YT8754225339744;true;false;16-04-2025
777298133258142;true;false;16-04-2025
YT8754318112085;true;false;16-04-2025
YT8754255970029;true;false;16-04-2025
777298579020854;true;false;16-04-2025
78497629705223;true;false;16-04-2025
464322025704093;true;false;16-04-2025
464323896865868;true;false;16-04-2025
464325106266855;true;false;16-04-2025
464326920020119;true;false;16-04-2025
464324398823545;true;false;16-04-2025
464323930171849;true;false;16-04-2025
464327200277836;true;false;16-04-2025
9806492833754;true;false;16-04-2025
464322444361649;true;false;16-04-2025
9806491343509;true;false;16-04-2025
9806464420626;true;false;16-04-2025
9806406979145;true;false;16-04-2025
777298496422660;true;false;16-04-2025
YT7538170356475;true;false;16-04-2025
78497384337372;true;false;16-04-2025
YT8753206633329;true;false;16-04-2025
YT8754193076995;true;false;16-04-2025
78497729623646;true;false;16-04-2025
78497367480719;true;false;16-04-2025
464322631187330;true;false;16-04-2025
777298573652974;true;false;16-04-2025
9806387310015;true;false;16-04-2025
9806492975219;true;false;16-04-2025
777298550489228;true;false;16-04-2025
777298526152784;true;false;16-04-2025
777298608660703;true;false;16-04-2025
777298572651832;true;false;16-04-2025
9806459442547;true;false;16-04-2025
777298474756228;true;false;16-04-2025
777298221860507;true;false;16-04-2025
9806469638872;true;false;16-04-2025
777298599287772;true;false;16-04-2025
777298416272265;true;false;16-04-2025
777299235239454;true;false;16-04-2025
777299230688105;true;false;16-04-2025
78497395372564;true;false;16-04-2025
777298410480429;true;false;16-04-2025
777299252334034;true;false;16-04-2025
777298574149708;true;false;16-04-2025
777298467793834;true;false;16-04-2025
YT8754324351469;true;false;16-04-2025
YT8753926430358;true;false;16-04-2025
YT8754174574964;true;false;16-04-2025
YT8753890554308;true;false;16-04-2025
78497534129702;true;false;16-04-2025
777298582926149;true;false;16-04-2025
777299262788986;true;false;16-04-2025
777299263273995;true;false;16-04-2025
YT8754136866605;true;false;16-04-2025
777298443032690;true;false;16-04-2025
777298522185004;true;false;16-04-2025
78497616686369;true;false;16-04-2025
777298444197975;true;false;16-04-2025
YT8753487856442;true;false;16-04-2025
YT8754324364993;true;false;16-04-2025
YT8753239836261;true;false;16-04-2025
YT8753924652291;true;false;16-04-2025
YT8754057280212;true;false;16-04-2025
YT8754029783804;true;false;16-04-2025
JT5368793119250;true;false;16-04-2025
JT5367858966261;true;false;16-04-2025
JT5368846456350;true;false;16-04-2025
YT8753128407316;true;false;16-04-2025
JT5369067505631;true;false;16-04-2025
JT5368857004827;true;false;16-04-2025
JT5369027040883;true;false;16-04-2025
JT5367949717650;true;false;16-04-2025
JT5368078634922;true;false;16-04-2025
JT5367986386663;true;false;16-04-2025
JT5367798537312;true;false;16-04-2025
JT5369026759707;true;false;16-04-2025
JT5368953208064;true;false;16-04-2025
JT5368300116020;true;false;16-04-2025
JT5368045404506;true;false;16-04-2025
JT5367851466437;true;false;16-04-2025
JT5368795312495;true;false;16-04-2025
JT5368963273075;true;false;16-04-2025
JT5369025535840;true;false;16-04-2025
JT5368980830891;true;false;16-04-2025
JT5369049878852;true;false;16-04-2025
JT5369069126136;true;false;16-04-2025
JT5369031357445;true;false;16-04-2025
JT5367901613087;true;false;16-04-2025
JT5367930618646;true;false;16-04-2025
JT5369026728917;true;false;16-04-2025
JT5369017338413;true;false;16-04-2025
JT5368832950844;true;false;16-04-2025
JT5368779130939;true;false;16-04-2025
JT5367899797249;true;false;16-04-2025
JT5368014604371;true;false;16-04-2025
YT8754040563533;true;false;16-04-2025
YT8754201928355;true;false;16-04-2025
JT5368873092912;true;false;16-04-2025
JT5368904237950;true;false;16-04-2025
JT5368968378171;true;false;16-04-2025
JT5368400192449;true;false;16-04-2025
JT5368068929804;true;false;16-04-2025
JT5368765702087;true;false;16-04-2025
JT5368034759589;true;false;16-04-2025
JT5368037906094;true;false;16-04-2025
JT5368035360234;true;false;16-04-2025
JT5367846331285;true;false;16-04-2025
78497571694347;true;false;16-04-2025
JT5368064488770;true;false;16-04-2025
YT8753922085626;true;false;16-04-2025
YT8754147031195;true;false;16-04-2025
YT8754243357940;true;false;16-04-2025
JT5368852560971;true;false;16-04-2025
YT8753171011313;true;false;16-04-2025
JT5367963559841;true;false;16-04-2025
JT5368888379577;true;false;16-04-2025
JT5368807334144;true;false;16-04-2025
JT5367933648789;true;false;16-04-2025
YT8754264412954;true;false;16-04-2025
YT8753052675504;true;false;16-04-2025
YT8754187017744;true;false;16-04-2025
YT8754061361312;true;false;16-04-2025
JT5369096294627;true;false;16-04-2025
JT5368012545310;true;false;16-04-2025
JT5367903152648;true;false;16-04-2025
JT5368345896023;true;false;16-04-2025
JT5367833626628;true;false;16-04-2025
JT5368980964991;true;false;16-04-2025
JT5368168397947;true;false;16-04-2025
JT5368031616869;true;false;16-04-2025
JT5368047305969;true;false;16-04-2025
YT8754123029037;true;false;16-04-2025
JT5368075439797;true;false;16-04-2025
YT8754151687452;true;false;16-04-2025
YT8754115877446;true;false;16-04-2025
YT8753127618519;true;false;16-04-2025
JT5367968731159;true;false;16-04-2025
JT5368305665646;true;false;16-04-2025
JT5367966339544;true;false;16-04-2025
JT5369090898894;true;false;16-04-2025
YT8754181960860;true;false;16-04-2025
YT8754281606479;true;false;16-04-2025
YT8754117084143;true;false;16-04-2025
YT8754324436865;true;false;16-04-2025
YT8754147272712;true;false;16-04-2025
YT8754210170503;true;false;16-04-2025
YT8754150273366;true;false;16-04-2025
YT8754307676752;true;false;16-04-2025
YT8754211144301;true;false;16-04-2025
YT8753919439856;true;false;16-04-2025
YT8754319753618;true;false;16-04-2025
SF3163909518936;true;false;16-04-2025
YT8746520886252;true;false;16-04-2025
464323682170117;true;false;16-04-2025
YT8753157137505;true;false;16-04-2025
YT8753176780018;true;false;16-04-2025
464322952563930;true;false;16-04-2025
73550116543523;true;false;16-04-2025
466629468235982;true;false;17-04-2025
466408399855014;true;false;17-04-2025
78497638205241;true;false;17-04-2025
9806545552700;true;false;17-04-2025
78496963302267;true;false;17-04-2025
464325410549920;true;false;17-04-2025
78497582222418;true;false;17-04-2025
464323262663582;true;false;17-04-2025
9806449003642;true;false;17-04-2025
777298331470764;true;false;17-04-2025
464323515042683;true;false;17-04-2025
464323719494072;true;false;17-04-2025
9806468684204;true;false;17-04-2025
78497623781042;true;false;17-04-2025
78497608074496;true;false;17-04-2025
777299298286925;true;false;17-04-2025
78497531265137;true;false;17-04-2025
78497442624556;true;false;17-04-2025
78497544093804;true;false;17-04-2025
YT8754320652472;true;false;17-04-2025
466408901109306;true;false;17-04-2025
9806459620784;true;false;17-04-2025
9806452725845;true;false;17-04-2025
78497639374952;true;false;17-04-2025
464323005859776;true;false;17-04-2025
78497665977141;true;false;17-04-2025
464322901248744;true;false;17-04-2025
78497538410082;true;false;17-04-2025
78497631772625;true;false;17-04-2025
464323422571116;true;false;17-04-2025
9806466751578;true;false;17-04-2025
78497389131829;true;false;17-04-2025
464324016044612;true;false;17-04-2025
73549930084203;true;false;17-04-2025
9806458669370;true;false;17-04-2025
777298474863941;true;false;17-04-2025
9806460320337;true;false;17-04-2025
777298488488688;true;false;17-04-2025
434522260125886;true;false;17-04-2025
464322977497846;true;false;17-04-2025
9806449578457;true;false;17-04-2025
464322041081138;true;false;17-04-2025
78497687314216;true;false;17-04-2025
78497700779516;true;false;17-04-2025
78497522030214;true;false;17-04-2025
9806460443938;true;false;17-04-2025
78497930587198;true;false;17-04-2025
777298522594204;true;false;17-04-2025
464324265460931;true;false;17-04-2025
9806453660120;true;false;17-04-2025
464324569013990;true;false;17-04-2025
9806462259005;true;false;17-04-2025
464329291961280;true;false;17-04-2025
464323854971559;true;false;17-04-2025
9806543200861;true;false;17-04-2025
464322922792604;true;false;17-04-2025
464322788790862;true;false;17-04-2025
9806468325267;true;false;17-04-2025
9806465683656;true;false;17-04-2025
9806457059424;true;false;17-04-2025
9806465768382;true;false;17-04-2025
9806493690452;true;false;17-04-2025
777298614925622;true;false;17-04-2025
464329751289838;true;false;17-04-2025
YT8754039380826;true;false;17-04-2025
464323647161326;true;false;17-04-2025
464323811746889;true;false;17-04-2025
434522687787447;true;false;17-04-2025
464323984804116;true;false;17-04-2025
464329833922790;true;false;17-04-2025
464322873874692;true;false;17-04-2025
9806496295115;true;false;17-04-2025
9806484198536;true;false;17-04-2025
464329833811456;true;false;17-04-2025
777298425833048;true;false;17-04-2025
YT8753924465435;true;false;17-04-2025
777298395708233;true;false;17-04-2025
9806448095637;true;false;17-04-2025
9806460803587;true;false;17-04-2025
777299227428964;true;false;17-04-2025
464331491466344;true;false;17-04-2025
777299142150503;true;false;17-04-2025
777299069543485;true;false;17-04-2025
777298504128489;true;false;17-04-2025
9806456480810;true;false;17-04-2025
777298481567044;true;false;17-04-2025
777298410207289;true;false;17-04-2025
YT8754287765819;true;false;17-04-2025
78497681174260;true;false;17-04-2025
YT8754063088682;true;false;17-04-2025
78497951821371;true;false;17-04-2025
777299234404499;true;false;17-04-2025
777298458021276;true;false;17-04-2025
777298429069005;true;false;17-04-2025
YT8754226174603;true;false;17-04-2025
YT8754121704794;true;false;17-04-2025
YT8754342854979;true;false;17-04-2025
777298472240692;true;false;17-04-2025
777298571639505;true;false;17-04-2025
777298489735192;true;false;17-04-2025
YT8753879482961;true;false;17-04-2025
777298521096904;true;false;17-04-2025
777298461202541;true;false;17-04-2025
YT8754175820886;true;false;17-04-2025
777298552865066;true;false;17-04-2025
777298424561927;true;false;17-04-2025
YT8754041425706;true;false;17-04-2025
777298538723947;true;false;17-04-2025
777298581084664;true;false;17-04-2025
777298478757063;true;false;17-04-2025
777298503099573;true;false;17-04-2025
777298168389475;true;false;17-04-2025
YT8754334114791;true;false;17-04-2025
YT8754048456455;true;false;17-04-2025
YT8753919948983;true;false;17-04-2025
YT7538530252908;true;false;17-04-2025
YT8753883338999;true;false;17-04-2025
YT8754352164299;true;false;17-04-2025
YT8754101412662;true;false;17-04-2025
YT8754184773760;true;false;17-04-2025
YT7538541683997;true;false;17-04-2025
777298433937185;true;false;17-04-2025
YT8754080048999;true;false;17-04-2025
YT8754093564789;true;false;17-04-2025
YT8754074601144;true;false;17-04-2025
78497826178608;true;false;17-04-2025
78497948037582;true;false;17-04-2025
YT8754186322452;true;false;17-04-2025
78497939586428;true;false;17-04-2025
78497998105512;true;false;17-04-2025
YT8754147721319;true;false;17-04-2025
YT8754189660047;true;false;17-04-2025
73550199289611;true;false;17-04-2025
JT5368689909365;true;false;17-04-2025
JT5368756608545;true;false;17-04-2025
JT5369076493253;true;false;17-04-2025
JT5368947737168;true;false;17-04-2025
JT5368839695951;true;false;17-04-2025
JT5369080435490;true;false;17-04-2025
JT5369077093990;true;false;17-04-2025
JT5368873160452;true;false;17-04-2025
JT5368991045823;true;false;17-04-2025
JT5369083345439;true;false;17-04-2025
JT5369043439933;true;false;17-04-2025
JT5368770817855;true;false;17-04-2025
JT5369077738717;true;false;17-04-2025
JT5369012269715;true;false;17-04-2025
JT5368954321720;true;false;17-04-2025
JT5368597747912;true;false;17-04-2025
JT5368814169043;true;false;17-04-2025
JT5368594700545;true;false;17-04-2025
JT5368952683700;true;false;17-04-2025
JT5368826622338;true;false;17-04-2025
JT5369003453491;true;false;17-04-2025
464322573974387;true;false;17-04-2025
JT5368924023745;true;false;17-04-2025
JT5368636914660;true;false;17-04-2025
JT5368739430693;true;false;17-04-2025
464326966110949;true;false;17-04-2025
JT5368802767602;true;false;17-04-2025
JT5368715953378;true;false;17-04-2025
JT5368875174823;true;false;17-04-2025
JT5369083206067;true;false;17-04-2025
JT5368764955465;true;false;17-04-2025
JT5368721946029;true;false;17-04-2025
JT5369021725775;true;false;17-04-2025
JT5368845737885;true;false;17-04-2025
466408960665190;true;false;17-04-2025
777299195705241;true;false;17-04-2025
777299020917582;true;false;17-04-2025
JT5368758357391;true;false;17-04-2025
JT5369024863730;true;false;17-04-2025
464329960999931;true;false;17-04-2025
464323658645721;true;false;17-04-2025
464324598239970;true;false;17-04-2025
JT5368974897720;true;false;17-04-2025
JT5368754715679;true;false;17-04-2025
JT5368615454189;true;false;17-04-2025
464330675836875;true;false;17-04-2025
464329647921883;true;false;17-04-2025
464329195579056;true;false;17-04-2025
464322404284821;true;false;17-04-2025
464322404280928;true;false;17-04-2025
78497919466600;true;false;17-04-2025
777299105807913;true;false;17-04-2025
9806454892366;true;false;17-04-2025
9806454193943;true;false;17-04-2025
9806459622651;true;false;17-04-2025
9878674597683;true;false;17-04-2025
9806455713609;true;false;17-04-2025
464330004717158;true;false;17-04-2025
777298361610635;true;false;17-04-2025
464324457380109;true;false;17-04-2025
777299294293103;true;false;17-04-2025
JT5368793045847;true;false;17-04-2025
464331517460907;true;false;17-04-2025
464329978081263;true;false;17-04-2025
9806453591735;true;false;17-04-2025
464323043467644;true;false;17-04-2025
464331768876506;true;false;17-04-2025
777299181691870;true;false;17-04-2025
YT8753832268180;true;false;17-04-2025
9806508559389;true;false;17-04-2025
9806461084365;true;false;17-04-2025
YT8754189929809;true;false;17-04-2025
JT5369047579648;true;false;17-04-2025
JT5368827915227;true;false;17-04-2025
777299112066861;true;false;17-04-2025
777298979118775;true;false;17-04-2025
YT8754165769290;true;false;17-04-2025
464329319148638;true;false;17-04-2025
JT5368911769416;true;false;17-04-2025
JT5368615905319;true;false;17-04-2025
JT5368754232123;true;false;17-04-2025
JT5368931484466;true;false;17-04-2025
JT5368811870349;true;false;17-04-2025
JT5368916028005;true;false;17-04-2025
JT5368914481582;true;false;17-04-2025
JT5369012712112;true;false;17-04-2025
JT5368705981060;true;false;17-04-2025
JT5368603053036;true;false;17-04-2025
464329130586502;true;false;17-04-2025
JT5368911460371;true;false;17-04-2025
JT5369073814766;true;false;17-04-2025
JT5368492002691;true;false;17-04-2025
JT5368750305715;true;false;17-04-2025
464324213232462;true;false;17-04-2025
JT5368583700565;true;false;17-04-2025
JT5368911749690;true;false;17-04-2025
YT8754279431371;true;false;17-04-2025
78497790804106;true;false;17-04-2025
777298563637195;true;false;17-04-2025
777299091505669;true;false;17-04-2025
777299141020443;true;false;17-04-2025
78497933399820;true;false;17-04-2025
78497942881039;true;false;17-04-2025
78497949549846;true;false;17-04-2025
78497700891965;true;false;17-04-2025
78497940238849;true;false;17-04-2025
78497717035392;true;false;17-04-2025
78497816605205;true;false;17-04-2025
78497874935603;true;false;17-04-2025
78497649055276;true;false;17-04-2025
78497990322932;true;false;17-04-2025
78497835836556;true;false;17-04-2025
777298468150444;true;false;17-04-2025
777299031445225;true;false;17-04-2025
JT5368467076366;true;false;17-04-2025
JT5368927274252;true;false;17-04-2025
JT5368899269402;true;false;17-04-2025
JT5369070522278;true;false;17-04-2025
JT5368932373904;true;false;17-04-2025
JT5368975179838;true;false;17-04-2025
777299030691850;true;false;17-04-2025
9806446158809;true;false;17-04-2025
9806458873129;true;false;17-04-2025
YT8754060185078;true;false;17-04-2025
777299005480591;true;false;17-04-2025
JT5368913844202;true;false;17-04-2025
464330712672411;true;false;17-04-2025
777299245413183;true;false;17-04-2025
777298437516391;true;false;17-04-2025
777298472735603;true;false;17-04-2025
9806554055631;true;false;17-04-2025
9806458169260;true;false;17-04-2025
9806461108946;true;false;17-04-2025
464331778385574;true;false;17-04-2025
9806559204178;true;false;17-04-2025
9806466085722;true;false;17-04-2025
YT8754044644393;true;false;17-04-2025
78497890597680;true;false;17-04-2025
SF3178273446813;true;false;17-04-2025
1332022985530;true;false;17-04-2025
YT8753986431476;true;false;17-04-2025
YT8753978650803;true;false;17-04-2025
YT8753913209794;true;false;17-04-2025
YT8753722012763;true;false;17-04-2025
YT8753799962684;true;false;17-04-2025
YT8754137517531;true;false;17-04-2025
YT8753847079043;true;false;17-04-2025
YT8753882889043;true;false;17-04-2025
JDAP01752903688;true;false;17-04-2025
YT8753828806059;true;false;17-04-2025
YT8753902882003;true;false;17-04-2025
YT8753254944871;true;false;17-04-2025
YT8753721803953;true;false;17-04-2025
YT8753816291421;true;false;17-04-2025
9806448041478;true;false;17-04-2025
YT8753820415369;true;false;17-04-2025
YT8753957183993;true;false;17-04-2025
9806456279841;true;false;17-04-2025
777299140155033;true;false;18-04-2025
777298814055918;true;false;18-04-2025
464229616293384;true;false;18-04-2025
9806548225588;true;false;18-04-2025
9806474733547;true;false;18-04-2025
78497820767598;true;false;18-04-2025
464333196839960;true;false;18-04-2025
464333309657863;true;false;18-04-2025
78497731881483;true;false;18-04-2025
9806453694305;true;false;18-04-2025
78497809216620;true;false;18-04-2025
78497903092526;true;false;18-04-2025
78497837445950;true;false;18-04-2025
78497809254082;true;false;18-04-2025
9806475041254;true;false;18-04-2025
9806546732286;true;false;18-04-2025
78497978660956;true;false;18-04-2025
464331469396064;true;false;18-04-2025
78498168241148;true;false;18-04-2025
777299186891562;true;false;18-04-2025
78497967030450;true;false;18-04-2025
78497828899335;true;false;18-04-2025
777299116140468;true;false;18-04-2025
777298740719603;true;false;18-04-2025
78497758192290;true;false;18-04-2025
9806450130888;true;false;18-04-2025
9806475977793;true;false;18-04-2025
YT8753900494435;true;false;18-04-2025
9806454618377;true;false;18-04-2025
9806510142338;true;false;18-04-2025
9806546245874;true;false;18-04-2025
78498113785528;true;false;18-04-2025
9806463017891;true;false;18-04-2025
78498073240349;true;false;18-04-2025
9806448386024;true;false;18-04-2025
78497783853300;true;false;18-04-2025
9806570711764;true;false;18-04-2025
9806466692907;true;false;18-04-2025
777299065726392;true;false;18-04-2025
YT8753883761915;true;false;18-04-2025
777298821518435;true;false;18-04-2025
777299093145540;true;false;18-04-2025
78497718427949;true;false;18-04-2025
464329268324548;true;false;18-04-2025
777299260620436;true;false;18-04-2025
YT8753721663263;true;false;18-04-2025
9806468446053;true;false;18-04-2025
9806470327041;true;false;18-04-2025
9806557748170;true;false;18-04-2025
777298825517629;true;false;18-04-2025
777298972187288;true;false;18-04-2025
464331835527354;true;false;18-04-2025
464329227989970;true;false;18-04-2025
9806550563616;true;false;18-04-2025
YT8754773000466;true;false;18-04-2025
9806470588770;true;false;18-04-2025
464332660577699;true;false;18-04-2025
777299173339367;true;false;18-04-2025
9806473214457;true;false;18-04-2025
YT8753836068397;true;false;18-04-2025
777299204419971;true;false;18-04-2025
777299206215790;true;false;18-04-2025
9806470329235;true;false;18-04-2025
9806549450246;true;false;18-04-2025
YT8754780148467;true;false;18-04-2025
78498127717980;true;false;18-04-2025
464331467379392;true;false;18-04-2025
777298882531868;true;false;18-04-2025
9806545708886;true;false;18-04-2025
9806549861517;true;false;18-04-2025
777298979840060;true;false;18-04-2025
464329679828836;true;false;18-04-2025
777298736812219;true;false;18-04-2025
464329218782852;true;false;18-04-2025
464332625950003;true;false;18-04-2025
777299217782113;true;false;18-04-2025
464331271931349;true;false;18-04-2025
464329688897701;true;false;18-04-2025
YT8753978242374;true;false;18-04-2025
464329547945482;true;false;18-04-2025
464328870629289;true;false;18-04-2025
YT8755004951645;true;false;18-04-2025
78498123752365;true;false;18-04-2025
78497622621570;true;false;18-04-2025
78498247199032;true;false;18-04-2025
78497821519566;true;false;18-04-2025
464333589684825;true;false;18-04-2025
464330578512503;true;false;18-04-2025
464328866493108;true;false;18-04-2025
464333475639247;true;false;18-04-2025
464331482465848;true;false;18-04-2025
464326955740396;true;false;18-04-2025
78497809143988;true;false;18-04-2025
464331454769555;true;false;18-04-2025
464332091904530;true;false;18-04-2025
464331610799320;true;false;18-04-2025
773349688775858;true;false;18-04-2025
464333416724194;true;false;18-04-2025
464332400805697;true;false;18-04-2025
464329437289081;true;false;18-04-2025
YT8753821868782;true;false;18-04-2025
78497914317582;true;false;18-04-2025
YT8754020354377;true;false;18-04-2025
YT8754827904500;true;false;18-04-2025
434526853671610;true;false;18-04-2025
464332075163058;true;false;18-04-2025
464331789426758;true;false;18-04-2025
464333633330495;true;false;18-04-2025
464329689452589;true;false;18-04-2025
YT8754978256138;true;false;18-04-2025
YT8753787842875;true;false;18-04-2025
YT8753717534089;true;false;18-04-2025
YT8754724451248;true;false;18-04-2025
464332497933170;true;false;18-04-2025
464334901512137;true;false;18-04-2025
464333191720394;true;false;18-04-2025
78498217046165;true;false;18-04-2025
YT8753956697378;true;false;18-04-2025
YT8753941786467;true;false;18-04-2025
78497742859289;true;false;18-04-2025
464332990189426;true;false;18-04-2025
464331845629615;true;false;18-04-2025
YT8753779773343;true;false;18-04-2025
YT8753990025195;true;false;18-04-2025
YT8753934402808;true;false;18-04-2025
78497895004074;true;false;18-04-2025
464333283140946;true;false;18-04-2025
78498072031375;true;false;18-04-2025
YT8754969963324;true;false;18-04-2025
YT8753717516412;true;false;18-04-2025
78898155078169;true;false;18-04-2025
78498055834735;true;false;18-04-2025
YT8754694418490;true;false;18-04-2025
YT8753817146182;true;false;18-04-2025
464333365473801;true;false;18-04-2025
78498244720910;true;false;18-04-2025
YT8753995079922;true;false;18-04-2025
78498067909237;true;false;18-04-2025
78497928177784;true;false;18-04-2025
78498040667796;true;false;18-04-2025
78498090503123;true;false;18-04-2025
78898205477942;true;false;18-04-2025
464332412899271;true;false;18-04-2025
78498218305863;true;false;18-04-2025
78497839706072;true;false;18-04-2025
464323720800271;true;false;18-04-2025
777298816328893;true;false;18-04-2025
777298808614491;true;false;18-04-2025
78498135619945;true;false;18-04-2025
JT5368467647554;true;false;18-04-2025
78498123994165;true;false;18-04-2025
78498131617854;true;false;18-04-2025
78498058974251;true;false;18-04-2025
78498227237966;true;false;18-04-2025
464331532280001;true;false;18-04-2025
78498151108125;true;false;18-04-2025
464333438201946;true;false;18-04-2025
464330727804943;true;false;18-04-2025
464333413372637;true;false;18-04-2025
464334926524559;true;false;18-04-2025
777299140666953;true;false;18-04-2025
777299268363166;true;false;18-04-2025
464332645082176;true;false;18-04-2025
777298907585114;true;false;18-04-2025
464330057440490;true;false;18-04-2025
777298971325485;true;false;18-04-2025
78497695094702;true;false;18-04-2025
78498226149989;true;false;18-04-2025
777299013645511;true;false;18-04-2025
777299246649699;true;false;18-04-2025
777298986155265;true;false;18-04-2025
464333149301437;true;false;18-04-2025
78497870411736;true;false;18-04-2025
78497745950462;true;false;18-04-2025
464329192482826;true;false;18-04-2025
773350012812096;true;false;18-04-2025
777299298563205;true;false;18-04-2025
JT5368480248889;true;false;18-04-2025
464333402868663;true;false;18-04-2025
JT3116170477624;true;false;18-04-2025
777299117405856;true;false;18-04-2025
JT5368627986968;true;false;18-04-2025
JT5369348320463;true;false;18-04-2025
JT5368560619723;true;false;18-04-2025
YT8753906310472;true;false;18-04-2025
464328832580758;true;false;18-04-2025
JT5368691626483;true;false;18-04-2025
JT5368573462442;true;false;18-04-2025
JT5368541369766;true;false;18-04-2025
JT5368580984028;true;false;18-04-2025
JT5369221357913;true;false;18-04-2025
78498055290469;true;false;18-04-2025
JT5368564551663;true;false;18-04-2025
JT5368595416197;true;false;18-04-2025
JT5369000366779;true;false;18-04-2025
JT5368437769664;true;false;18-04-2025
JT5368709031973;true;false;18-04-2025
JT5368472592046;true;false;18-04-2025
JT5368456547581;true;false;18-04-2025
JT5369269754167;true;false;18-04-2025
JT5368934674512;true;false;18-04-2025
464331264952586;true;false;18-04-2025
JT5368722447323;true;false;18-04-2025
JT5368737139176;true;false;18-04-2025
JT5369282995083;true;false;18-04-2025
JT5368679899564;true;false;18-04-2025
YT8753944651177;true;false;18-04-2025
JT5368635247248;true;false;18-04-2025
JT5369208028399;true;false;18-04-2025
JT5708754351804;true;false;18-04-2025
JT5369328719899;true;false;18-04-2025
JT5369336464242;true;false;18-04-2025
JT5369228174511;true;false;18-04-2025
JT5369338297687;true;false;18-04-2025
JT5369220247067;true;false;18-04-2025
JT5369142710650;true;false;18-04-2025
JT5369135693291;true;false;18-04-2025
JT5368474751863;true;false;18-04-2025
JT5369289926005;true;false;18-04-2025
JT5369300639866;true;false;18-04-2025
JT5368576356269;true;false;18-04-2025
JT5368480138756;true;false;18-04-2025
JT5369337518607;true;false;18-04-2025
JT5368699739424;true;false;18-04-2025
JT5367901396155;true;false;18-04-2025
777298814918525;true;false;18-04-2025
464329432245103;true;false;18-04-2025
464331632421869;true;false;18-04-2025
777298780039820;true;false;18-04-2025
777298750503191;true;false;18-04-2025
777298908779376;true;false;18-04-2025
777298869932622;true;false;18-04-2025
464333553191506;true;false;18-04-2025
464333569800964;true;false;18-04-2025
777298960204529;true;false;18-04-2025
777298850653156;true;false;18-04-2025
777298968971689;true;false;18-04-2025
JT5369029462612;true;false;18-04-2025
777298876218805;true;false;18-04-2025
434526853671888;true;false;18-04-2025
464330668931314;true;false;18-04-2025
777298778970078;true;false;18-04-2025
777299246108881;true;false;18-04-2025
JT5369265682249;true;false;18-04-2025
YT8753986430039;true;false;18-04-2025
9806565318192;true;false;18-04-2025
777298823788461;true;false;18-04-2025
464331682134358;true;false;18-04-2025
464332871343935;true;false;18-04-2025
464328874003679;true;false;18-04-2025
78498149582146;true;false;18-04-2025
777298776451323;true;false;18-04-2025
78498233159117;true;false;18-04-2025
464333573224876;true;false;18-04-2025
78498135920516;true;false;18-04-2025
78498179782445;true;false;18-04-2025
78498020227032;true;false;18-04-2025
78498237652716;true;false;18-04-2025
434525745789818;true;false;18-04-2025
JT5368454863590;true;false;18-04-2025
JT5368719542171;true;false;18-04-2025
JT5369186199642;true;false;18-04-2025
JT5369332285074;true;false;18-04-2025
YT8754018183574;true;false;18-04-2025
JT5369308554638;true;false;18-04-2025
JT5368473754094;true;false;18-04-2025
78498157514310;true;false;18-04-2025
JT5368959452735;true;false;18-04-2025
JT5368523835428;true;false;18-04-2025
JT5368640059877;true;false;18-04-2025
JT5368452180422;true;false;18-04-2025
JT5368443899189;true;false;18-04-2025
JT5368479839675;true;false;18-04-2025
JT5369246358324;true;false;18-04-2025
JT5368668401113;true;false;18-04-2025
9806571258894;true;false;18-04-2025
9806475190478;true;false;18-04-2025
9806471507712;true;false;18-04-2025
9806559828775;true;false;18-04-2025
9806558447432;true;false;18-04-2025
9806555601567;true;false;18-04-2025
9806505358847;true;false;18-04-2025
YT8754955771685;true;false;18-04-2025
9806471666373;true;false;18-04-2025
YT8754845628532;true;false;18-04-2025
9806468966114;true;false;18-04-2025
9806515812762;true;false;18-04-2025
9806473637582;true;false;18-04-2025
YT8753724130274;true;false;18-04-2025
YT8753849191460;true;false;18-04-2025
YT8754994827222;true;false;18-04-2025
9806546324941;true;false;18-04-2025
YT8754750207077;true;false;18-04-2025
YT8754839339318;true;false;18-04-2025
YT8754875480885;true;false;18-04-2025
YT8753977236732;true;false;18-04-2025
YT8754959062880;true;false;18-04-2025
YT8754816344632;true;false;18-04-2025
YT8753816356333;true;false;18-04-2025
YT8753763142560;true;false;18-04-2025
YT8754850234070;true;false;18-04-2025
YT8754747028894;true;false;18-04-2025
YT8754970365214;true;false;18-04-2025
YT8754888703009;true;false;18-04-2025
JT3116327297303;true;false;19-04-2025
JT5369399187426;true;false;19-04-2025
YT8754988869322;true;false;19-04-2025
464334272550112;true;false;19-04-2025
777299155320508;true;false;19-04-2025
78498048191050;true;false;19-04-2025
777299019044225;true;false;19-04-2025
9806568755036;true;false;19-04-2025
777299020902728;true;false;19-04-2025
777298927510878;true;false;19-04-2025
464333189200433;true;false;19-04-2025
464333589026774;true;false;19-04-2025
777298923094488;true;false;19-04-2025
464334836776609;true;false;19-04-2025
464331633487381;true;false;19-04-2025
464330906752653;true;false;19-04-2025
777299020886810;true;false;19-04-2025
464330853551003;true;false;19-04-2025
464333205573186;true;false;19-04-2025
464333134378176;true;false;19-04-2025
464333685271894;true;false;19-04-2025
9806564983703;true;false;19-04-2025
464333689558432;true;false;19-04-2025
464333579028238;true;false;19-04-2025
464333679292058;true;false;19-04-2025
464330853290249;true;false;19-04-2025
9806571466719;true;false;19-04-2025
464333505671233;true;false;19-04-2025
9806567463934;true;false;19-04-2025
464332966067727;true;false;19-04-2025
464330650781417;true;false;19-04-2025
SF3170121330612;true;false;19-04-2025
78498049700686;true;false;19-04-2025
78498065165810;true;false;19-04-2025
78498409917300;true;false;19-04-2025
78498227244348;true;false;19-04-2025
78497643560493;true;false;19-04-2025
78498057697816;true;false;19-04-2025
9806562054539;true;false;19-04-2025
78498074804998;true;false;19-04-2025
9806515636296;true;false;19-04-2025
78498031019713;true;false;19-04-2025
9806576418033;true;false;19-04-2025
464332635787284;true;false;19-04-2025
78498452141835;true;false;19-04-2025
78498154342651;true;false;19-04-2025
78498039670754;true;false;19-04-2025
78498241756591;true;false;19-04-2025
464332060774032;true;false;19-04-2025
78898197024268;true;false;19-04-2025
9806511309489;true;false;19-04-2025
78498039040558;true;false;19-04-2025
78498070608849;true;false;19-04-2025
78498033988257;true;false;19-04-2025
9806568768932;true;false;19-04-2025
9878671144369;true;false;19-04-2025
9806457800224;true;false;19-04-2025
YT8754773165200;true;false;19-04-2025
78498029955452;true;false;19-04-2025
9806572911938;true;false;19-04-2025
9806575901438;true;false;19-04-2025
9806562164785;true;false;19-04-2025
9806553666257;true;false;19-04-2025
777298925006370;true;false;19-04-2025
777299457342092;true;false;19-04-2025
464330417151659;true;false;19-04-2025
777299044756332;true;false;19-04-2025
777298818679462;true;false;19-04-2025
777299033943336;true;false;19-04-2025
777299035857477;true;false;19-04-2025
773349967661943;true;false;19-04-2025
9806570857086;true;false;19-04-2025
9806564783781;true;false;19-04-2025
777298804960495;true;false;19-04-2025
777299022431337;true;false;19-04-2025
777299426998231;true;false;19-04-2025
YT8754761890103;true;false;19-04-2025
YT8754964782566;true;false;19-04-2025
777299400303822;true;false;19-04-2025
777298896044060;true;false;19-04-2025
777298854551395;true;false;19-04-2025
777298877117811;true;false;19-04-2025
YT8754461853565;true;false;19-04-2025
777299381615419;true;false;19-04-2025
777298919367801;true;false;19-04-2025
9878691240770;true;false;19-04-2025
777299454714550;true;false;19-04-2025
777298846862383;true;false;19-04-2025
773349954035934;true;false;19-04-2025
YT8754524558835;true;false;19-04-2025
777298724060447;true;false;19-04-2025
9806568624477;true;false;19-04-2025
9806540504671;true;false;19-04-2025
777298933660620;true;false;19-04-2025
YT8754716786053;true;false;19-04-2025
YT8754851482939;true;false;19-04-2025
777298876634188;true;false;19-04-2025
YT8754758714568;true;false;19-04-2025
777298876837929;true;false;19-04-2025
YT8754367227527;true;false;19-04-2025
777298779293566;true;false;19-04-2025
777298890426806;true;false;19-04-2025
YT8754826971543;true;false;19-04-2025
777298939627096;true;false;19-04-2025
YT8754793916378;true;false;19-04-2025
777299032193535;true;false;19-04-2025
773349932453352;true;false;19-04-2025
YT8754721084786;true;false;19-04-2025
YT8754824661824;true;false;19-04-2025
78498309221292;true;false;19-04-2025
777298775800395;true;false;19-04-2025
777299032203336;true;false;19-04-2025
777298886982684;true;false;19-04-2025
YT8754388503758;true;false;19-04-2025
YT8755003039511;true;false;19-04-2025
YT8754721083714;true;false;19-04-2025
YT8754738059409;true;false;19-04-2025
YT8754705945182;true;false;19-04-2025
YT8754869213664;true;false;19-04-2025
78498391428645;true;false;19-04-2025
YT8754955790402;true;false;19-04-2025
YT8754763776900;true;false;19-04-2025
YT8754864104420;true;false;19-04-2025
464339778868776;true;false;19-04-2025
YT8754985054875;true;false;19-04-2025
YT8754631922176;true;false;19-04-2025
YT8754880267374;true;false;19-04-2025
YT8753731685532;true;false;19-04-2025
YT8754847221337;true;false;19-04-2025
SF3164785968441;true;false;19-04-2025
78898636408608;true;false;19-04-2025
78498493070738;true;false;19-04-2025
78498444939542;true;false;19-04-2025
78498240007381;true;false;19-04-2025
78498228059136;true;false;19-04-2025
464333526656322;true;false;19-04-2025
464340342186229;true;false;19-04-2025
YT8754718616024;true;false;19-04-2025
1315315006107;true;false;19-04-2025
9806561425599;true;false;19-04-2025
9806563112679;true;false;19-04-2025
JT5369257028219;true;false;19-04-2025
JT5368544456035;true;false;19-04-2025
JT5369131614269;true;false;19-04-2025
JT5368638109852;true;false;19-04-2025
JT5369122885642;true;false;19-04-2025
YT8754866758704;true;false;19-04-2025
JT5369166016972;true;false;19-04-2025
78498488620616;true;false;19-04-2025
78498414533615;true;false;19-04-2025
78498226040530;true;false;19-04-2025
78498419174151;true;false;19-04-2025
78498252251177;true;false;19-04-2025
78498446397251;true;false;19-04-2025
YT8754401352583;true;false;19-04-2025
YT8754408097063;true;false;19-04-2025
YT8754485739106;true;false;19-04-2025
464331170421361;true;false;19-04-2025
78498413333261;true;false;19-04-2025
JT5368674734997;true;false;19-04-2025
78498430259501;true;false;19-04-2025
YT8754675051157;true;false;19-04-2025
YT8754870386663;true;false;19-04-2025
YT8754913295219;true;false;19-04-2025
YT8754616795472;true;false;19-04-2025
YT8754874159285;true;false;19-04-2025
YT8754399034140;true;false;19-04-2025
YT8754403397603;true;false;19-04-2025
YT8754670641261;true;false;19-04-2025
777298866604640;true;false;19-04-2025
JT5369308108305;true;false;19-04-2025
777298703759865;true;false;19-04-2025
464339676896085;true;false;19-04-2025
78498227654347;true;false;19-04-2025
464332033884959;true;false;19-04-2025
JT5368651774767;true;false;19-04-2025
464339989581445;true;false;19-04-2025
464332707659771;true;false;19-04-2025
464332446053070;true;false;19-04-2025
464332702911652;true;false;19-04-2025
464340271012228;true;false;19-04-2025
78497758645046;true;false;19-04-2025
78498145794552;true;false;19-04-2025
YT8754009121022;true;false;19-04-2025
78498208697271;true;false;19-04-2025
78498132848168;true;false;19-04-2025
78498084997393;true;false;19-04-2025
78498382807079;true;false;19-04-2025
78498086371566;true;false;19-04-2025
YT8754009148436;true;false;19-04-2025
9806458437545;true;false;19-04-2025
YT8755018649606;true;false;19-04-2025
JT5369347780980;true;false;19-04-2025
JT5369293309623;true;false;19-04-2025
JT5369009387311;true;false;19-04-2025
JT5369553262950;true;false;19-04-2025
JT5369172031336;true;false;19-04-2025
JT5369236870230;true;false;19-04-2025
JT5369546376594;true;false;19-04-2025
JT5369151238767;true;false;19-04-2025
JT5369328280823;true;false;19-04-2025
464331140104538;true;false;19-04-2025
JT5369483548396;true;false;19-04-2025
9806516394644;true;false;19-04-2025
JT5369154247014;true;false;19-04-2025
JT5369462454613;true;false;19-04-2025
JT5369159567815;true;false;19-04-2025
JT5369214084149;true;false;19-04-2025
JT5369535738418;true;false;19-04-2025
78498001200490;true;false;19-04-2025
78498102050967;true;false;19-04-2025
78498493954830;true;false;19-04-2025
78497713849306;true;false;19-04-2025
78498485779206;true;false;19-04-2025
78498500892430;true;false;19-04-2025
JT5368654050639;true;false;19-04-2025
JT5368653112241;true;false;19-04-2025
JT5369571328096;true;false;19-04-2025
JT5369518701392;true;false;19-04-2025
9806563163331;true;false;19-04-2025
JT5369249690914;true;false;19-04-2025
464331752589691;true;false;19-04-2025
464330447722927;true;false;19-04-2025
777299381117510;true;false;19-04-2025
777298829112324;true;false;19-04-2025
777299333627459;true;false;19-04-2025
JT5369486042791;true;false;19-04-2025
JT5369229153151;true;false;19-04-2025
JT5369305382788;true;false;19-04-2025
JT5368672982739;true;false;19-04-2025
777299344189630;true;false;19-04-2025
777299008974298;true;false;19-04-2025
JT5369497375569;true;false;19-04-2025
JT5369195314485;true;false;19-04-2025
JT5369620302486;true;false;19-04-2025
JT5369437489329;true;false;19-04-2025
JT5369416468067;true;false;19-04-2025
464334127129888;true;false;19-04-2025
JT5369162263460;true;false;19-04-2025
JT5369257044862;true;false;19-04-2025
JT5369557069033;true;false;19-04-2025
JT5369166328667;true;false;19-04-2025
JT5369633266720;true;false;19-04-2025
JT5369458118767;true;false;19-04-2025
JT5369505087529;true;false;19-04-2025
JT5369641551435;true;false;19-04-2025
JT5368656180271;true;false;19-04-2025
YT8754788919621;true;false;19-04-2025
9806565280855;true;false;19-04-2025
YT8754959589244;true;false;19-04-2025
JT5369159995704;true;false;19-04-2025
JT5368698886093;true;false;19-04-2025
JT5369115809402;true;false;19-04-2025
JT5369210856338;true;false;19-04-2025
JT5369216773479;true;false;19-04-2025
JT5368484949540;true;false;19-04-2025
JT5368642862510;true;false;19-04-2025
JT5369151761188;true;false;19-04-2025
JT5369326107464;true;false;19-04-2025
JT5369181292731;true;false;19-04-2025
JT5369541793630;true;false;19-04-2025
JT5369306340178;true;false;19-04-2025
JT5369168999662;true;false;19-04-2025
JT5369627693426;true;false;19-04-2025
9806528949128;true;false;19-04-2025
773349946929861;true;false;19-04-2025
JT5369599867753;true;false;19-04-2025
9806576564955;true;false;19-04-2025
777299348626377;true;false;19-04-2025
78498357548574;true;false;19-04-2025
9806557812315;true;false;19-04-2025
9806565212284;true;false;19-04-2025
9806527557057;true;false;19-04-2025
777299351065336;true;false;19-04-2025
9806565178583;true;false;19-04-2025
777299326361540;true;false;19-04-2025
777299408839026;true;false;19-04-2025
777298715486131;true;false;19-04-2025
777299344028955;true;false;19-04-2025
777298911774731;true;false;19-04-2025
JT5368676241152;true;false;19-04-2025
JT5369144959515;true;false;19-04-2025
JT5369322758029;true;false;19-04-2025
JT5368672509436;true;false;19-04-2025
JT5369240804424;true;false;19-04-2025
777299348614498;true;false;19-04-2025
9806543666643;true;false;19-04-2025
777298702024341;true;false;19-04-2025
777299364218641;true;false;19-04-2025
YT8754492930079;true;false;19-04-2025
YT8754500323309;true;false;19-04-2025
YT8754634813000;true;false;19-04-2025
YT8754698950400;true;false;19-04-2025
YT8754663253079;true;false;19-04-2025
777299344561153;true;false;19-04-2025
777299382637345;true;false;19-04-2025
777298950503043;true;false;19-04-2025
777299019047771;true;false;19-04-2025
YT8754360685838;true;false;19-04-2025
YT8754875019641;true;false;19-04-2025
YT8754493041277;true;false;19-04-2025
YT8754638080262;true;false;19-04-2025
YT8754384901011;true;false;19-04-2025
777299343085508;true;false;19-04-2025
777298796010655;true;false;19-04-2025
777298783120240;true;false;19-04-2025
YT8754516479689;true;false;19-04-2025
YT8754878629308;true;false;19-04-2025
YT8754748186924;true;false;19-04-2025
YT8754643894218;true;false;19-04-2025
YT8754436083038;true;false;19-04-2025
300607517823;true;false;19-04-2025
434528678754335;true;false;20-04-2025
78498678866827;true;false;20-04-2025
464322652395455;true;false;20-04-2025
78498431204082;true;false;20-04-2025
78498039493141;true;false;20-04-2025
78498448633296;true;false;20-04-2025
9806532855934;true;false;20-04-2025
777299398450447;true;false;20-04-2025
9806514664155;true;false;20-04-2025
78498264227216;true;false;20-04-2025
464334400261037;true;false;20-04-2025
78498431756160;true;false;20-04-2025
78498544216038;true;false;20-04-2025
9806526846417;true;false;20-04-2025
78498311282826;true;false;20-04-2025
9806528989512;true;false;20-04-2025
78498258549293;true;false;20-04-2025
9878682555503;true;false;20-04-2025
777299452428452;true;false;20-04-2025
9806512458964;true;false;20-04-2025
464323122006342;true;false;20-04-2025
9806513659903;true;false;20-04-2025
78498367141906;true;false;20-04-2025
777299395949865;true;false;20-04-2025
464339910403268;true;false;20-04-2025
9806534285196;true;false;20-04-2025
777299405411617;true;false;20-04-2025
9806527204367;true;false;20-04-2025
9806571378849;true;false;20-04-2025
9878691226058;true;false;20-04-2025
9806570949356;true;false;20-04-2025
9806542474724;true;false;20-04-2025
9806529676664;true;false;20-04-2025
78498445578049;true;false;20-04-2025
777299397286414;true;false;20-04-2025
9806542076150;true;false;20-04-2025
9806532668113;true;false;20-04-2025
9806566911605;true;false;20-04-2025
9806532887071;true;false;20-04-2025
9806574102161;true;false;20-04-2025
9806534038404;true;false;20-04-2025
9806529630406;true;false;20-04-2025
9806530485423;true;false;20-04-2025
777298634327404;true;false;20-04-2025
777299431732963;true;false;20-04-2025
9806531299650;true;false;20-04-2025
777298642817540;true;false;20-04-2025
777298649884991;true;false;20-04-2025
464340210482056;true;false;20-04-2025
777298674708631;true;false;20-04-2025
777298668099781;true;false;20-04-2025
777299402521372;true;false;20-04-2025
773350126918384;true;false;20-04-2025
9806510155394;true;false;20-04-2025
9806530801416;true;false;20-04-2025
9806532703029;true;false;20-04-2025
YT8754970620461;true;false;20-04-2025
9806530817772;true;false;20-04-2025
464339733956573;true;false;20-04-2025
9806521662313;true;false;20-04-2025
464334394511659;true;false;20-04-2025
9806534233986;true;false;20-04-2025
777299373695470;true;false;20-04-2025
9806523509703;true;false;20-04-2025
777299557050670;true;false;20-04-2025
777299390006507;true;false;20-04-2025
777298692343085;true;false;20-04-2025
9806531945455;true;false;20-04-2025
777299474178789;true;false;20-04-2025
777298640035877;true;false;20-04-2025
434528369781873;true;false;20-04-2025
464341467772994;true;false;20-04-2025
8224143084413;true;false;20-04-2025
464334454982424;true;false;20-04-2025
464334591754150;true;false;20-04-2025
777299755793640;true;false;20-04-2025
464333754941722;true;false;20-04-2025
464334027935977;true;false;20-04-2025
464334520923584;true;false;20-04-2025
464339381136233;true;false;20-04-2025
464339048015631;true;false;20-04-2025
777298662560686;true;false;20-04-2025
464335318748806;true;false;20-04-2025
464332245354164;true;false;20-04-2025
464341643942123;true;false;20-04-2025
YT8754373099491;true;false;20-04-2025
464333841756458;true;false;20-04-2025
464334534902588;true;false;20-04-2025
464333004619429;true;false;20-04-2025
464334450733991;true;false;20-04-2025
78498568185275;true;false;20-04-2025
YT8754407854937;true;false;20-04-2025
78898536044236;true;false;20-04-2025
464339289842828;true;false;20-04-2025
464340328775015;true;false;20-04-2025
464334925509274;true;false;20-04-2025
464333731064428;true;false;20-04-2025
YT8754730293597;true;false;20-04-2025
YT8754518476888;true;false;20-04-2025
464334704019269;true;false;20-04-2025
464334076303045;true;false;20-04-2025
YT8754638645520;true;false;20-04-2025
YT8754689028961;true;false;20-04-2025
464330701558432;true;false;20-04-2025
YT8754438787671;true;false;20-04-2025
464332532160148;true;false;20-04-2025
YT8755350057156;true;false;20-04-2025
YT8753870126417;true;false;20-04-2025
YT8754577420279;true;false;20-04-2025
464338802328162;true;false;20-04-2025
464335381270755;true;false;20-04-2025
78498470994133;true;false;20-04-2025
78498695795347;true;false;20-04-2025
78498648208184;true;false;20-04-2025
78498516225615;true;false;20-04-2025
78498478340840;true;false;20-04-2025
777298655923944;true;false;20-04-2025
YT8754523177440;true;false;20-04-2025
YT8754728585686;true;false;20-04-2025
YT8755352305576;true;false;20-04-2025
YT8754376287356;true;false;20-04-2025
YT8754504182704;true;false;20-04-2025
YT8753845682443;true;false;20-04-2025
YT8755299391010;true;false;20-04-2025
78498599101468;true;false;20-04-2025
78498509412766;true;false;20-04-2025
YT8755225640146;true;false;20-04-2025
78498592112756;true;false;20-04-2025
78898953950126;true;false;20-04-2025
YT8754920906647;true;false;20-04-2025
78498319355072;true;false;20-04-2025
78498582866747;true;false;20-04-2025
777299478601393;true;false;20-04-2025
YT8755196097145;true;false;20-04-2025
YT8754608616143;true;false;20-04-2025
78498328824852;true;false;20-04-2025
78498480998396;true;false;20-04-2025
9806538810787;true;false;20-04-2025
1315316441007;true;false;20-04-2025
78498280511806;true;false;20-04-2025
78498280520857;true;false;20-04-2025
JT5369359151768;true;false;20-04-2025
78498280110475;true;false;20-04-2025
78498280516050;true;false;20-04-2025
9806510445898;true;false;20-04-2025
JT5369724222774;true;false;20-04-2025
JT5370334894330;true;false;20-04-2025
78498280594749;true;false;20-04-2025
464332627626411;true;false;20-04-2025
JT5369516174328;true;false;20-04-2025
JT5369495618997;true;false;20-04-2025
JT5369567907069;true;false;20-04-2025
JT5369499921947;true;false;20-04-2025
JT3116626398970;true;false;20-04-2025
JT5369315539320;true;false;20-04-2025
78498768502438;true;false;20-04-2025
78498768502836;true;false;20-04-2025
JT5369539737722;true;false;20-04-2025
9806513175214;true;false;20-04-2025
JT5369433875749;true;false;20-04-2025
78498349939445;true;false;20-04-2025
JT5369627525362;true;false;20-04-2025
JT5369474005399;true;false;20-04-2025
78498778692074;true;false;20-04-2025
777298798283230;true;false;20-04-2025
78498449827720;true;false;20-04-2025
JT5369491550702;true;false;20-04-2025
JT5368617467671;true;false;20-04-2025
JT5369166311888;true;false;20-04-2025
JT5369433928253;true;false;20-04-2025
777299807822685;true;false;20-04-2025
9806536236307;true;false;20-04-2025
9806536283797;true;false;20-04-2025
YT8755336226237;true;false;20-04-2025
78498673581420;true;false;20-04-2025
464341818745655;true;false;20-04-2025
78498562785745;true;false;20-04-2025
464340300253557;true;false;20-04-2025
464340282197175;true;false;20-04-2025
JT5369612462614;true;false;20-04-2025
777299614277280;true;false;20-04-2025
JT5369370345581;true;false;20-04-2025
YT8754481870054;true;false;20-04-2025
JT5369700596125;true;false;20-04-2025
777299558379262;true;false;20-04-2025
JT5370320608682;true;false;20-04-2025
777299589058245;true;false;20-04-2025
YT8754394384558;true;false;20-04-2025
777299530103945;true;false;20-04-2025
YT8755262823322;true;false;20-04-2025
YT8755282114565;true;false;20-04-2025
777299346500477;true;false;20-04-2025
JT5369601549711;true;false;20-04-2025
JT5369554735770;true;false;20-04-2025
JT5369466054708;true;false;20-04-2025
JT5369692755093;true;false;20-04-2025
JT5369753308934;true;false;20-04-2025
JT5370418407887;true;false;20-04-2025
464341526192528;true;false;20-04-2025
JT5370340592919;true;false;20-04-2025
JT5369374529185;true;false;20-04-2025
JT5369632416574;true;false;20-04-2025
777299687474555;true;false;20-04-2025
YT8754936979439;true;false;20-04-2025
JT5369615581936;true;false;20-04-2025
JT5369500964170;true;false;20-04-2025
JT5369313495828;true;false;20-04-2025
YT8755194733081;true;false;20-04-2025
JT5369249693195;true;false;20-04-2025
JT5369442306417;true;false;20-04-2025
JT5369367572933;true;false;20-04-2025
JT5370333383543;true;false;20-04-2025
JT5369405429368;true;false;20-04-2025
JT5370357299205;true;false;20-04-2025
JT5369315010176;true;false;20-04-2025
JT5370426687351;true;false;20-04-2025
JT5369758984933;true;false;20-04-2025
JT5369539034805;true;false;20-04-2025
JT5369683702387;true;false;20-04-2025
777299008951280;true;false;20-04-2025
777299470544750;true;false;20-04-2025
JT5369402942371;true;false;20-04-2025
JT5369402883161;true;false;20-04-2025
JT5369727065914;true;false;20-04-2025
464333737160285;true;false;20-04-2025
777299607468530;true;false;20-04-2025
464334617144560;true;false;20-04-2025
777299486827018;true;false;20-04-2025
YT8755311309250;true;false;20-04-2025
JT5369638410178;true;false;20-04-2025
YT8754587962756;true;false;20-04-2025
JT5369563667845;true;false;20-04-2025
YT8754932895764;true;false;20-04-2025
JT5369726596801;true;false;20-04-2025
9806526800540;true;false;20-04-2025
YT8754682729632;true;false;20-04-2025
JT5369167073234;true;false;20-04-2025
JT5376432622780;true;false;20-04-2025
9806556462259;true;false;20-04-2025
777299421164705;true;false;20-04-2025
JT5370304184008;true;false;20-04-2025
9806569528197;true;false;20-04-2025
JT5369393832770;true;false;20-04-2025
777299496053032;true;false;20-04-2025
777299347245375;true;false;20-04-2025
777299546035057;true;false;20-04-2025
777298788731185;true;false;20-04-2025
777299694306774;true;false;20-04-2025
777299687398741;true;false;20-04-2025
777298763017064;true;false;20-04-2025
78498471546056;true;false;20-04-2025
464340030056794;true;false;20-04-2025
464339588597926;true;false;20-04-2025
YT8755223352461;true;false;20-04-2025
464339349947233;true;false;20-04-2025
YT8755339332618;true;false;20-04-2025
YT8755318982733;true;false;20-04-2025
434529442520012;true;false;20-04-2025
464341456717583;true;false;20-04-2025
YT8755206469496;true;false;20-04-2025
YT8755297985763;true;false;20-04-2025
464341639354317;true;false;20-04-2025
YT8754604793297;true;false;20-04-2025
464333937176539;true;false;20-04-2025
464339103251122;true;false;20-04-2025
464333800794946;true;false;20-04-2025
464334292202837;true;false;20-04-2025
YT8755288652425;true;false;20-04-2025
YT8754358589812;true;false;20-04-2025
464340550955535;true;false;20-04-2025
9806616238922;true;false;21-04-2025
464335237648788;true;false;21-04-2025
777299582137811;true;false;21-04-2025
777299755307569;true;false;21-04-2025
777300235728266;true;false;21-04-2025
777299341366791;true;false;21-04-2025
777299727948311;true;false;21-04-2025
777299638839609;true;false;21-04-2025
777299520745585;true;false;21-04-2025
9806613431755;true;false;21-04-2025
777299597378894;true;false;21-04-2025
464338757119636;true;false;21-04-2025
9806624657905;true;false;21-04-2025
777299583883043;true;false;21-04-2025
9806615420274;true;false;21-04-2025
777299937862811;true;false;21-04-2025
777298923406202;true;false;21-04-2025
777299572133417;true;false;21-04-2025
777299574588687;true;false;21-04-2025
9806610805132;true;false;21-04-2025
777299754342539;true;false;21-04-2025
9806536377776;true;false;21-04-2025
9806611037026;true;false;21-04-2025
9806611037026;true;false;21-04-2025
9806512107253;true;false;21-04-2025
9806611866785;true;false;21-04-2025
9806616762191;true;false;21-04-2025
78498601832139;true;false;21-04-2025
777299337714638;true;false;21-04-2025
9806623198440;true;false;21-04-2025
777299553904845;true;false;21-04-2025
777299524290314;true;false;21-04-2025
9806613431708;true;false;21-04-2025
777299589710118;true;false;21-04-2025
9806611903451;true;false;21-04-2025
777299607177732;true;false;21-04-2025
78498522824882;true;false;21-04-2025
777299530995541;true;false;21-04-2025
464341728024734;true;false;21-04-2025
9806620895831;true;false;21-04-2025
434532458017361;true;false;21-04-2025
9806539101756;true;false;21-04-2025
9806621548057;true;false;21-04-2025
78498589148526;true;false;21-04-2025
777299473585878;true;false;21-04-2025
78498620418067;true;false;21-04-2025
9806612600692;true;false;21-04-2025
464341707873488;true;false;21-04-2025
9806612256942;true;false;21-04-2025
9806614052740;true;false;21-04-2025
464339817533282;true;false;21-04-2025
9806628518853;true;false;21-04-2025
9806614554527;true;false;21-04-2025
78498550221638;true;false;21-04-2025
9806612969660;true;false;21-04-2025
9806469082387;true;false;21-04-2025
9806612602616;true;false;21-04-2025
78498944501494;true;false;21-04-2025
9806620976238;true;false;21-04-2025
YT7539779610357;true;false;21-04-2025
464335596580222;true;false;21-04-2025
9806618501304;true;false;21-04-2025
464336212257306;true;false;21-04-2025
9806620007651;true;false;21-04-2025
78498525415157;true;false;21-04-2025
9806613888793;true;false;21-04-2025
78498469885965;true;false;21-04-2025
78498527555442;true;false;21-04-2025
78498581784822;true;false;21-04-2025
777299557990715;true;false;21-04-2025
YT8755312950781;true;false;21-04-2025
464341559800801;true;false;21-04-2025
9806541419702;true;false;21-04-2025
78498586291593;true;false;21-04-2025
78498581689681;true;false;21-04-2025
777299799196098;true;false;21-04-2025
777299629422945;true;false;21-04-2025
464335340174458;true;false;21-04-2025
464335761645139;true;false;21-04-2025
464339441009827;true;false;21-04-2025
464338192818396;true;false;21-04-2025
777298689973424;true;false;21-04-2025
464338877776218;true;false;21-04-2025
464341930512642;true;false;21-04-2025
78498543251324;true;false;21-04-2025
9806621296762;true;false;21-04-2025
78498649790447;true;false;21-04-2025
464335721251263;true;false;21-04-2025
464338869203391;true;false;21-04-2025
YT8755291034230;true;false;21-04-2025
464339028061955;true;false;21-04-2025
9806620327770;true;false;21-04-2025
9806541712544;true;false;21-04-2025
464335802801345;true;false;21-04-2025
464335535312400;true;false;21-04-2025
464339441010914;true;false;21-04-2025
YT8754533070621;true;false;21-04-2025
464338849859530;true;false;21-04-2025
464339099097811;true;false;21-04-2025
YT8755336142522;true;false;21-04-2025
464336203665347;true;false;21-04-2025
464341483833443;true;false;21-04-2025
464341266105854;true;false;21-04-2025
464341638479548;true;false;21-04-2025
464339453692103;true;false;21-04-2025
777299972425289;true;false;21-04-2025
9806535350237;true;false;21-04-2025
464341478917044;true;false;21-04-2025
777299687300645;true;false;21-04-2025
464338999573571;true;false;21-04-2025
YT8755321241052;true;false;21-04-2025
464334965892003;true;false;21-04-2025
YT8755299427652;true;false;21-04-2025
YT8755328217436;true;false;21-04-2025
YT8755195880698;true;false;21-04-2025
434529843274708;true;false;21-04-2025
464341518849164;true;false;21-04-2025
464341308441793;true;false;21-04-2025
YT8755153027844;true;false;21-04-2025
YT8754683402112;true;false;21-04-2025
9806610828158;true;false;21-04-2025
78498549396539;true;false;21-04-2025
9806620064159;true;false;21-04-2025
9806620064047;true;false;21-04-2025
464336298014135;true;false;21-04-2025
YT8754578741481;true;false;21-04-2025
YT8754495018457;true;false;21-04-2025
464336027572792;true;false;21-04-2025
YT8755357787874;true;false;21-04-2025
YT8755312950905;true;false;21-04-2025
78498841075166;true;false;21-04-2025
464338256012951;true;false;21-04-2025
9806610828014;true;false;21-04-2025
9806582432967;true;false;21-04-2025
9806641193536;true;false;21-04-2025
464341856376980;true;false;21-04-2025
464339219261066;true;false;21-04-2025
9806578919599;true;false;21-04-2025
464339139106459;true;false;21-04-2025
464340150049678;true;false;21-04-2025
YT8755608858083;true;false;21-04-2025
9806610980178;true;false;21-04-2025
YT8754537013851;true;false;21-04-2025
YT8755228112060;true;false;21-04-2025
464341734533603;true;false;21-04-2025
YT8755222462828;true;false;21-04-2025
464338420932226;true;false;21-04-2025
YT8754586783510;true;false;21-04-2025
78498652616254;true;false;21-04-2025
777299922242095;true;false;21-04-2025
777299913307542;true;false;21-04-2025
9806639291641;true;false;21-04-2025
464338967993081;true;false;21-04-2025
JT5369672361460;true;false;21-04-2025
JT5369659333294;true;false;21-04-2025
JT5370429540800;true;false;21-04-2025
9806641749192;true;false;21-04-2025
JT5369603234890;true;false;21-04-2025
464335954630309;true;false;21-04-2025
9806577948572;true;false;21-04-2025
464335965114093;true;false;21-04-2025
464336354089857;true;false;21-04-2025
464336803543659;true;false;21-04-2025
YT8755227409848;true;false;21-04-2025
464340300721698;true;false;21-04-2025
78498946133293;true;false;21-04-2025
78499026910067;true;false;21-04-2025
YT8754568642866;true;false;21-04-2025
9806524883382;true;false;21-04-2025
YT8754417911983;true;false;21-04-2025
777300234984265;true;false;21-04-2025
78498284367576;true;false;21-04-2025
YT8755228088288;true;false;21-04-2025
YT8755361687953;true;false;21-04-2025
78498631687890;true;false;21-04-2025
YT8754539765099;true;false;21-04-2025
78498712680136;true;false;21-04-2025
78498881517598;true;false;21-04-2025
78498627215643;true;false;21-04-2025
9806619110507;true;false;21-04-2025
9806533228893;true;false;21-04-2025
YT8755362858224;true;false;21-04-2025
9806632617363;true;false;21-04-2025
78498476470611;true;false;21-04-2025
78898907990117;true;false;21-04-2025
9806537210334;true;false;21-04-2025
9806524846422;true;false;21-04-2025
777300266488226;true;false;21-04-2025
JT5369686350039;true;false;21-04-2025
YT7539572891403;true;false;21-04-2025
JT5369728119415;true;false;21-04-2025
777299903319645;true;false;21-04-2025
YT8755647340862;true;false;21-04-2025
78498969969708;true;false;21-04-2025
YT8755104985085;true;false;21-04-2025
777299541774114;true;false;21-04-2025
777299480574675;true;false;21-04-2025
777299665873431;true;false;21-04-2025
777299801454808;true;false;21-04-2025
777299520812506;true;false;21-04-2025
JT5370066202996;true;false;21-04-2025
JT5369681298712;true;false;21-04-2025
JT5370094236479;true;false;21-04-2025
JT5369991557504;true;false;21-04-2025
JT5369681887946;true;false;21-04-2025
JT5370433684376;true;false;21-04-2025
777299891597427;true;false;21-04-2025
777299834095890;true;false;21-04-2025
9806538762102;true;false;21-04-2025
YT8755287449660;true;false;21-04-2025
JT5369766371820;true;false;21-04-2025
JT5369987666217;true;false;21-04-2025
JT5370071510738;true;false;21-04-2025
JT5370402360481;true;false;21-04-2025
JT5370408773388;true;false;21-04-2025
YT8755280817503;true;false;21-04-2025
78498684943853;true;false;21-04-2025
78498711707649;true;false;21-04-2025
78498799028043;true;false;21-04-2025
464338713860095;true;false;21-04-2025
464340532675148;true;false;21-04-2025
464338017955231;true;false;21-04-2025
777299815314433;true;false;21-04-2025
78499026908679;true;false;21-04-2025
JT5370326189632;true;false;21-04-2025
777298948145700;true;false;21-04-2025
JT5369693107603;true;false;21-04-2025
JT5369608514333;true;false;21-04-2025
777299520702148;true;false;21-04-2025
JT5369768489979;true;false;21-04-2025
JT5370108836297;true;false;21-04-2025
JT5369761583083;true;false;21-04-2025
JT5370037821897;true;false;21-04-2025
JT5370234288131;true;false;21-04-2025
777299849531800;true;false;21-04-2025
777299867108605;true;false;21-04-2025
78498543094070;true;false;21-04-2025
YT8754587337334;true;false;21-04-2025
YT8755651460318;true;false;21-04-2025
9806579761236;true;false;21-04-2025
JT5370394040463;true;false;21-04-2025
777299599098629;true;false;21-04-2025
777299974456603;true;false;21-04-2025
777299707891221;true;false;21-04-2025
78498804646630;true;false;21-04-2025
78498665383179;true;false;21-04-2025
464339141317943;true;false;21-04-2025
78498917269343;true;false;21-04-2025
9806618468819;true;false;21-04-2025
YT8754567943388;true;false;21-04-2025
464341039278584;true;false;21-04-2025
464339112690266;true;false;21-04-2025
JT5369723997292;true;false;21-04-2025
JT5369753485351;true;false;21-04-2025
464337934658846;true;false;21-04-2025
464338109100336;true;false;21-04-2025
464341791709364;true;false;21-04-2025
YT8754549285190;true;false;21-04-2025
YT8755636230785;true;false;21-04-2025
464338030038317;true;false;21-04-2025
JT5369696837095;true;false;21-04-2025
464335975619002;true;false;21-04-2025
JT5370413455853;true;false;21-04-2025
JT5370423079343;true;false;21-04-2025
JT5369712581521;true;false;21-04-2025
YT8755098162965;true;false;21-04-2025
JT5370341438561;true;false;21-04-2025
JT5370371946322;true;false;21-04-2025
JT5370273289524;true;false;21-04-2025
464339538184365;true;false;21-04-2025
JT5369668595374;true;false;21-04-2025
JT5369698088905;true;false;21-04-2025
JT5370133095463;true;false;21-04-2025
YT8755041235652;true;false;21-04-2025
JT5370424169940;true;false;21-04-2025
JT5369981565185;true;false;21-04-2025
JT5369981333292;true;false;21-04-2025
464338083529217;true;false;21-04-2025
JT5369697110300;true;false;21-04-2025
JT5369656146147;true;false;21-04-2025
464341425781526;true;false;21-04-2025
777299638779643;true;false;21-04-2025
78498951976481;true;false;21-04-2025
464335236662961;true;false;21-04-2025
78498861358515;true;false;21-04-2025
78498476135617;true;false;21-04-2025
464336760507170;true;false;21-04-2025
464336920129671;true;false;21-04-2025
JT5370335439761;true;false;21-04-2025
JT5369604222931;true;false;21-04-2025
JT5370186160197;true;false;21-04-2025
JT5369486105118;true;false;21-04-2025
78498749551096;true;false;21-04-2025
JT5370294215329;true;false;21-04-2025
YT8755589147079;true;false;21-04-2025
YT8754601991050;true;false;21-04-2025
YT8755329291477;true;false;21-04-2025
JT5369661780174;true;false;21-04-2025
777299753643535;true;false;21-04-2025
777299588408426;true;false;21-04-2025
JT5369673521387;true;false;21-04-2025
YT8755125024354;true;false;21-04-2025
JT5369620795170;true;false;21-04-2025
464340566195645;true;false;21-04-2025
78498737557522;true;false;21-04-2025
YT8754548535933;true;false;21-04-2025
YT8755585984858;true;false;21-04-2025
YT8755252174780;true;false;21-04-2025
JT5370167947728;true;false;21-04-2025
JT5370316917122;true;false;21-04-2025
YT8755584920633;true;false;21-04-2025
464341278590126;true;false;21-04-2025
JT5369661092198;true;false;21-04-2025
JT5369414608970;true;false;21-04-2025
JT5368645059145;true;false;21-04-2025
78498918658002;true;false;21-04-2025
464341870874278;true;false;21-04-2025
YT8755287392780;true;false;21-04-2025
JT5370110559357;true;false;21-04-2025
JT5369698946556;true;false;21-04-2025
JT5370419653639;true;false;21-04-2025
JT5369650253931;true;false;21-04-2025
464336502829864;true;false;21-04-2025
YT7539635870260;true;false;21-04-2025
464336050844576;true;false;21-04-2025
460439143518107;true;false;21-04-2025
464338055147507;true;false;21-04-2025
464338021046552;true;false;21-04-2025
777299609686248;true;false;21-04-2025
YT8755125588076;true;false;21-04-2025
YT8755032994041;true;false;21-04-2025
610047829140;true;false;21-04-2025
78497290435721;true;false;21-04-2025
YT8755250997341;true;false;21-04-2025
YT8755094998467;true;false;22-04-2025
78499155770416;true;false;22-04-2025
YT8755127591140;true;false;22-04-2025
78499216973129;true;false;22-04-2025
78499274432216;true;false;22-04-2025
78499124162328;true;false;22-04-2025
YT8755844125901;true;false;22-04-2025
464335974549267;true;false;22-04-2025
464338690412080;true;false;22-04-2025
YT8755668760889;true;false;22-04-2025
YT8755136316150;true;false;22-04-2025
YT8755673822402;true;false;22-04-2025
YT8755151543834;true;false;22-04-2025
YT8755623587757;true;false;22-04-2025
464337608430428;true;false;22-04-2025
YT8755153570519;true;false;22-04-2025
464338430144062;true;false;22-04-2025
78499205143486;true;false;22-04-2025
464346550247436;true;false;22-04-2025
464335709002722;true;false;22-04-2025
464345964093263;true;false;22-04-2025
464346005290679;true;false;22-04-2025
464345806522138;true;false;22-04-2025
777299945975986;true;false;22-04-2025
777299671173703;true;false;22-04-2025
464336959374013;true;false;22-04-2025
YT8755077832043;true;false;22-04-2025
YT8755152210931;true;false;22-04-2025
464337040632531;true;false;22-04-2025
YT8755621878453;true;false;22-04-2025
YT8755583734318;true;false;22-04-2025
YT8754881323563;true;false;22-04-2025
YT8755108506734;true;false;22-04-2025
YT8755597291175;true;false;22-04-2025
9806576884162;true;false;22-04-2025
YT8755636160101;true;false;22-04-2025
78499261641720;true;false;22-04-2025
78499226712079;true;false;22-04-2025
78499150346564;true;false;22-04-2025
434531822298060;true;false;22-04-2025
JT5369435010226;true;false;22-04-2025
JT5370018186106;true;false;22-04-2025
464338699682252;true;false;22-04-2025
JT5370192617537;true;false;22-04-2025
JT5370003990500;true;false;22-04-2025
JT5370130384587;true;false;22-04-2025
YT8755137978559;true;false;22-04-2025
78499049918546;true;false;22-04-2025
JT5370034365878;true;false;22-04-2025
9806639504292;true;false;22-04-2025
9806581463125;true;false;22-04-2025
464347184161380;true;false;22-04-2025
YT8755090390173;true;false;22-04-2025
YT8755686539407;true;false;22-04-2025
YT8755636150700;true;false;22-04-2025
YT8754675051452;true;false;22-04-2025
YT8755646473800;true;false;22-04-2025
78499189590796;true;false;22-04-2025
YT8755602611248;true;false;22-04-2025
YT8755684814403;true;false;22-04-2025
78499246534364;true;false;22-04-2025
78499286556347;true;false;22-04-2025
YT8755606036674;true;false;22-04-2025
464335962518662;true;false;22-04-2025
78499174582948;true;false;22-04-2025
78498747849543;true;false;22-04-2025
YT8755576332455;true;false;22-04-2025
YT8755768680081;true;false;22-04-2025
9806632746606;true;false;22-04-2025
78499213294509;true;false;22-04-2025
78499219805416;true;false;22-04-2025
78499202847966;true;false;22-04-2025
JT5369742665917;true;false;22-04-2025
78499150837268;true;false;22-04-2025
78498806187615;true;false;22-04-2025
JT5370304954020;true;false;22-04-2025
78499221569004;true;false;22-04-2025
464346826392233;true;false;22-04-2025
78498935163019;true;false;22-04-2025
464336226333609;true;false;22-04-2025
464347484287479;true;false;22-04-2025
464338147345222;true;false;22-04-2025
464346046809551;true;false;22-04-2025
464337495938245;true;false;22-04-2025
464338047989001;true;false;22-04-2025
JT5370139307614;true;false;22-04-2025
464346516214238;true;false;22-04-2025
JT5371042701307;true;false;22-04-2025
JT5370070567154;true;false;22-04-2025
9806591606615;true;false;22-04-2025
9806629543571;true;false;22-04-2025
9806600696249;true;false;22-04-2025
9806640769760;true;false;22-04-2025
464345926998148;true;false;22-04-2025
464346973460670;true;false;22-04-2025
YT8755688373775;true;false;22-04-2025
YT8755476893355;true;false;22-04-2025
9806518956553;true;false;22-04-2025
464347359395688;true;false;22-04-2025
464336911807632;true;false;22-04-2025
JT5370961554514;true;false;22-04-2025
JT5369783891930;true;false;22-04-2025
JT5369948130747;true;false;22-04-2025
464345982808966;true;false;22-04-2025
464340694785135;true;false;22-04-2025
777300572083234;true;false;22-04-2025
JT5370013400590;true;false;22-04-2025
JT5370209034646;true;false;22-04-2025
9806536341324;true;false;22-04-2025
YT8755032750890;true;false;22-04-2025
YT8755454815670;true;false;22-04-2025
YT8755795793132;true;false;22-04-2025
YT8755850397615;true;false;22-04-2025
YT8755677777768;true;false;22-04-2025
JT5369796079709;true;false;22-04-2025
777299990578848;true;false;22-04-2025
777300031221892;true;false;22-04-2025
JT5370209055307;true;false;22-04-2025
777300568867531;true;false;22-04-2025
777299988712841;true;false;22-04-2025
YT8755352317021;true;false;22-04-2025
YT8755462639981;true;false;22-04-2025
78899123231846;true;false;22-04-2025
YT8755794124016;true;false;22-04-2025
YT8755806721513;true;false;22-04-2025
YT8755435616230;true;false;22-04-2025
YT8755129609959;true;false;22-04-2025
YT8755416946190;true;false;22-04-2025
YT8755108760921;true;false;22-04-2025
YT7540014920382;true;false;22-04-2025
YT8755384952436;true;false;22-04-2025
777299672973536;true;false;22-04-2025
777299992251510;true;false;22-04-2025
JT5371031512780;true;false;22-04-2025
JT5370009041074;true;false;22-04-2025
JT5370383125666;true;false;22-04-2025
JT5371042214128;true;false;22-04-2025
YT8755769162351;true;false;22-04-2025
YT8755818856237;true;false;22-04-2025
YT8755435767534;true;false;22-04-2025
YT8755860920900;true;false;22-04-2025
777299709173183;true;false;22-04-2025
YT8755762204360;true;false;22-04-2025
YT8755089352115;true;false;22-04-2025
777300290765136;true;false;22-04-2025
777299993880194;true;false;22-04-2025
773350615473671;true;false;22-04-2025
777300078226369;true;false;22-04-2025
777299359819129;true;false;22-04-2025
JT5369919877428;true;false;22-04-2025
JT5370958590221;true;false;22-04-2025
777300188531035;true;false;22-04-2025
YT8755650316292;true;false;22-04-2025
YT8755450746268;true;false;22-04-2025
JT5370957597170;true;false;22-04-2025
JT5371049507244;true;false;22-04-2025
464337496018473;true;false;22-04-2025
YT8755636169085;true;false;22-04-2025
464336035461508;true;false;22-04-2025
464336536198131;true;false;22-04-2025
464339443135532;true;false;22-04-2025
777299900474969;true;false;22-04-2025
777299942457875;true;false;22-04-2025
JT3116691732266;true;false;22-04-2025
773350626418503;true;false;22-04-2025
9806637489920;true;false;22-04-2025
777299893747682;true;false;22-04-2025
777299948892515;true;false;22-04-2025
JT5370269411636;true;false;22-04-2025
9806611860002;true;false;22-04-2025
JT5370144083738;true;false;22-04-2025
777299956700134;true;false;22-04-2025
777299975813940;true;false;22-04-2025
9806633649602;true;false;22-04-2025
9806632462232;true;false;22-04-2025
9806636087696;true;false;22-04-2025
777300127564987;true;false;22-04-2025
9806582013506;true;false;22-04-2025
777299973694002;true;false;22-04-2025
777299851525068;true;false;22-04-2025
SF3174019918004;true;false;22-04-2025
777299941901881;true;false;22-04-2025
777299975315808;true;false;22-04-2025
777299936066975;true;false;22-04-2025
JT5370036323445;true;false;22-04-2025
JT5370112742543;true;false;22-04-2025
9806610639132;true;false;22-04-2025
78498763246330;true;false;22-04-2025
464337461137691;true;false;22-04-2025
9806541345802;true;false;22-04-2025
9806638327948;true;false;22-04-2025
9806542150025;true;false;22-04-2025
JT5370170122849;true;false;22-04-2025
777299714016609;true;false;22-04-2025
777300279794720;true;false;22-04-2025
9806641559114;true;false;22-04-2025
78499046052180;true;false;22-04-2025
777300010220864;true;false;22-04-2025
777299657389032;true;false;22-04-2025
777300120336838;true;false;22-04-2025
777299821781056;true;false;22-04-2025
78498911182210;true;false;22-04-2025
78498827249351;true;false;22-04-2025
78498862575633;true;false;22-04-2025
JT5370204334223;true;false;22-04-2025
464335426675108;true;false;22-04-2025
9806627265062;true;false;22-04-2025
777299820369504;true;false;22-04-2025
78498974205283;true;false;22-04-2025
777299724151204;true;false;22-04-2025
SF3162474421392;true;false;22-04-2025
777300265459560;true;false;22-04-2025
777299666638568;true;false;22-04-2025
78498984591955;true;false;22-04-2025
78498928670956;true;false;22-04-2025
78499206322636;true;false;22-04-2025
9806635349941;true;false;22-04-2025
78499025500334;true;false;22-04-2025
777299701052445;true;false;22-04-2025
777299879202091;true;false;22-04-2025
9806628875296;true;false;22-04-2025
78498844999226;true;false;22-04-2025
78498718291383;true;false;22-04-2025
9806636089120;true;false;22-04-2025
9806631836554;true;false;22-04-2025
9806632748657;true;false;22-04-2025
9806635313108;true;false;22-04-2025
9806610430384;true;false;22-04-2025
9806640957334;true;false;22-04-2025
9806578860006;true;false;22-04-2025
777299940238890;true;false;22-04-2025
9806637558874;true;false;22-04-2025
9806630715686;true;false;22-04-2025
777299523238467;true;false;22-04-2025
9806633232437;true;false;22-04-2025
9806579914528;true;false;22-04-2025
78498642259138;true;false;22-04-2025
78499091818818;true;false;22-04-2025
78498818539574;true;false;22-04-2025
777299902120835;true;false;22-04-2025
777299540528063;true;false;22-04-2025
9806633231912;true;false;22-04-2025
777299866177512;true;false;22-04-2025
9806585080019;true;false;22-04-2025
78498836862190;true;false;22-04-2025
78498896990871;true;false;22-04-2025
9806577368979;true;false;22-04-2025
9806601358489;true;false;22-04-2025
78498964304111;true;false;22-04-2025
78498872262545;true;false;22-04-2025
JT5370111542619;true;false;22-04-2025
78498837815310;true;false;22-04-2025
9806614232978;true;false;22-04-2025
JT5370137914577;true;false;22-04-2025
78498791283852;true;false;22-04-2025
JT5369517142621;true;false;22-04-2025
777300238071673;true;false;22-04-2025
JT5369862973852;true;false;22-04-2025
JT5370061927903;true;false;22-04-2025
9806622234077;true;false;22-04-2025
78498967922101;true;false;22-04-2025
464335883896865;true;false;22-04-2025
JT5370153984637;true;false;22-04-2025
JT5370298509330;true;false;22-04-2025
JT5369203248538;true;false;22-04-2025
434534894844059;true;false;22-04-2025
JT5370249790713;true;false;22-04-2025
464347542632973;true;false;22-04-2025
464336184545344;true;false;22-04-2025
464335863269473;true;false;22-04-2025
JT5370248582665;true;false;22-04-2025
JT5370072374775;true;false;22-04-2025
464335952931650;true;false;22-04-2025
464335510484384;true;false;22-04-2025
464336901814439;true;false;22-04-2025
JT5370169283428;true;false;22-04-2025
JT5370188092102;true;false;22-04-2025
464338620577607;true;false;22-04-2025
JT3116759268626;true;false;22-04-2025
JT5370107620281;true;false;22-04-2025
JT5370111880644;true;false;22-04-2025
464346979699846;true;false;22-04-2025
464337608024324;true;false;22-04-2025
JT5370155231301;true;false;22-04-2025
JT5369677060733;true;false;22-04-2025
JT5370082824374;true;false;22-04-2025
JT5370228760676;true;false;22-04-2025
JT5370073428050;true;false;22-04-2025
JT5370199001058;true;false;22-04-2025
464338498073235;true;false;22-04-2025
JT5369741575558;true;false;22-04-2025
JT5370031968503;true;false;22-04-2025
464336316198745;true;false;22-04-2025
464336085519133;true;false;22-04-2025
464339467054714;true;false;22-04-2025
464346490547943;true;false;22-04-2025
464347518561189;true;false;22-04-2025
78498990824520;true;false;22-04-2025
464338344466027;true;false;22-04-2025
464338520000322;true;false;22-04-2025
464335983084572;true;false;22-04-2025
YT8755684849513;true;false;22-04-2025
464336185614811;true;false;22-04-2025
464335805135227;true;false;22-04-2025
464338615553752;true;false;22-04-2025
YT7539838631538;true;false;22-04-2025
78499248140657;true;false;22-04-2025
YT8755696926183;true;false;22-04-2025
YT8755618343539;true;false;22-04-2025
464336830150916;true;false;22-04-2025
464337910890060;true;false;22-04-2025
464342095042914;true;false;22-04-2025
464336523533015;true;false;22-04-2025
464338592901294;true;false;22-04-2025
YT8755173147320;true;false;22-04-2025
YT8754534060304;true;false;22-04-2025
464338019153011;true;false;23-04-2025
JT5369829386994;true;false;23-04-2025
464346250549597;true;false;23-04-2025
YT8755783075893;true;false;23-04-2025
464345772517956;true;false;23-04-2025
JT5369942232974;true;false;23-04-2025
JT5369912384100;true;false;23-04-2025
9806664176086;true;false;23-04-2025
78499025819280;true;false;23-04-2025
9806538097620;true;false;23-04-2025
78499221175820;true;false;23-04-2025
9806578190909;true;false;23-04-2025
78499003896664;true;false;23-04-2025
9878714142523;true;false;23-04-2025
78499150475246;true;false;23-04-2025
78499007607387;true;false;23-04-2025
777300067549021;true;false;23-04-2025
9806599575739;true;false;23-04-2025
9806640726824;true;false;23-04-2025
9806595121700;true;false;23-04-2025
78499161974246;true;false;23-04-2025
9806599496138;true;false;23-04-2025
78498643506515;true;false;23-04-2025
777300572743467;true;false;23-04-2025
9806605479241;true;false;23-04-2025
9806586030290;true;false;23-04-2025
78499108653826;true;false;23-04-2025
78499246409277;true;false;23-04-2025
9806665893395;true;false;23-04-2025
78499441068023;true;false;23-04-2025
78899474068986;true;false;23-04-2025
9806578545237;true;false;23-04-2025
9806659466570;true;false;23-04-2025
78499346559916;true;false;23-04-2025
9806583183194;true;false;23-04-2025
9806591617283;true;false;23-04-2025
777300464263363;true;false;23-04-2025
9806640879281;true;false;23-04-2025
78499178532155;true;false;23-04-2025
777300109748910;true;false;23-04-2025
YT8755039029649;true;false;23-04-2025
777300131537429;true;false;23-04-2025
78499178152431;true;false;23-04-2025
78499146805217;true;false;23-04-2025
78499369882540;true;false;23-04-2025
78899346971071;true;false;23-04-2025
78499142873528;true;false;23-04-2025
78499097343040;true;false;23-04-2025
9806599292877;true;false;23-04-2025
777300551022841;true;false;23-04-2025
78499073732256;true;false;23-04-2025
9806636152936;true;false;23-04-2025
9806595735061;true;false;23-04-2025
9806598557554;true;false;23-04-2025
9806583353539;true;false;23-04-2025
9806640311101;true;false;23-04-2025
777299494909293;true;false;23-04-2025
JT5369923101056;true;false;23-04-2025
777300060775119;true;false;23-04-2025
9806594546446;true;false;23-04-2025
777300454458517;true;false;23-04-2025
777300429519083;true;false;23-04-2025
777300571153388;true;false;23-04-2025
777300214375482;true;false;23-04-2025
777300299907504;true;false;23-04-2025
9806635667079;true;false;23-04-2025
9806578150334;true;false;23-04-2025
YT8755814931455;true;false;23-04-2025
777299993885197;true;false;23-04-2025
777299662916378;true;false;23-04-2025
9806637807912;true;false;23-04-2025
9806641120926;true;false;23-04-2025
JT5369770486353;true;false;23-04-2025
9806585041724;true;false;23-04-2025
777300018256341;true;false;23-04-2025
JT5369872418736;true;false;23-04-2025
JT5371039248324;true;false;23-04-2025
JT5369827272621;true;false;23-04-2025
777300281200628;true;false;23-04-2025
JT5369970582988;true;false;23-04-2025
JT5369796174786;true;false;23-04-2025
JT5370951291001;true;false;23-04-2025
464342894715154;true;false;23-04-2025
JT5369914271409;true;false;23-04-2025
JT5370776653644;true;false;23-04-2025
R02ZYT1932886422350;true;false;23-04-2025
JT5369823189326;true;false;23-04-2025
JT5370970626661;true;false;23-04-2025
YT8755832341043;true;false;23-04-2025
JT5370013554029;true;false;23-04-2025
JT5371092152958;true;false;23-04-2025
JT5369999488005;true;false;23-04-2025
JT5370152786196;true;false;23-04-2025
JT5369927404433;true;false;23-04-2025
464337188098568;true;false;23-04-2025
JT5369866725690;true;false;23-04-2025
777300030079125;true;false;23-04-2025
777300198924145;true;false;23-04-2025
464337304407564;true;false;23-04-2025
JT5370723051713;true;false;23-04-2025
JT5369932313556;true;false;23-04-2025
9806630898736;true;false;23-04-2025
464345914900021;true;false;23-04-2025
JT5369836726738;true;false;23-04-2025
JT5369947348486;true;false;23-04-2025
464346678802250;true;false;23-04-2025
YT8755484194211;true;false;23-04-2025
YT8755484255525;true;false;23-04-2025
YT8755477537414;true;false;23-04-2025
464346074555059;true;false;23-04-2025
773350586553438;true;false;23-04-2025
777300114277500;true;false;23-04-2025
464346546345999;true;false;23-04-2025
464347213313243;true;false;23-04-2025
464346497829692;true;false;23-04-2025
464347496105756;true;false;23-04-2025
464346095220732;true;false;23-04-2025
JT5369889554816;true;false;23-04-2025
JT5369889834172;true;false;23-04-2025
JT5369901460782;true;false;23-04-2025
464337066111591;true;false;23-04-2025
JT5369968630945;true;false;23-04-2025
JT5369890896118;true;false;23-04-2025
YT8755887193644;true;false;23-04-2025
777300222225549;true;false;23-04-2025
YT8755781632261;true;false;23-04-2025
YT8756008648913;true;false;23-04-2025
YT8755533355073;true;false;23-04-2025
YT8683737365755;true;false;23-04-2025
464337727957789;true;false;23-04-2025
YT8755852085334;true;false;23-04-2025
777300113694315;true;false;23-04-2025
YT8755082531029;true;false;23-04-2025
464338101908419;true;false;23-04-2025
464346329641868;true;false;23-04-2025
464342104329317;true;false;23-04-2025
464337695943673;true;false;23-04-2025
434532009092529;true;false;23-04-2025
464346760467043;true;false;23-04-2025
YT8755444267122;true;false;23-04-2025
464338972910852;true;false;23-04-2025
464347176960673;true;false;23-04-2025
464346975683025;true;false;23-04-2025
9806661181169;true;false;23-04-2025
78499501906517;true;false;23-04-2025
464347202993673;true;false;23-04-2025
JT5370910172601;true;false;23-04-2025
JT5370797923007;true;false;23-04-2025
JT5370752236554;true;false;23-04-2025
YT8755505279136;true;false;23-04-2025
JT5369899440937;true;false;23-04-2025
YT8755901137834;true;false;23-04-2025
YT8755446281890;true;false;23-04-2025
YT8755415250995;true;false;23-04-2025
YT8755552346764;true;false;23-04-2025
9806660513627;true;false;23-04-2025
9806672078834;true;false;23-04-2025
464346542678964;true;false;23-04-2025
9806586479367;true;false;23-04-2025
9806588477138;true;false;23-04-2025
JT5369899936000;true;false;23-04-2025
464346148075460;true;false;23-04-2025
464346544188194;true;false;23-04-2025
YT7539813317107;true;false;23-04-2025
YT8755049051304;true;false;23-04-2025
YT8755496389955;true;false;23-04-2025
JT5370895130996;true;false;23-04-2025
YT8755456575501;true;false;23-04-2025
YT8755566088649;true;false;23-04-2025
JT5370844341402;true;false;23-04-2025
JT5370948897614;true;false;23-04-2025
9806662360459;true;false;23-04-2025
78899348014580;true;false;23-04-2025
YT8755491743611;true;false;23-04-2025
464336295982659;true;false;23-04-2025
78499350413947;true;false;23-04-2025
464345498954037;true;false;23-04-2025
78499548276509;true;false;23-04-2025
78499400803996;true;false;23-04-2025
78499266922218;true;false;23-04-2025
78499510378598;true;false;23-04-2025
78499550056594;true;false;23-04-2025
78499389782850;true;false;23-04-2025
78499523608473;true;false;23-04-2025
78499499653726;true;false;23-04-2025
78499457708316;true;false;23-04-2025
78499054635886;true;false;23-04-2025
78499385103872;true;false;23-04-2025
78499438880831;true;false;23-04-2025
78499062268355;true;false;23-04-2025
78499390145840;true;false;23-04-2025
78499415204251;true;false;23-04-2025
JT5370693676334;true;false;23-04-2025
78899392428990;true;false;23-04-2025
78499513166182;true;false;23-04-2025
JT5369802239401;true;false;23-04-2025
JT5369982659626;true;false;23-04-2025
JT5370915311970;true;false;23-04-2025
JT5370761465597;true;false;23-04-2025
JT5370759778299;true;false;23-04-2025
JT5370832214839;true;false;23-04-2025
JT5369910575141;true;false;23-04-2025
JT5370731010686;true;false;23-04-2025
78499525205194;true;false;23-04-2025
JT5371095340439;true;false;23-04-2025
9806670057620;true;false;23-04-2025
777300117368351;true;false;23-04-2025
464342557863061;true;false;23-04-2025
777300329751671;true;false;23-04-2025
464342258038029;true;false;23-04-2025
464342557673410;true;false;23-04-2025
777300361681585;true;false;23-04-2025
464348328784704;true;false;23-04-2025
464348008547085;true;false;23-04-2025
464346496705127;true;false;23-04-2025
464342474069144;true;false;23-04-2025
464338102025648;true;false;23-04-2025
464348668152627;true;false;23-04-2025
464346597285051;true;false;23-04-2025
464348083660929;true;false;23-04-2025
464348045325600;true;false;23-04-2025
464342458339205;true;false;23-04-2025
464342940832706;true;false;23-04-2025
464342137464367;true;false;23-04-2025
464342329806524;true;false;23-04-2025
464348757557706;true;false;23-04-2025
777300426241777;true;false;23-04-2025
777300059971737;true;false;23-04-2025
773350728450515;true;false;23-04-2025
777300593393713;true;false;23-04-2025
777300260012265;true;false;23-04-2025
777300587824240;true;false;23-04-2025
777300459714319;true;false;23-04-2025
777300360223057;true;false;23-04-2025
777300305522487;true;false;23-04-2025
777300022221055;true;false;23-04-2025
777300597370765;true;false;23-04-2025
777300362505258;true;false;23-04-2025
777299726974583;true;false;23-04-2025
777300226630568;true;false;23-04-2025
777300151296788;true;false;23-04-2025
YT8754944739515;true;false;23-04-2025
777300153386681;true;false;23-04-2025
777300516736332;true;false;23-04-2025
777300542852691;true;false;23-04-2025
777300095830482;true;false;23-04-2025
464337095276082;true;false;23-04-2025
464335546090643;true;false;23-04-2025
78499319572570;true;false;23-04-2025
777300455392794;true;false;23-04-2025
777300315689996;true;false;23-04-2025
777300396330988;true;false;23-04-2025
777300636715922;true;false;23-04-2025
777300297597905;true;false;23-04-2025
777300279235713;true;false;23-04-2025
YT8755883452642;true;false;23-04-2025
777300450045235;true;false;23-04-2025
YT8755935731660;true;false;23-04-2025
YT8755902996489;true;false;23-04-2025
777300585864628;true;false;23-04-2025
78498997171566;true;false;23-04-2025
YT8755903945761;true;false;23-04-2025
78499194950038;true;false;23-04-2025
YT8755760734768;true;false;23-04-2025
78499266988371;true;false;23-04-2025
777300448070502;true;false;23-04-2025
YT8755125571922;true;false;23-04-2025
YT8755920732788;true;false;23-04-2025
YT8755932844086;true;false;23-04-2025
YT8755906566024;true;false;23-04-2025
YT8755112100788;true;false;23-04-2025
78499404962132;true;false;23-04-2025
YT8756186713351;true;false;23-04-2025
YT8755873288789;true;false;23-04-2025
YT8755879669986;true;false;23-04-2025
YT8755812127553;true;false;23-04-2025
YT8755732417743;true;false;23-04-2025
YT8756161626513;true;false;23-04-2025
YT8755932842954;true;false;23-04-2025
YT8754674378998;true;false;23-04-2025
YT8755903946726;true;false;23-04-2025
YT8755911211812;true;false;23-04-2025
YT8755895736134;true;false;23-04-2025
78499536333930;true;false;23-04-2025
78499424996991;true;false;23-04-2025
JT5370824114883;true;false;23-04-2025
JT5370698275192;true;false;23-04-2025
YT8755774854775;true;false;23-04-2025
JT5369811196471;true;false;23-04-2025
JT5370824283531;true;false;23-04-2025
JT5370724440262;true;false;23-04-2025
464335709842897;true;false;23-04-2025
YT8755916967905;true;false;23-04-2025
78499493298546;true;false;23-04-2025
YT8755414895155;true;false;23-04-2025
78499426640212;true;false;23-04-2025
YT8756313323044;true;false;24-04-2025
46434850654593;true;false;24-04-2025
464348679452004;true;false;24-04-2025
464342143793771;true;false;24-04-2025
JT5370985532230;true;false;24-04-2025
777300358390539;true;false;24-04-2025
777300439471725;true;false;24-04-2025
777300510881348;true;false;24-04-2025
777300529988600;true;false;24-04-2025
JT5370998607659;true;false;24-04-2025
78499398274511;true;false;24-04-2025
JT5370726337232;true;false;24-04-2025
777300428496152;true;false;24-04-2025
777299755786313;true;false;24-04-2025
78499399204374;true;false;24-04-2025
777300459782776;true;false;24-04-2025
777300527563668;true;false;24-04-2025
777300485473418;true;false;24-04-2025
777300481020677;true;false;24-04-2025
78499544532993;true;false;24-04-2025
78499297966799;true;false;24-04-2025
JT5370859591480;true;false;24-04-2025
JT5370854121889;true;false;24-04-2025
JT5370925312312;true;false;24-04-2025
YT8755737084748;true;false;24-04-2025
YT8755934937245;true;false;24-04-2025
JT5370710887144;true;false;24-04-2025
JT5370741874227;true;false;24-04-2025
JT5369896736881;true;false;24-04-2025
JT5369774552524;true;false;24-04-2025
78499452130560;true;false;24-04-2025
JT5370903063284;true;false;24-04-2025
78499512358266;true;false;24-04-2025
78499382123406;true;false;24-04-2025
JT5370814135434;true;false;24-04-2025
YT8756326331768;true;false;24-04-2025
YT8756135066143;true;false;24-04-2025
JT5370560824477;true;false;24-04-2025
YT8756192115013;true;false;24-04-2025
78499389699136;true;false;24-04-2025
JT5370753525623;true;false;24-04-2025
YT8755922486038;true;false;24-04-2025
78499368349112;true;false;24-04-2025
78499565205268;true;false;24-04-2025
JT5370884488241;true;false;24-04-2025
JT5370719750926;true;false;24-04-2025
JT5370933959207;true;false;24-04-2025
464346258419630;true;false;24-04-2025
JT5370818130542;true;false;24-04-2025
YT8756128331535;true;false;24-04-2025
YT8755956294498;true;false;24-04-2025
JT5370935925985;true;false;24-04-2025
JT5370875019986;true;false;24-04-2025
JT5370802921933;true;false;24-04-2025
YT8755813188935;true;false;24-04-2025
JT5371008711234;true;false;24-04-2025
JT5371004857663;true;false;24-04-2025
464342098327202;true;false;24-04-2025
YT8756183622616;true;false;24-04-2025
YT8755719327586;true;false;24-04-2025
YT8755889903067;true;false;24-04-2025
YT8755945334338;true;false;24-04-2025
JT5370841042453;true;false;24-04-2025
JT5370864905382;true;false;24-04-2025
JT5370726442280;true;false;24-04-2025
772040312317333;true;false;24-04-2025
JT5370790667984;true;false;24-04-2025
777300617706015;true;false;24-04-2025
YT8756253553657;true;false;24-04-2025
YT8756240415456;true;false;24-04-2025
YT8755918162214;true;false;24-04-2025
YT8755906050363;true;false;24-04-2025
YT8756099116601;true;false;24-04-2025
78899660805746;true;false;24-04-2025
YT8616004847366;true;false;24-04-2025
YT8756148962463;true;false;24-04-2025
YT8756237680900;true;false;24-04-2025
YT8755714388348;true;false;24-04-2025
YT8756005194174;true;false;24-04-2025
78499772936405;true;false;24-04-2025
464348065510565;true;false;24-04-2025
JT5371038605353;true;false;24-04-2025
464342755571514;true;false;24-04-2025
9806675948475;true;false;24-04-2025
YT8756354327564;true;false;24-04-2025
YT8756189037926;true;false;24-04-2025
464347853078487;true;false;24-04-2025
464348023696774;true;false;24-04-2025
464352982790170;true;false;24-04-2025
JT5370870459223;true;false;24-04-2025
464344169281105;true;false;24-04-2025
464348150881046;true;false;24-04-2025
464342931734137;true;false;24-04-2025
466665002169069;true;false;24-04-2025
464344489825740;true;false;24-04-2025
464342672466430;true;false;24-04-2025
464347804172799;true;false;24-04-2025
464348334685642;true;false;24-04-2025
YT8755946105285;true;false;24-04-2025
YT8755740644898;true;false;24-04-2025
YT8756156266683;true;false;24-04-2025
78499663561150;true;false;24-04-2025
9806670032317;true;false;24-04-2025
9806653649161;true;false;24-04-2025
9806609416164;true;false;24-04-2025
777300536656885;true;false;24-04-2025
9806599120692;true;false;24-04-2025
9806676317839;true;false;24-04-2025
9806673502657;true;false;24-04-2025
9806647495594;true;false;24-04-2025
9806705353970;true;false;24-04-2025
9806709870909;true;false;24-04-2025
9806675883004;true;false;24-04-2025
9806606318774;true;false;24-04-2025
390019534932;true;false;24-04-2025
464348633559967;true;false;24-04-2025
464348750377204;true;false;24-04-2025
464344339365375;true;false;24-04-2025
464335582448876;true;false;24-04-2025
464345472362070;true;false;24-04-2025
464347873778751;true;false;24-04-2025
464342631996075;true;false;24-04-2025
777300326391355;true;false;24-04-2025
YT8755515973129;true;false;24-04-2025
9806708317450;true;false;24-04-2025
9806709407764;true;false;24-04-2025
YT8755965803366;true;false;24-04-2025
5513009845275;true;false;24-04-2025
YT8756346715359;true;false;24-04-2025
777300949413835;true;false;24-04-2025
776430529140168;true;false;24-04-2025
YT8755885363791;true;false;24-04-2025
YT8755931828609;true;false;24-04-2025
YT8755733736722;true;false;24-04-2025
YT8755619675088;true;false;24-04-2025
78499624325426;true;false;24-04-2025
464342706381626;true;false;24-04-2025
464343586230234;true;false;24-04-2025
YT8756217463688;true;false;24-04-2025
777300771986937;true;false;24-04-2025
YT8755406834375;true;false;24-04-2025
YT8756234117443;true;false;24-04-2025
330560439143;true;false;24-04-2025
YT8755922104529;true;false;24-04-2025
YT8756346490715;true;false;24-04-2025
777300559729310;true;false;24-04-2025
464346549886922;true;false;24-04-2025
YT8756991915997;true;false;24-04-2025
464328378785073;true;false;24-04-2025
464348029300378;true;false;24-04-2025
464348058243257;true;false;24-04-2025
464348078947002;true;false;24-04-2025
777300941980962;true;false;24-04-2025
777300719733966;true;false;24-04-2025
464352708342818;true;false;24-04-2025
464342132487371;true;false;24-04-2025
777300767263529;true;false;24-04-2025
464337186189264;true;false;24-04-2025
464343297165131;true;false;24-04-2025
464347585508435;true;false;24-04-2025
464344451317660;true;false;24-04-2025
YT8755614182657;true;false;24-04-2025
464344307005965;true;false;24-04-2025
464344999353308;true;false;24-04-2025
777300714035171;true;false;24-04-2025
777300461790060;true;false;24-04-2025
777300592870930;true;false;24-04-2025
464343005815198;true;false;24-04-2025
78499678978002;true;false;24-04-2025
464347686354525;true;false;24-04-2025
78499711970707;true;false;24-04-2025
78499397099594;true;false;24-04-2025
78499520306869;true;false;24-04-2025
78499813143468;true;false;24-04-2025
78499307863656;true;false;24-04-2025
464344932664401;true;false;24-04-2025
78499328185706;true;false;24-04-2025
78499405163337;true;false;24-04-2025
464348251785011;true;false;24-04-2025
464345343089532;true;false;24-04-2025
JT5370824550781;true;false;24-04-2025
434535923473614;true;false;24-04-2025
464344663368748;true;false;24-04-2025
JT5370726526960;true;false;24-04-2025
777300020041732;true;false;24-04-2025
773351248400678;true;false;24-04-2025
78499823693572;true;false;24-04-2025
78499573907343;true;false;24-04-2025
78499741027776;true;false;24-04-2025
78499819960219;true;false;24-04-2025
YT8756187140567;true;false;24-04-2025
JT5370729881568;true;false;24-04-2025
78499484066240;true;false;24-04-2025
464347607282166;true;false;24-04-2025
464344492626139;true;false;24-04-2025
YT8755999623882;true;false;24-04-2025
464344355960671;true;false;24-04-2025
78499682520177;true;false;24-04-2025
78499816189217;true;false;24-04-2025
78499746869216;true;false;24-04-2025
464342306203994;true;false;24-04-2025
464345201798631;true;false;24-04-2025
YT8756357485515;true;false;24-04-2025
JT5371079189010;true;false;24-04-2025
777300558826135;true;false;24-04-2025
773351097593508;true;false;24-04-2025
YT8756103284074;true;false;24-04-2025
YT8756114917222;true;false;24-04-2025
YT8756991177980;true;false;24-04-2025
YT8756990285121;true;false;24-04-2025
YT8756043615640;true;false;24-04-2025
JT5370935377794;true;false;24-04-2025
JT5370614600484;true;false;24-04-2025
JT5370591036744;true;false;24-04-2025
777300947172124;true;false;24-04-2025
777300964515789;true;false;24-04-2025
YT8756215845318;true;false;24-04-2025
JT5370698564051;true;false;24-04-2025
JT5370588219058;true;false;24-04-2025
777300740762780;true;false;24-04-2025
YT8756138376988;true;false;24-04-2025
YT8755775845428;true;false;24-04-2025
YT8756308657059;true;false;24-04-2025
YT8756350695852;true;false;24-04-2025
YT8756275848357;true;false;24-04-2025
YT8756302129486;true;false;24-04-2025
464344431691788;true;false;24-04-2025
464344215185350;true;false;24-04-2025
464343949052871;true;false;24-04-2025
777300445800306;true;false;24-04-2025
777300791707965;true;false;24-04-2025
JDAP01743872287;true;false;24-04-2025
464342625060313;true;false;24-04-2025
464342320244658;true;false;24-04-2025
78499745791849;true;false;24-04-2025
YT8756304469557;true;false;24-04-2025
YT8755342772872;true;false;24-04-2025
YT8756103106143;true;false;24-04-2025
YT8756322307686;true;false;24-04-2025
YT8756268571723;true;false;24-04-2025
773351182609895;true;false;24-04-2025
464345370096152;true;false;24-04-2025
464348630967105;true;false;24-04-2025
464345195754825;true;false;24-04-2025
JT5371115265339;true;false;24-04-2025
464344448299467;true;false;24-04-2025
JT5370509280785;true;false;24-04-2025
777300395399322;true;false;24-04-2025
YT8756102985055;true;false;24-04-2025
464345372500346;true;false;24-04-2025
JT5370867701423;true;false;24-04-2025
YT8756060147191;true;false;24-04-2025
YT8756350026373;true;false;24-04-2025
YT8756988661849;true;false;24-04-2025
YT8755597959620;true;false;24-04-2025
JT5370504626246;true;false;24-04-2025
JT5370605352340;true;false;24-04-2025
JT5370700724413;true;false;24-04-2025
JT5370586081203;true;false;24-04-2025
JT5370806841017;true;false;24-04-2025
YT8755942269275;true;false;24-04-2025
777300661149889;true;false;24-04-2025
JT5370541915551;true;false;24-04-2025
JT5370776233753;true;false;24-04-2025
777300596368409;true;false;24-04-2025
777300978232745;true;false;24-04-2025
78499694698008;true;false;24-04-2025
JT5370810480975;true;false;24-04-2025
JT5371120593077;true;false;24-04-2025
YT8756280522752;true;false;24-04-2025
YT8756232860763;true;false;24-04-2025
YT8756309694356;true;false;24-04-2025
JT5371015298808;true;false;24-04-2025
JT5370797896806;true;false;24-04-2025
JT5370606425868;true;false;24-04-2025
JT5371138439734;true;false;24-04-2025
JT5370596196101;true;false;24-04-2025
777300575257255;true;false;24-04-2025
777300802802255;true;false;24-04-2025
777300453184863;true;false;24-04-2025
777300743148027;true;false;24-04-2025
777300360820441;true;false;24-04-2025
777300700244995;true;false;24-04-2025
777300917591634;true;false;24-04-2025
777300947555475;true;false;24-04-2025
777300617442920;true;false;24-04-2025
777300576118058;true;false;24-04-2025
YT8756818242200;true;false;25-04-2025
YT8756825971605;true;false;25-04-2025
YT8756059851414;true;false;25-04-2025
YT8756927201217;true;false;25-04-2025
YT8756362371212;true;false;25-04-2025
9806607592238;true;false;25-04-2025
8218159001613;true;false;25-04-2025
9806606016895;true;false;25-04-2025
78499428899239;true;false;25-04-2025
980666984817;true;false;25-04-2025
9806609734120;true;false;25-04-2025
78499633820476;true;false;25-04-2025
777300533781305;true;false;25-04-2025
777300430344848;true;false;25-04-2025
78499313995187;true;false;25-04-2025
78499716781113;true;false;25-04-2025
777300603138222;true;false;25-04-2025
9806664009807;true;false;25-04-2025
9806669122006;true;false;25-04-2025
78499477778155;true;false;25-04-2025
JT5370859387453;true;false;25-04-2025
JT5370618505521;true;false;25-04-2025
777300743850050;true;false;25-04-2025
JT5370781894756;true;false;25-04-2025
78499607615035;true;false;25-04-2025
78499775210832;true;false;25-04-2025
777300451469516;true;false;25-04-2025
777300204603755;true;false;25-04-2025
777300332355816;true;false;25-04-2025
9806658975396;true;false;25-04-2025
9806664043206;true;false;25-04-2025
777300321426696;true;false;25-04-2025
78499454711288;true;false;25-04-2025
9806670463535;true;false;25-04-2025
JT5371108284729;true;false;25-04-2025
9806665733746;true;false;25-04-2025
980666984811S;true;false;25-04-2025
JT5370838708382;true;false;25-04-2025
JT5371022774991;true;false;25-04-2025
9806600268566;true;false;25-04-2025
JT5371022358933;true;false;25-04-2025
9806672567060;true;false;25-04-2025
777300414384385;true;false;25-04-2025
9806587047368;true;false;25-04-2025
JT5370589639966;true;false;25-04-2025
9806672716661;true;false;25-04-2025
9806593052775;true;false;25-04-2025
9806608212461;true;false;25-04-2025
78499346651864;true;false;25-04-2025
9806668442068;true;false;25-04-2025
464343857171576;true;false;25-04-2025
9806666793941;true;false;25-04-2025
9806660311734;true;false;25-04-2025
777299553666053;true;false;25-04-2025
777300496749413;true;false;25-04-2025
78499818776947;true;false;25-04-2025
9806606404286;true;false;25-04-2025
78499054328330;true;false;25-04-2025
YT8755964682263;true;false;25-04-2025
9878710923524;true;false;25-04-2025
78499492703104;true;false;25-04-2025
9806580964026;true;false;25-04-2025
78499597528853;true;false;25-04-2025
9806589440104;true;false;25-04-2025
777300748317445;true;false;25-04-2025
9806599317680;true;false;25-04-2025
78499670759092;true;false;25-04-2025
777299820015565;true;false;25-04-2025
9806662368762;true;false;25-04-2025
777300422389602;true;false;25-04-2025
9806669009249;true;false;25-04-2025
9806675639064;true;false;25-04-2025
777300476112096;true;false;25-04-2025
777300640309285;true;false;25-04-2025
JT5370738152314;true;false;25-04-2025
777300423566192;true;false;25-04-2025
777300422336670;true;false;25-04-2025
777300482234067;true;false;25-04-2025
773350904323054;true;false;25-04-2025
78499341171870;true;false;25-04-2025
JT5370807789267;true;false;25-04-2025
78499672530082;true;false;25-04-2025
78499716497639;true;false;25-04-2025
78499606294591;true;false;25-04-2025
78499570891592;true;false;25-04-2025
78499356638240;true;false;25-04-2025
JT5370590997866;true;false;25-04-2025
78499689342539;true;false;25-04-2025
78499667112103;true;false;25-04-2025
9806608037710;true;false;25-04-2025
78499618814400;true;false;25-04-2025
JT5370839654961;true;false;25-04-2025
78499533410698;true;false;25-04-2025
9806655723670;true;false;25-04-2025
JT5370537279687;true;false;25-04-2025
JT5370596197284;true;false;25-04-2025
464348294180792;true;false;25-04-2025
464352629493962;true;false;25-04-2025
78499572544275;true;false;25-04-2025
78499676051282;true;false;25-04-2025
78499742719732;true;false;25-04-2025
JT5370686548605;true;false;25-04-2025
JT5370722963167;true;false;25-04-2025
78499667732275;true;false;25-04-2025
9806644852722;true;false;25-04-2025
JT5370671133802;true;false;25-04-2025
9806651500425;true;false;25-04-2025
9806655374846;true;false;25-04-2025
9806707577915;true;false;25-04-2025
9806654560667;true;false;25-04-2025
9806649183243;true;false;25-04-2025
JT5370599692706;true;false;25-04-2025
JT5370769973619;true;false;25-04-2025
JT5370906390397;true;false;25-04-2025
464343311675172;true;false;25-04-2025
464345397405468;true;false;25-04-2025
464344676700986;true;false;25-04-2025
9806608487448;true;false;25-04-2025
9806667168344;true;false;25-04-2025
9806648588839;true;false;25-04-2025
9806645614449;true;false;25-04-2025
9806709553988;true;false;25-04-2025
464343951834880;true;false;25-04-2025
9806668796962;true;false;25-04-2025
9806646095476;true;false;25-04-2025
777300985086633;true;false;25-04-2025
9806659582895;true;false;25-04-2025
9806588751231;true;false;25-04-2025
9806651735006;true;false;25-04-2025
9806602790686;true;false;25-04-2025
464352833822262;true;false;25-04-2025
464354179310950;true;false;25-04-2025
9806645447635;true;false;25-04-2025
9806644102708;true;false;25-04-2025
9806707681295;true;false;25-04-2025
9806646746705;true;false;25-04-2025
9806616193170;true;false;25-04-2025
464347666779231;true;false;25-04-2025
777300663667967;true;false;25-04-2025
YT8755969323752;true;false;25-04-2025
9806651031156;true;false;25-04-2025
78499645507913;true;false;25-04-2025
YT8756317949480;true;false;25-04-2025
YT8756347792562;true;false;25-04-2025
YT8756337959476;true;false;25-04-2025
YT8756289381927;true;false;25-04-2025
78499711798436;true;false;25-04-2025
78499717137832;true;false;25-04-2025
78499960692758;true;false;25-04-2025
78500101749368;true;false;25-04-2025
78500085591431;true;false;25-04-2025
78499975900950;true;false;25-04-2025
78499870807394;true;false;25-04-2025
78499671052056;true;false;25-04-2025
464344583879225;true;false;25-04-2025
777300984234000;true;false;25-04-2025
9806670480164;true;false;25-04-2025
9806679920176;true;false;25-04-2025
78499294147999;true;false;25-04-2025
JT5370666935386;true;false;25-04-2025
JT5370658616019;true;false;25-04-2025
JT5370541121540;true;false;25-04-2025
JT5370463886940;true;false;25-04-2025
JT5370956187142;true;false;25-04-2025
464343822500964;true;false;25-04-2025
JT5371183563981;true;false;25-04-2025
JT5370651536198;true;false;25-04-2025
777300660273965;true;false;25-04-2025
777300973221165;true;false;25-04-2025
777300713770162;true;false;25-04-2025
9806651902478;true;false;25-04-2025
777301126810678;true;false;25-04-2025
777301032055444;true;false;25-04-2025
JT5370673869093;true;false;25-04-2025
JT5370673877091;true;false;25-04-2025
78900232292535;true;false;25-04-2025
777300702121199;true;false;25-04-2025
78499831243713;true;false;25-04-2025
464353851940735;true;false;25-04-2025
78499861394312;true;false;25-04-2025
YT8756982482941;true;false;25-04-2025
777300705952747;true;false;25-04-2025
777300681699018;true;false;25-04-2025
777300684306439;true;false;25-04-2025
777300330549663;true;false;25-04-2025
JT5370447732848;true;false;25-04-2025
777301072193257;true;false;25-04-2025
777300759210911;true;false;25-04-2025
777300808642064;true;false;25-04-2025
777300683903632;true;false;25-04-2025
YT8756076968953;true;false;25-04-2025
777300720470173;true;false;25-04-2025
777300729586856;true;false;25-04-2025
434541354766134;true;false;25-04-2025
464352352756492;true;false;25-04-2025
777300918247723;true;false;25-04-2025
9806654740097;true;false;25-04-2025
464343909066999;true;false;25-04-2025
9806685916833;true;false;25-04-2025
YT8755737800393;true;false;25-04-2025
9806654915211;true;false;25-04-2025
777300713770034;true;false;25-04-2025
777300407349905;true;false;25-04-2025
777300757187344;true;false;25-04-2025
777300016700045;true;false;25-04-2025
YT8756043225375;true;false;25-04-2025
YT8756102330189;true;false;25-04-2025
JT5370450721489;true;false;25-04-2025
JT5370527508523;true;false;25-04-2025
464344847327785;true;false;25-04-2025
YT8756023278999;true;false;25-04-2025
9806645383505;true;false;25-04-2025
777300729573625;true;false;25-04-2025
464348036505103;true;false;25-04-2025
JT5370616060451;true;false;25-04-2025
464343658180220;true;false;25-04-2025
464352534300112;true;false;25-04-2025
464345009096866;true;false;25-04-2025
464305291416536;true;false;25-04-2025
777300752252101;true;false;25-04-2025
YT8756287480453;true;false;25-04-2025
JT5370470972440;true;false;25-04-2025
464344159336317;true;false;25-04-2025
9806685754540;true;false;25-04-2025
777300700600873;true;false;25-04-2025
9806646781046;true;false;25-04-2025
YT8756236522470;true;false;25-04-2025
78499740865867;true;false;25-04-2025
JT5370514757560;true;false;25-04-2025
YT8756324354088;true;false;25-04-2025
9806685596160;true;false;25-04-2025
YT8757027839663;true;false;25-04-2025
YT8756221887890;true;false;25-04-2025
464352287765936;true;false;25-04-2025
464343978704102;true;false;25-04-2025
JT5370921317748;true;false;25-04-2025
464343442065413;true;false;25-04-2025
464343491924324;true;false;25-04-2025
464352909657747;true;false;25-04-2025
464344246793226;true;false;25-04-2025
464352968092402;true;false;25-04-2025
78500082094474;true;false;25-04-2025
777300399641237;true;false;25-04-2025
78500085081843;true;false;25-04-2025
YT8756991290049;true;false;25-04-2025
78900249655679;true;false;25-04-2025
78499998390475;true;false;25-04-2025
YT8756035135284;true;false;25-04-2025
YT8756976665635;true;false;25-04-2025
YT8756743441129;true;false;25-04-2025
78499724767569;true;false;25-04-2025
JT5370840989111;true;false;25-04-2025
JT5370840869051;true;false;25-04-2025
777301127239127;true;false;25-04-2025
YT8756995777096;true;false;25-04-2025
777301130146485;true;false;25-04-2025
JT5371485089473;true;false;25-04-2025
JT5370555867345;true;false;25-04-2025
YT8756036166128;true;false;25-04-2025
9806646819044;true;false;25-04-2025
777300375955420;true;false;25-04-2025
777301013065295;true;false;25-04-2025
777301013650484;true;false;25-04-2025
777301140060129;true;false;25-04-2025
777300704541606;true;false;25-04-2025
777301018588464;true;false;25-04-2025
777300800395225;true;false;25-04-2025
9806672759132;true;false;25-04-2025
JT5371354665358;true;false;25-04-2025
JT5371152947429;true;false;25-04-2025
YT8756997691224;true;false;25-04-2025
YT8756216932545;true;false;25-04-2025
YT8756280414671;true;false;25-04-2025
YT8756249223461;true;false;25-04-2025
78499656154076;true;false;25-04-2025
78499900032512;true;false;25-04-2025
777300695929061;true;false;25-04-2025
777300806487292;true;false;25-04-2025
777300376481087;true;false;25-04-2025
777300736245855;true;false;25-04-2025
YT8756206024702;true;false;25-04-2025
JT5370677234229;true;false;25-04-2025
YT8756270971304;true;false;25-04-2025
JT5371412973893;true;false;25-04-2025
YT8756227472520;true;false;25-04-2025
YT8756262527430;true;false;25-04-2025
YT8756043452241;true;false;25-04-2025
777300772521656;true;false;25-04-2025
777301294121665;true;false;25-04-2025
777300766910134;true;false;25-04-2025
777300688757929;true;false;25-04-2025
777300361854549;true;false;25-04-2025
78499944902468;true;false;25-04-2025
YT8756102477310;true;false;25-04-2025
777301278816205;true;false;25-04-2025
777301103069975;true;false;25-04-2025
777301021186613;true;false;25-04-2025
777300375030961;true;false;25-04-2025
777300990360431;true;false;25-04-2025
YT8756361403965;true;false;25-04-2025
YT8756829614188;true;false;25-04-2025
JT5370478277856;true;false;25-04-2025
YT8755948429505;true;false;25-04-2025
777300724695710;true;false;25-04-2025
777300624577145;true;false;25-04-2025
777300986088744;true;false;25-04-2025
434539897305361;true;false;25-04-2025
466673698225116;true;false;25-04-2025
464352722742161;true;false;25-04-2025
777300341490979;true;false;25-04-2025
464354006460135;true;false;25-04-2025
464353404687858;true;false;25-04-2025
464345098820423;true;false;25-04-2025
464319645919235;true;false;25-04-2025
464343893422458;true;false;25-04-2025
JT5370568625676;true;false;25-04-2025
JT5371207260234;true;false;25-04-2025
464355187540422;true;false;25-04-2025
464335465448907;true;false;25-04-2025
464344692423465;true;false;25-04-2025
777300903594232;true;false;25-04-2025
777301302364750;true;false;25-04-2025
JT5371094518310;true;false;25-04-2025
YT8756856783512;true;false;25-04-2025
JT5370589456161;true;false;25-04-2025
YT8756800543834;true;false;25-04-2025
JT5371219524320;true;false;25-04-2025
YT8756739120234;true;false;25-04-2025
JT5370556111957;true;false;25-04-2025
464354177626912;true;false;25-04-2025
464345297573685;true;false;25-04-2025
YT8756879091399;true;false;25-04-2025
777301083021507;true;false;25-04-2025
YT8756968263366;true;false;25-04-2025
464354352578636;true;false;25-04-2025
YT8756712215474;true;false;25-04-2025
JT5371358381501;true;false;25-04-2025
464353296647205;true;false;25-04-2025
464343374128047;true;false;25-04-2025
464353337157611;true;false;25-04-2025
464344441175883;true;false;25-04-2025
464354224140859;true;false;25-04-2025
464354001781867;true;false;25-04-2025
464354969482593;true;false;25-04-2025
464345083159521;true;false;25-04-2025
JT5370605185978;true;false;25-04-2025
YT8756253970870;true;false;25-04-2025
YT8756735545424;true;false;25-04-2025
YT8756836372345;true;false;25-04-2025
YT8756116106211;true;false;25-04-2025
YT8756918922514;true;false;25-04-2025
JT5370689638451;true;false;25-04-2025
YT8756346372457;true;false;25-04-2025
YT8756057449952;true;false;25-04-2025
YT8757025226133;true;false;25-04-2025
YT8756902058546;true;false;26-04-2025
9806700858510;true;false;26-04-2025
YT8756741001550;true;false;26-04-2025
464353351206812;true;false;26-04-2025
464353771984049;true;false;26-04-2025
9806644874113;true;false;26-04-2025
777301308676515;true;false;26-04-2025
9806628176301;true;false;26-04-2025
JT5371307705836;true;false;26-04-2025
9806706562385;true;false;26-04-2025
464349504613091;true;false;26-04-2025
78499352989919;true;false;26-04-2025
JT5371661352509;true;false;26-04-2025
JT5371289572823;true;false;26-04-2025
9806694912502;true;false;26-04-2025
777301101219714;true;false;26-04-2025
JT5371262890475;true;false;26-04-2025
JT5371404960848;true;false;26-04-2025
78499954428425;true;false;26-04-2025
777301080137489;true;false;26-04-2025
777301111196756;true;false;26-04-2025
JT5371165340584;true;false;26-04-2025
JT5370684998861;true;false;26-04-2025
JT5371295933787;true;false;26-04-2025
JT5371295876802;true;false;26-04-2025
78500068382578;true;false;26-04-2025
78500233739560;true;false;26-04-2025
78500116584079;true;false;26-04-2025
JT5371400492380;true;false;26-04-2025
78500250988050;true;false;26-04-2025
78499841197134;true;false;26-04-2025
JT5371300000678;true;false;26-04-2025
JT5371279221332;true;false;26-04-2025
78500096385230;true;false;26-04-2025
9806685531548;true;false;26-04-2025
JT5370562817085;true;false;26-04-2025
777301003171199;true;false;26-04-2025
777300923613870;true;false;26-04-2025
9806665224695;true;false;26-04-2025
777299977887546;true;false;26-04-2025
78499910409935;true;false;26-04-2025
JT5371441328696;true;false;26-04-2025
JT5371225928085;true;false;26-04-2025
JT5370444944443;true;false;26-04-2025
777300836377439;true;false;26-04-2025
JT5370687168099;true;false;26-04-2025
78499899726256;true;false;26-04-2025
JT5371273951525;true;false;26-04-2025
JT5371417119254;true;false;26-04-2025
777301110093812;true;false;26-04-2025
777301003181055;true;false;26-04-2025
JT5370500849730;true;false;26-04-2025
SF1524230238748;true;false;26-04-2025
JT5370674346922;true;false;26-04-2025
JT5371278055617;true;false;26-04-2025
JT5371301697743;true;false;26-04-2025
JT5371298743835;true;false;26-04-2025
JT9000323129360;true;false;26-04-2025
78500145715040;true;false;26-04-2025
JT5371417525843;true;false;26-04-2025
JT5371396742637;true;false;26-04-2025
9806697273244;true;false;26-04-2025
JT5371294240530;true;false;26-04-2025
JT5371136645063;true;false;26-04-2025
78499941825427;true;false;26-04-2025
777301081034125;true;false;26-04-2025
JT5371162650712;true;false;26-04-2025
JT5370678032059;true;false;26-04-2025
JT5371237491534;true;false;26-04-2025
777300845468445;true;false;26-04-2025
JT5371368721055;true;false;26-04-2025
JT5371161934520;true;false;26-04-2025
777301032672181;true;false;26-04-2025
JT5371303183758;true;false;26-04-2025
JT5371351548678;true;false;26-04-2025
777301041927008;true;false;26-04-2025
9806701528911;true;false;26-04-2025
464352978787462;true;false;26-04-2025
777301145479155;true;false;26-04-2025
777301027338439;true;false;26-04-2025
JT5371227765517;true;false;26-04-2025
777301063218405;true;false;26-04-2025
JT5371234812321;true;false;26-04-2025
9806688545918;true;false;26-04-2025
9806688347688;true;false;26-04-2025
777300851168370;true;false;26-04-2025
777300815970475;true;false;26-04-2025
9806700227162;true;false;26-04-2025
9806688308122;true;false;26-04-2025
9806699858962;true;false;26-04-2025
777300666809954;true;false;26-04-2025
9806689356150;true;false;26-04-2025
9806693643273;true;false;26-04-2025
9806655095247;true;false;26-04-2025
464349148918697;true;false;26-04-2025
78499854041007;true;false;26-04-2025
JT5371172790833;true;false;26-04-2025
78499955328486;true;false;26-04-2025
464349244832734;true;false;26-04-2025
9806690609895;true;false;26-04-2025
9806692319664;true;false;26-04-2025
9806687210129;true;false;26-04-2025
9806701130598;true;false;26-04-2025
9806684617480;true;false;26-04-2025
9806693209327;true;false;26-04-2025
9806683007193;true;false;26-04-2025
9806686398795;true;false;26-04-2025
9806594003312;true;false;26-04-2025
464353771984049;true;false;26-04-2025
9806681164248;true;false;26-04-2025
9806684623230;true;false;26-04-2025
464344878804795;true;false;26-04-2025
9806681431104;true;false;26-04-2025
464354725446725;true;false;26-04-2025
9806701185753;true;false;26-04-2025
464355406964747;true;false;26-04-2025
464352478187180;true;false;26-04-2025
464343841899863;true;false;26-04-2025
464353037868918;true;false;26-04-2025
464349027806429;true;false;26-04-2025
464355217390966;true;false;26-04-2025
78499902751091;true;false;26-04-2025
9806697679597;true;false;26-04-2025
464354452354075;true;false;26-04-2025
YT8756840403563;true;false;26-04-2025
YT8756762871868;true;false;26-04-2025
YT8756706190343;true;false;26-04-2025
YT8756736706402;true;false;26-04-2025
YT8756956640191;true;false;26-04-2025
YT8756851034796;true;false;26-04-2025
YT8757020361354;true;false;26-04-2025
YT8756472595474;true;false;26-04-2025
YT8756670114378;true;false;26-04-2025
464353373235472;true;false;26-04-2025
464352376484882;true;false;26-04-2025
464353198666336;true;false;26-04-2025
464344421730307;true;false;26-04-2025
YT8756918172591;true;false;26-04-2025
YT8756934356557;true;false;26-04-2025
YT8756816939483;true;false;26-04-2025
464344991656516;true;false;26-04-2025
464343781863247;true;false;26-04-2025
464353549849925;true;false;26-04-2025
464355334824108;true;false;26-04-2025
464344746993984;true;false;26-04-2025
464355359913041;true;false;26-04-2025
464349421415180;true;false;26-04-2025
464353930377452;true;false;26-04-2025
464343769985971;true;false;26-04-2025
YT8756841363466;true;false;26-04-2025
YT8756977986355;true;false;26-04-2025
464344227782906;true;false;26-04-2025
YT8756825088332;true;false;26-04-2025
YT8756872468488;true;false;26-04-2025
YT8756880765915;true;false;26-04-2025
YT8756811972849;true;false;26-04-2025
YT8756875955417;true;false;26-04-2025
YT8756947038820;true;false;26-04-2025
YT8756832171890;true;false;26-04-2025
YT8756472597364;true;false;26-04-2025
YT8757001977886;true;false;26-04-2025
YT8756519681672;true;false;26-04-2025
YT8756919938738;true;false;26-04-2025
YT8756922482718;true;false;26-04-2025
9806692828588;true;false;26-04-2025
YT8757018977390;true;false;26-04-2025
464355381941314;true;false;26-04-2025
YT8756361673425;true;false;26-04-2025
9806697838362;true;false;26-04-2025
JT5371317904883;true;false;26-04-2025
YT8756956742174;true;false;26-04-2025
YT8757022497295;true;false;26-04-2025
YT8757001807154;true;false;26-04-2025
JT5371625507448;true;false;26-04-2025
YT8756959675620;true;false;26-04-2025
YT8757022497321;true;false;26-04-2025
9806684854114;true;false;26-04-2025
YT8756491736984;true;false;26-04-2025
464349684244864;true;false;26-04-2025
464353612964736;true;false;26-04-2025
9806699832160;true;false;26-04-2025
777301078719864;true;false;26-04-2025
777301509395989;true;false;26-04-2025
777301627193191;true;false;26-04-2025
9806677332238;true;false;26-04-2025
9806701132503;true;false;26-04-2025
9806649396014;true;false;26-04-2025
9806741444799;true;false;26-04-2025
9806681530902;true;false;26-04-2025
9806698128845;true;false;26-04-2025
78500271689684;true;false;26-04-2025
YT8757010353798;true;false;26-04-2025
777300861953887;true;false;26-04-2025
YT8756710201062;true;false;26-04-2025
777301190962585;true;false;26-04-2025
777301305930716;true;false;26-04-2025
777301587169967;true;false;26-04-2025
777301287710660;true;false;26-04-2025
777301119592980;true;false;26-04-2025
JT5371636393764;true;false;26-04-2025
JT5371222212320;true;false;26-04-2025
YT8756106852313;true;false;26-04-2025
YT8756680713271;true;false;26-04-2025
YT8756456487883;true;false;26-04-2025
9806736849686;true;false;26-04-2025
YT8756718684397;true;false;26-04-2025
78499998665406;true;false;26-04-2025
78500341199405;true;false;26-04-2025
YT8756948817648;true;false;26-04-2025
78500291657185;true;false;26-04-2025
78500400587405;true;false;26-04-2025
78499915353846;true;false;26-04-2025
78500303163720;true;false;26-04-2025
9806737745708;true;false;26-04-2025
78500388497352;true;false;26-04-2025
78500238272858;true;false;26-04-2025
78499916205125;true;false;26-04-2025
78499726629140;true;false;26-04-2025
78499973168717;true;false;26-04-2025
78900559889716;true;false;26-04-2025
78500323140264;true;false;26-04-2025
464349031096566;true;false;26-04-2025
JT5371472774334;true;false;26-04-2025
777301085755555;true;false;26-04-2025
464344146965541;true;false;26-04-2025
773351446512130;true;false;26-04-2025
9806690800533;true;false;26-04-2025
777301621099239;true;false;26-04-2025
78500163638175;true;false;26-04-2025
JT5371766870381;true;false;26-04-2025
JT5371480911063;true;false;26-04-2025
78500326692959;true;false;26-04-2025
JT5371164999488;true;false;26-04-2025
78500193867804;true;false;26-04-2025
78500328645631;true;false;26-04-2025
463157915924103;true;false;26-04-2025
78499507280856;true;false;26-04-2025
78500395033536;true;false;26-04-2025
JT5371704990803;true;false;26-04-2025
777301223117866;true;false;26-04-2025
JT5371639110522;true;false;26-04-2025
JT5371720143075;true;false;26-04-2025
JT5371389289472;true;false;26-04-2025
YT8756703841950;true;false;26-04-2025
777301304962274;true;false;26-04-2025
78500390869875;true;false;26-04-2025
777301542059654;true;false;26-04-2025
777301173131223;true;false;26-04-2025
777301242690955;true;false;26-04-2025
78500072746773;true;false;26-04-2025
78500325261282;true;false;26-04-2025
777301552187324;true;false;26-04-2025
777301115857696;true;false;26-04-2025
777301027347235;true;false;26-04-2025
78500401841400;true;false;26-04-2025
777300834165559;true;false;26-04-2025
777301592121605;true;false;26-04-2025
777301167753538;true;false;26-04-2025
777301193752610;true;false;26-04-2025
777301167753540;true;false;26-04-2025
777301561393157;true;false;26-04-2025
78499824554819;true;false;26-04-2025
JT5371387706040;true;false;26-04-2025
JT5371638544470;true;false;26-04-2025
JT5371273556535;true;false;26-04-2025
JT5371608787949;true;false;26-04-2025
777301564516160;true;false;26-04-2025
777301048442415;true;false;26-04-2025
777300820334685;true;false;26-04-2025
777301304021907;true;false;26-04-2025
777301650139044;true;false;26-04-2025
777301167764187;true;false;26-04-2025
YT8756703934186;true;false;26-04-2025
777301606922145;true;false;26-04-2025
777301195221499;true;false;26-04-2025
777301602943775;true;false;26-04-2025
777301118894433;true;false;26-04-2025
YT8756457176124;true;false;26-04-2025
464355437531052;true;false;26-04-2025
YT8756903380529;true;false;26-04-2025
JT5371612121122;true;false;26-04-2025
JT5371613043796;true;false;26-04-2025
JT5371627446936;true;false;26-04-2025
YT8756605177870;true;false;26-04-2025
JT5371619768753;true;false;26-04-2025
464350014559729;true;false;26-04-2025
464353283056281;true;false;26-04-2025
YT8756497754483;true;false;26-04-2025
464350472948044;true;false;26-04-2025
464350971256234;true;false;26-04-2025
YT8756583044537;true;false;26-04-2025
YT8756634045203;true;false;26-04-2025
YT8756606141476;true;false;26-04-2025
JT5371660292495;true;false;26-04-2025
JT5371690548452;true;false;26-04-2025
YT8756565411474;true;false;26-04-2025
464353401411351;true;false;26-04-2025
YT8756636707819;true;false;26-04-2025
YT8756635905078;true;false;26-04-2025
777301602172252;true;false;26-04-2025
YT8756265778084;true;false;26-04-2025
YT8756497619997;true;false;26-04-2025
YT8756513118758;true;false;26-04-2025
YT8756949974238;true;false;26-04-2025
JT5371501551196;true;false;26-04-2025
464354606475947;true;false;26-04-2025
464349887066433;true;false;26-04-2025
YT8756642783061;true;false;26-04-2025
464354378874562;true;false;26-04-2025
464349166770013;true;false;26-04-2025
464354363670756;true;false;26-04-2025
YT8756738567533;true;false;26-04-2025
464349435199697;true;false;26-04-2025
464354836458812;true;false;26-04-2025
464349505482719;true;false;26-04-2025
464354951108991;true;false;26-04-2025
YT8756762616814;true;false;26-04-2025
464353744311085;true;false;26-04-2025
YT8757042214720;true;false;26-04-2025
YT8757204828442;true;false;27-04-2025
YT8756659473117;true;false;27-04-2025
JT5371512608682;true;false;27-04-2025
773351338997273;true;false;27-04-2025
YT8756905116562;true;false;27-04-2025
YT8756905132928;true;false;27-04-2025
JT5370716159935;true;false;27-04-2025
78500078005231;true;false;27-04-2025
JT5371644307405;true;false;27-04-2025
JT5371373424441;true;false;27-04-2025
9806670730067;true;false;27-04-2025
777300880978965;true;false;27-04-2025
9806732850608;true;false;27-04-2025
777301082699500;true;false;27-04-2025
78500139535188;true;false;27-04-2025
777301006218635;true;false;27-04-2025
JT5370473916692;true;false;27-04-2025
464347337604104;true;false;27-04-2025
78499890851752;true;false;27-04-2025
78500248977678;true;false;27-04-2025
JT5371219902560;true;false;27-04-2025
YT8756865698546;true;false;27-04-2025
JT5370661159867;true;false;27-04-2025
78499853249634;true;false;27-04-2025
JT5371230857888;true;false;27-04-2025
JT5371249679444;true;false;27-04-2025
JT5371644871278;true;false;27-04-2025
SF3160216291114;true;false;27-04-2025
78500165657880;true;false;27-04-2025
773351340875075;true;false;27-04-2025
JT5371395150227;true;false;27-04-2025
777301298349105;true;false;27-04-2025
YT8756843263900;true;false;27-04-2025
78499916076934;true;false;27-04-2025
78500238774769;true;false;27-04-2025
78500251982632;true;false;27-04-2025
78500379952918;true;false;27-04-2025
JT5371511115546;true;false;27-04-2025
9806712103973;true;false;27-04-2025
9806731384842;true;false;27-04-2025
9806741257556;true;false;27-04-2025
JT5371602414995;true;false;27-04-2025
78500209960543;true;false;27-04-2025
78500223620321;true;false;27-04-2025
JT5371584929504;true;false;27-04-2025
78500309919967;true;false;27-04-2025
JT5372014426964;true;false;27-04-2025
9806690121698;true;false;27-04-2025
78500243490727;true;false;27-04-2025
78500136523296;true;false;27-04-2025
78500210526785;true;false;27-04-2025
78500232854873;true;false;27-04-2025
78500338130196;true;false;27-04-2025
78500139479534;true;false;27-04-2025
78500329366970;true;false;27-04-2025
9806687064280;true;false;27-04-2025
9806711003273;true;false;27-04-2025
9806739832804;true;false;27-04-2025
9806735688646;true;false;27-04-2025
JT5371229112127;true;false;27-04-2025
9806739167112;true;false;27-04-2025
9806738612512;true;false;27-04-2025
SF3173451955108;true;false;27-04-2025
8232285229013;true;false;27-04-2025
9806690792054;true;false;27-04-2025
78500332965027;true;false;27-04-2025
9806712827120;true;false;27-04-2025
JT5371580371471;true;false;27-04-2025
9806740172143;true;false;27-04-2025
JT5371579821899;true;false;27-04-2025
9806740373005;true;false;27-04-2025
9806736037907;true;false;27-04-2025
JT5371412325204;true;false;27-04-2025
9806738376760;true;false;27-04-2025
9806730986183;true;false;27-04-2025
9806734989436;true;false;27-04-2025
JT5371541549581;true;false;27-04-2025
9806735802413;true;false;27-04-2025
9806679439269;true;false;27-04-2025
JT5371542410163;true;false;27-04-2025
JT5371670433024;true;false;27-04-2025
9806733045912;true;false;27-04-2025
JT5371122175104;true;false;27-04-2025
9806735852764;true;false;27-04-2025
9806678602035;true;false;27-04-2025
9806742000882;true;false;27-04-2025
JT5371355825946;true;false;27-04-2025
9806679381281;true;false;27-04-2025
9806712139024;true;false;27-04-2025
JT5371284774935;true;false;27-04-2025
9806678196564;true;false;27-04-2025
JT5371495871123;true;false;27-04-2025
9806732658889;true;false;27-04-2025
9806707387009;true;false;27-04-2025
9806731429426;true;false;27-04-2025
9806738243204;true;false;27-04-2025
9806685011224;true;false;27-04-2025
9806740282114;true;false;27-04-2025
JT5371554669369;true;false;27-04-2025
JT5371711753855;true;false;27-04-2025
9806726016217;true;false;27-04-2025
9806743289788;true;false;27-04-2025
9806740256802;true;false;27-04-2025
JT5371732388537;true;false;27-04-2025
JT5371563739681;true;false;27-04-2025
JT5371545591394;true;false;27-04-2025
9806731036682;true;false;27-04-2025
JT5371685503697;true;false;27-04-2025
JT5371453897303;true;false;27-04-2025
9806678226263;true;false;27-04-2025
JT5371544935371;true;false;27-04-2025
JT5371656574409;true;false;27-04-2025
JT5371737370614;true;false;27-04-2025
YT8756705373943;true;false;27-04-2025
464351255466770;true;false;27-04-2025
JT5371641014083;true;false;27-04-2025
464350305401550;true;false;27-04-2025
JT5371641016863;true;false;27-04-2025
JT5371612377004;true;false;27-04-2025
JT5371486327323;true;false;27-04-2025
JT5371649712109;true;false;27-04-2025
464349119725116;true;false;27-04-2025
464349108571577;true;false;27-04-2025
464350267591878;true;false;27-04-2025
464349152014310;true;false;27-04-2025
464349206555837;true;false;27-04-2025
464349937145712;true;false;27-04-2025
464350710155277;true;false;27-04-2025
464349586400304;true;false;27-04-2025
9806713459577;true;false;27-04-2025
JT5371625495466;true;false;27-04-2025
JT5371527467734;true;false;27-04-2025
JT5371564508478;true;false;27-04-2025
JT5371284791763;true;false;27-04-2025
JT5371162820865;true;false;27-04-2025
JT5371532557225;true;false;27-04-2025
JT5371602269005;true;false;27-04-2025
464358716861534;true;false;27-04-2025
464349285876519;true;false;27-04-2025
434540772193429;true;false;27-04-2025
JT5371469427964;true;false;27-04-2025
464353593945238;true;false;27-04-2025
464348915539817;true;false;27-04-2025
464354823039821;true;false;27-04-2025
YT8757069881347;true;false;27-04-2025
SF3173391321103;true;false;27-04-2025
9806741801422;true;false;27-04-2025
9806738937216;true;false;27-04-2025
464348973158456;true;false;27-04-2025
464348912494290;true;false;27-04-2025
464350905076344;true;false;27-04-2025
777301297933371;true;false;27-04-2025
464350015578066;true;false;27-04-2025
78500592444086;true;false;27-04-2025
78900924227205;true;false;27-04-2025
78500543457015;true;false;27-04-2025
78500381447432;true;false;27-04-2025
464353873568303;true;false;27-04-2025
464358813093024;true;false;27-04-2025
78500308761776;true;false;27-04-2025
777300752266325;true;false;27-04-2025
464949562335752;true;false;27-04-2025
464348236460585;true;false;27-04-2025
464352197006695;true;false;27-04-2025
777301626814596;true;false;27-04-2025
777301633693450;true;false;27-04-2025
YT8756616552622;true;false;27-04-2025
777301258747922;true;false;27-04-2025
777301264983820;true;false;27-04-2025
777301583658180;true;false;27-04-2025
777301432259744;true;false;27-04-2025
YT8756695095845;true;false;27-04-2025
777301201949694;true;false;27-04-2025
777301195549236;true;false;27-04-2025
464351120339122;true;false;27-04-2025
464354727841560;true;false;27-04-2025
464349766648928;true;false;27-04-2025
464349014237758;true;false;27-04-2025
464349228868547;true;false;27-04-2025
464351082686514;true;false;27-04-2025
YT8756564796666;true;false;27-04-2025
464350249961637;true;false;27-04-2025
464350483801260;true;false;27-04-2025
464351150057481;true;false;27-04-2025
464358853567052;true;false;27-04-2025
464351199747686;true;false;27-04-2025
464349092849561;true;false;27-04-2025
777301468263536;true;false;27-04-2025
464349680018166;true;false;27-04-2025
777301642983500;true;false;27-04-2025
78500194327784;true;false;27-04-2025
777301002852001;true;false;27-04-2025
777301905817421;true;false;27-04-2025
464357709049919;true;false;27-04-2025
YT8756410348362;true;false;27-04-2025
777301398873263;true;false;27-04-2025
777301539211307;true;false;27-04-2025
777301432245568;true;false;27-04-2025
777301182533284;true;false;27-04-2025
777301161713450;true;false;27-04-2025
78500646269436;true;false;27-04-2025
78500638091526;true;false;27-04-2025
78500543077265;true;false;27-04-2025
78500379841795;true;false;27-04-2025
78500180770192;true;false;27-04-2025
78499982305665;true;false;27-04-2025
78500332001545;true;false;27-04-2025
9806678874703;true;false;27-04-2025
777301080495962;true;false;27-04-2025
777301434409457;true;false;27-04-2025
777301233021874;true;false;27-04-2025
JT5372088318212;true;false;27-04-2025
YT8757085559848;true;false;27-04-2025
YT8757183746856;true;false;27-04-2025
JT5371492445962;true;false;27-04-2025
JT5372080686501;true;false;27-04-2025
JT5372007423861;true;false;27-04-2025
JT5371460837221;true;false;27-04-2025
JT5371870498601;true;false;27-04-2025
JT5371617044506;true;false;27-04-2025
JT5372045153154;true;false;27-04-2025
JT5371639945372;true;false;27-04-2025
78500494622866;true;false;27-04-2025
JT5371881169099;true;false;27-04-2025
JT5371882277223;true;false;27-04-2025
JT5371380652776;true;false;27-04-2025
JT5372045179989;true;false;27-04-2025
JT5371635288200;true;false;27-04-2025
JT5371698191251;true;false;27-04-2025
JT5371515658983;true;false;27-04-2025
JT5371984668954;true;false;27-04-2025
777301176105856;true;false;27-04-2025
YT8756579177409;true;false;27-04-2025
YT8756595304155;true;false;27-04-2025
YT8756656166959;true;false;27-04-2025
YT8756543996704;true;false;27-04-2025
YT8756546856256;true;false;27-04-2025
9806679152130;true;false;27-04-2025
464358482041403;true;false;27-04-2025
9806718476522;true;false;27-04-2025
9806742700360;true;false;27-04-2025
464350809965916;true;false;27-04-2025
YT8756525290846;true;false;27-04-2025
YT8756600806667;true;false;27-04-2025
777301269839847;true;false;27-04-2025
YT8756628792380;true;false;27-04-2025
78500379851700;true;false;27-04-2025
78500181361543;true;false;27-04-2025
464344526419719;true;false;27-04-2025
YT8756558404524;true;false;27-04-2025
YT8756652675358;true;false;27-04-2025
464350628557219;true;false;27-04-2025
JT5371957452492;true;false;27-04-2025
JT5371851455210;true;false;27-04-2025
JT5372083587254;true;false;27-04-2025
JT5372046607219;true;false;27-04-2025
464353998440047;true;false;27-04-2025
78500522490027;true;false;27-04-2025
777301363240993;true;false;27-04-2025
9806740407144;true;false;27-04-2025
9806764567291;true;false;27-04-2025
464358647162991;true;false;27-04-2025
78500654956516;true;false;27-04-2025
464350356567979;true;false;27-04-2025
78500494659722;true;false;27-04-2025
464348991513689;true;false;27-04-2025
464358598401001;true;false;27-04-2025
78500543253114;true;false;27-04-2025
YT8757003919293;true;false;27-04-2025
464350893909218;true;false;27-04-2025
YT8757241371202;true;false;27-04-2025
YT8756492592004;true;false;27-04-2025
YT8756603664129;true;false;27-04-2025
YT8756617248766;true;false;27-04-2025
78500097364666;true;false;27-04-2025
78500157305477;true;false;27-04-2025
JT5371992738033;true;false;27-04-2025
777301964373438;true;false;27-04-2025
777301907427984;true;false;27-04-2025
777301943046829;true;false;27-04-2025
777301444081648;true;false;27-04-2025
777301194596262;true;false;27-04-2025
777301348656685;true;false;27-04-2025
777301334186434;true;false;27-04-2025
777301973735742;true;false;27-04-2025
777301019275923;true;false;27-04-2025
777301973860772;true;false;27-04-2025
777301574027578;true;false;27-04-2025
78500337950126;true;false;27-04-2025
777301448022229;true;false;27-04-2025
464357997342956;true;false;27-04-2025
78500173000962;true;false;27-04-2025
777301384330932;true;false;27-04-2025
YT8756482909502;true;false;27-04-2025
YT8757244282262;true;false;27-04-2025
YT8756555846943;true;false;27-04-2025
777301380271560;true;false;27-04-2025
YT8756472080228;true;false;27-04-2025
777301939621844;true;false;27-04-2025
777301360703813;true;false;27-04-2025
YT8756402764176;true;false;27-04-2025
777300992611822;true;false;27-04-2025
777301987793369;true;false;27-04-2025
YT8757210863358;true;false;27-04-2025
YT8757122829499;true;false;27-04-2025
YT8757047846368;true;false;27-04-2025
777300648363466;true;false;27-04-2025
YT8757244208206;true;false;27-04-2025
YT8756532459946;true;false;27-04-2025
YT8757107284682;true;false;27-04-2025
YT8757241458518;true;false;27-04-2025
YT8757359968721;true;false;28-04-2025
JT5371981545889;true;false;28-04-2025
78500403741995;true;false;28-04-2025
S70803820631;true;false;28-04-2025
777301479591752;true;false;28-04-2025
9806723955768;true;false;28-04-2025
78500520407777;true;false;28-04-2025
78500592126292;true;false;28-04-2025
9806726294118;true;false;28-04-2025
78500556045211;true;false;28-04-2025
9806764705072;true;false;28-04-2025
9806725775175;true;false;28-04-2025
78500142216064;true;false;28-04-2025
9806713170893;true;false;28-04-2025
73551773526870;true;false;28-04-2025
78500535783616;true;false;28-04-2025
SF3171480704162;true;false;28-04-2025
JT5372094834135;true;false;28-04-2025
9806764510201;true;false;28-04-2025
78500122080730;true;false;28-04-2025
78500564067316;true;false;28-04-2025
9806716803021;true;false;28-04-2025
78500792771251;true;false;28-04-2025
9806682247269;true;false;28-04-2025
9806719213683;true;false;28-04-2025
464351360945351;true;false;28-04-2025
9806726472378;true;false;28-04-2025
777301727633901;true;false;28-04-2025
JT5372046707531;true;false;28-04-2025
78500702793269;true;false;28-04-2025
78500458237973;true;false;28-04-2025
9806721089430;true;false;28-04-2025
777301402236819;true;false;28-04-2025
YT8757071314073;true;false;28-04-2025
78500480074136;true;false;28-04-2025
78500436204868;true;false;28-04-2025
YT8756436259406;true;false;28-04-2025
YT8757081487536;true;false;28-04-2025
777301496858168;true;false;28-04-2025
9806724045174;true;false;28-04-2025
8231778834713;true;false;28-04-2025
9806727433239;true;false;28-04-2025
JT5371823799366;true;false;28-04-2025
JT5371807074247;true;false;28-04-2025
9806754388438;true;false;28-04-2025
9806725797919;true;false;28-04-2025
JT5371715461782;true;false;28-04-2025
JT5371715461782;true;false;28-04-2025
777301472193424;true;false;28-04-2025
78500441253784;true;false;28-04-2025
78500382171377;true;false;28-04-2025
464350775077259;true;false;28-04-2025
78500202610133;true;false;28-04-2025
9806727593973;true;false;28-04-2025
9806727133955;true;false;28-04-2025
JT5372008371720;true;false;28-04-2025
9806723763646;true;false;28-04-2025
9806723095458;true;false;28-04-2025
777301772091707;true;false;28-04-2025
464357511149624;true;false;28-04-2025
JT5371969075887;true;false;28-04-2025
JT5371519143633;true;false;28-04-2025
78500309869988;true;false;28-04-2025
JT5372038340566;true;false;28-04-2025
JT5372052653838;true;false;28-04-2025
JT5371964315142;true;false;28-04-2025
9806714556679;true;false;28-04-2025
78500369764601;true;false;28-04-2025
JT5371753273828;true;false;28-04-2025
777301724949027;true;false;28-04-2025
JT5371977320063;true;false;28-04-2025
YT8756383952807;true;false;28-04-2025
464357677951753;true;false;28-04-2025
777301779841877;true;false;28-04-2025
777301507900170;true;false;28-04-2025
YT8757390447182;true;false;28-04-2025
777301457765156;true;false;28-04-2025
464350564664443;true;false;28-04-2025
777301591704270;true;false;28-04-2025
YT8756526907716;true;false;28-04-2025
777301403908503;true;false;28-04-2025
777301737368059;true;false;28-04-2025
464356180547203;true;false;28-04-2025
YT8756424764198;true;false;28-04-2025
YT8756991514341;true;false;28-04-2025
78500812704263;true;false;28-04-2025
777301507433778;true;false;28-04-2025
YT8757153117291;true;false;28-04-2025
777301573631038;true;false;28-04-2025
464350666690950;true;false;28-04-2025
464361902557010;true;false;28-04-2025
777301806641148;true;false;28-04-2025
777301435016545;true;false;28-04-2025
773351817375390;true;false;28-04-2025
YT8757501113364;true;false;28-04-2025
YT8757210075522;true;false;28-04-2025
YT8756445167310;true;false;28-04-2025
464356836117872;true;false;28-04-2025
YT8757462187594;true;false;28-04-2025
78500630773933;true;false;28-04-2025
YT8757408492759;true;false;28-04-2025
464350893813684;true;false;28-04-2025
464351877864536;true;false;28-04-2025
YT8756430760694;true;false;28-04-2025
464362034348118;true;false;28-04-2025
YT8757103328395;true;false;28-04-2025
YT8756384499727;true;false;28-04-2025
464358550235347;true;false;28-04-2025
777301816982379;true;false;28-04-2025
777301783642178;true;false;28-04-2025
78500841970156;true;false;28-04-2025
78500763042928;true;false;28-04-2025
YT8757496739112;true;false;28-04-2025
78500828884035;true;false;28-04-2025
78500853876983;true;false;28-04-2025
78500460008744;true;false;28-04-2025
78500799173791;true;false;28-04-2025
78500744479833;true;false;28-04-2025
464350702032614;true;false;28-04-2025
JT5372125346072;true;false;28-04-2025
78500631275586;true;false;28-04-2025
73551807488202;true;false;28-04-2025
78500424621349;true;false;28-04-2025
464352034898436;true;false;28-04-2025
78500142707365;true;false;28-04-2025
464349986806332;true;false;28-04-2025
78500737612735;true;false;28-04-2025
9806740845228;true;false;28-04-2025
9806763831791;true;false;28-04-2025
JT5371990979916;true;false;28-04-2025
78500770559012;true;false;28-04-2025
YT8757353621699;true;false;28-04-2025
JT5372092747429;true;false;28-04-2025
JT5371532621387;true;false;28-04-2025
YT8756855628555;true;false;28-04-2025
YT8757168127887;true;false;28-04-2025
78500845705296;true;false;28-04-2025
78500479378315;true;false;28-04-2025
YT8757387164092;true;false;28-04-2025
777301696723987;true;false;28-04-2025
464357019277742;true;false;28-04-2025
777301667652169;true;false;28-04-2025
777301476142683;true;false;28-04-2025
777301682419333;true;false;28-04-2025
777301747668175;true;false;28-04-2025
777301762689761;true;false;28-04-2025
464358291985660;true;false;28-04-2025
464356488445619;true;false;28-04-2025
78500771332629;true;false;28-04-2025
464356420138107;true;false;28-04-2025
777301944688156;true;false;28-04-2025
777301772563253;true;false;28-04-2025
464355928556773;true;false;28-04-2025
777301507908220;true;false;28-04-2025
777301745538604;true;false;28-04-2025
777301367643677;true;false;28-04-2025
777301737076520;true;false;28-04-2025
464356641013403;true;false;28-04-2025
464351510922195;true;false;28-04-2025
777301690510045;true;false;28-04-2025
777301746470973;true;false;28-04-2025
78500790703755;true;false;28-04-2025
777301722982135;true;false;28-04-2025
78499793170156;true;false;28-04-2025
78500444444791;true;false;28-04-2025
YT8757427275955;true;false;28-04-2025
YT8757426396996;true;false;28-04-2025
JT5372338470809;true;false;28-04-2025
JT5372160151463;true;false;28-04-2025
JT5372325573548;true;false;28-04-2025
464350697298819;true;false;28-04-2025
JT5372174704418;true;false;28-04-2025
JT5372382104500;true;false;28-04-2025
JT5372431887213;true;false;28-04-2025
JT5372422861760;true;false;28-04-2025
YT8757393373611;true;false;28-04-2025
YT8757220555319;true;false;28-04-2025
JT5371804775549;true;false;28-04-2025
9806776716287;true;false;28-04-2025
JT5372368148435;true;false;28-04-2025
JT5372346120859;true;false;28-04-2025
JT5371152947485;true;false;28-04-2025
9806752762518;true;false;28-04-2025
9806749490048;true;false;28-04-2025
JT5372349487908;true;false;28-04-2025
JT5372136623682;true;false;28-04-2025
9806745495050;true;false;28-04-2025
9806749839606;true;false;28-04-2025
YT8757072296266;true;false;28-04-2025
YT8757376762159;true;false;28-04-2025
9806736765214;true;false;28-04-2025
9806752762504;true;false;28-04-2025
YT8757399602395;true;false;28-04-2025
JT5372432764604;true;false;28-04-2025
464356327777485;true;false;28-04-2025
YT8757532726531;true;false;28-04-2025
YT8757444920986;true;false;28-04-2025
9806767606581;true;false;28-04-2025
9806723442980;true;false;28-04-2025
JT5372370143142;true;false;28-04-2025
YT8757291422541;true;false;28-04-2025
YT8757484112930;true;false;28-04-2025
YT8757381422778;true;false;28-04-2025
YT8757502531837;true;false;28-04-2025
YT8757285952876;true;false;28-04-2025
188113596218;true;false;29-04-2025
DPK317023129380;true;false;29-04-2025
78500758910536;true;false;29-04-2025
YT8757435726111;true;false;29-04-2025
464359652955174;true;false;29-04-2025
YT8757712376037;true;false;29-04-2025
777301691908057;true;false;29-04-2025
JT5372332001206;true;false;29-04-2025
777302192603233;true;false;29-04-2025
777301699141004;true;false;29-04-2025
JT5371912530217;true;false;29-04-2025
78500619853392;true;false;29-04-2025
777301805912747;true;false;29-04-2025
JT5372142904700;true;false;29-04-2025
JT5372308240626;true;false;29-04-2025
JT5372140146233;true;false;29-04-2025
YT8757338557405;true;false;29-04-2025
JT5372137099269;true;false;29-04-2025
JT5372001935861;true;false;29-04-2025
777302001926870;true;false;29-04-2025
78500792491296;true;false;29-04-2025
JT5372540583594;true;false;29-04-2025
JT5372442304350;true;false;29-04-2025
JT5372570772449;true;false;29-04-2025
JT5372316445320;true;false;29-04-2025
JT5372310955288;true;false;29-04-2025
JT5371926117891;true;false;29-04-2025
JT5371341294871;true;false;29-04-2025
78500733248336;true;false;29-04-2025
JT5372299828432;true;false;29-04-2025
JT5371868630422;true;false;29-04-2025
JT5372396690181;true;false;29-04-2025
JT5371911039888;true;false;29-04-2025
777301883142568;true;false;29-04-2025
777301752531679;true;false;29-04-2025
777301880545537;true;false;29-04-2025
777301889571132;true;false;29-04-2025
JT5372120662859;true;false;29-04-2025
777301900554290;true;false;29-04-2025
JT5372154863828;true;false;29-04-2025
JT5371915672387;true;false;29-04-2025
JT5371935598258;true;false;29-04-2025
777301897414925;true;false;29-04-2025
78500706709486;true;false;29-04-2025
464356364109683;true;false;29-04-2025
777301860490537;true;false;29-04-2025
YT8757338556910;true;false;29-04-2025
78500698339875;true;false;29-04-2025
777302152250950;true;false;29-04-2025
JT5372371371867;true;false;29-04-2025
78500613157722;true;false;29-04-2025
78500786246115;true;false;29-04-2025
9806777141309;true;false;29-04-2025
9806773215806;true;false;29-04-2025
9806774311483;true;false;29-04-2025
YT8758107995671;true;false;29-04-2025
777301684429145;true;false;29-04-2025
JT5372396767946;true;false;29-04-2025
9806755954050;true;false;29-04-2025
9806749527828;true;false;29-04-2025
YT8757351241125;true;false;29-04-2025
78501058690991;true;false;29-04-2025
777301354591625;true;false;29-04-2025
777302288281852;true;false;29-04-2025
777302314378126;true;false;29-04-2025
464357554193810;true;false;29-04-2025
YT8757357481042;true;false;29-04-2025
9806749303642;true;false;29-04-2025
777302293843349;true;false;29-04-2025
777301848970945;true;false;29-04-2025
9806765693899;true;false;29-04-2025
78500860365691;true;false;29-04-2025
464355705611441;true;false;29-04-2025
9806765386440;true;false;29-04-2025
78500812196612;true;false;29-04-2025
9806769017332;true;false;29-04-2025
777301828341873;true;false;29-04-2025
9806776522546;true;false;29-04-2025
JT5371912831187;true;false;29-04-2025
JT5372464606432;true;false;29-04-2025
JT5372586750851;true;false;29-04-2025
777301828364522;true;false;29-04-2025
777301850875345;true;false;29-04-2025
8230914575113;true;false;29-04-2025
464355671117137;true;false;29-04-2025
464357328925660;true;false;29-04-2025
464356848746580;true;false;29-04-2025
464356303106160;true;false;29-04-2025
78500693458259;true;false;29-04-2025
78500933177731;true;false;29-04-2025
YT8757265065431;true;false;29-04-2025
YT8757673908508;true;false;29-04-2025
464355615362541;true;false;29-04-2025
9806769577229;true;false;29-04-2025
464355912290648;true;false;29-04-2025
YT8757365076340;true;false;29-04-2025
464360457400164;true;false;29-04-2025
464355520121880;true;false;29-04-2025
464355544975637;true;false;29-04-2025
464355748203904;true;false;29-04-2025
9806747647223;true;false;29-04-2025
464356694940646;true;false;29-04-2025
464356180195923;true;false;29-04-2025
464356937782610;true;false;29-04-2025
YT8757483327425;true;false;29-04-2025
YT8757673001641;true;false;29-04-2025
YT8757321550644;true;false;29-04-2025
464356250014949;true;false;29-04-2025
YT8757376810485;true;false;29-04-2025
464356933397866;true;false;29-04-2025
78500863526752;true;false;29-04-2025
YT8757441422241;true;false;29-04-2025
YT8757143949507;true;false;29-04-2025
YT8757438724219;true;false;29-04-2025
YT8757438714078;true;false;29-04-2025
YT8757360196867;true;false;29-04-2025
YT8757268959979;true;false;29-04-2025
JT5372549330843;true;false;29-04-2025
JT5372472194111;true;false;29-04-2025
JT5372145714529;true;false;29-04-2025
777302315257463;true;false;29-04-2025
777302091374367;true;false;29-04-2025
777302018521067;true;false;29-04-2025
78501028919100;true;false;29-04-2025
YT8757438723559;true;false;29-04-2025
777302165270225;true;false;29-04-2025
78901651370828;true;false;29-04-2025
JT5372639525479;true;false;29-04-2025
JT5372247395607;true;false;29-04-2025
777302293512418;true;false;29-04-2025
464351943823321;true;false;29-04-2025
YT8757296451296;true;false;29-04-2025
JT5372616648368;true;false;29-04-2025
JT5372417834301;true;false;29-04-2025
YT8757252600663;true;false;29-04-2025
9806773413466;true;false;29-04-2025
78500867718459;true;false;29-04-2025
JT5372556960670;true;false;29-04-2025
78500844708142;true;false;29-04-2025
YT8757304396465;true;false;29-04-2025
YT8757407081659;true;false;29-04-2025
YT8757397982309;true;false;29-04-2025
78500994044707;true;false;29-04-2025
78501130776766;true;false;29-04-2025
78501005375932;true;false;29-04-2025
JT5372557731145;true;false;29-04-2025
78500676659603;true;false;29-04-2025
JT5372598061948;true;false;29-04-2025
JT5372602770818;true;false;29-04-2025
777301716500374;true;false;29-04-2025
464361711494662;true;false;29-04-2025
JT5372137863396;true;false;29-04-2025
JT5371910534060;true;false;29-04-2025
777302120683401;true;false;29-04-2025
78500799203693;true;false;29-04-2025
777301693094355;true;false;29-04-2025
YT8757434832806;true;false;29-04-2025
777302010200596;true;false;29-04-2025
777301828356008;true;false;29-04-2025
YT7541146020658;true;false;29-04-2025
777302293568892;true;false;29-04-2025
78500644524136;true;false;29-04-2025
8229102159513;true;false;29-04-2025
JT5372517302733;true;false;29-04-2025
9806768490362;true;false;29-04-2025
9806758651178;true;false;29-04-2025
9806812067085;true;false;29-04-2025
777302186233445;true;false;29-04-2025
777302056809037;true;false;29-04-2025
777302119120940;true;false;29-04-2025
777302007974323;true;false;29-04-2025
78501051689771;true;false;29-04-2025
777301834875957;true;false;29-04-2025
777302276629658;true;false;29-04-2025
78500689923316;true;false;29-04-2025
777301715666618;true;false;29-04-2025
777302150578182;true;false;29-04-2025
777302099124987;true;false;29-04-2025
777302281655105;true;false;29-04-2025
78501056852415;true;false;29-04-2025
777301704846863;true;false;29-04-2025
777302179877451;true;false;29-04-2025
78500774652400;true;false;29-04-2025
777302078381012;true;false;29-04-2025
777301684104050;true;false;29-04-2025
78501064763108;true;false;29-04-2025
777302321660965;true;false;29-04-2025
777302152221955;true;false;29-04-2025
777302054469518;true;false;29-04-2025
777302259014212;true;false;29-04-2025
777302312848184;true;false;29-04-2025
78500809927196;true;false;29-04-2025
JT5372644229040;true;false;29-04-2025
464361971003159;true;false;29-04-2025
JT5371937963382;true;false;29-04-2025
78500903195147;true;false;29-04-2025
JT5372450470904;true;false;29-04-2025
JT3117758409288;true;false;29-04-2025
JT5372322831816;true;false;29-04-2025
9806828226366;true;false;29-04-2025
464356239073161;true;false;29-04-2025
YT8757599512094;true;false;29-04-2025
777301696635900;true;false;29-04-2025
YT8757564928718;true;false;29-04-2025
464360826817277;true;false;29-04-2025
464360052108700;true;false;29-04-2025
464361459450108;true;false;29-04-2025
464360082562468;true;false;29-04-2025
464358348794790;true;false;29-04-2025
464361240508352;true;false;29-04-2025
464359853636096;true;false;29-04-2025
464359867635975;true;false;29-04-2025
YT8757671364489;true;false;29-04-2025
464360081051602;true;false;29-04-2025
YT8757594940258;true;false;29-04-2025
464361946229399;true;false;29-04-2025
464361824117287;true;false;29-04-2025
464359478207794;true;false;29-04-2025
YT8758077104732;true;false;29-04-2025
464362139928554;true;false;29-04-2025
YT8757586811421;true;false;29-04-2025
464359834317128;true;false;29-04-2025
777301817101077;true;false;29-04-2025
YT8758109492844;true;false;29-04-2025
434547239734063;true;false;29-04-2025
777302315092768;true;false;29-04-2025
464359776435536;true;false;29-04-2025
464357976554712;true;false;29-04-2025
78500957246986;true;false;03-05-2025
78901803004746;true;false;03-05-2025
78500933232044;true;false;03-05-2025
78500945260080;true;false;03-05-2025
78500954079831;true;false;03-05-2025
78500967179660;true;false;03-05-2025
78500895179827;true;false;03-05-2025
78500924253340;true;false;03-05-2025
78501007296432;true;false;03-05-2025
777302076280933;true;false;03-05-2025
78501010382768;true;false;03-05-2025
9806754304354;true;false;03-05-2025
78500873994970;true;false;03-05-2025
78500935686505;true;false;03-05-2025
78501124249642;true;false;03-05-2025
9806840504789;true;false;03-05-2025
78500992748097;true;false;03-05-2025
9806826703505;true;false;03-05-2025
78501016695163;true;false;03-05-2025
9806759935068;true;false;03-05-2025
777301763196220;true;false;03-05-2025
78500517870247;true;false;03-05-2025
78501009757762;true;false;03-05-2025
78500924408150;true;false;03-05-2025
9806825523596;true;false;03-05-2025
9806823861372;true;false;03-05-2025
78500826630330;true;false;03-05-2025
78500921286336;true;false;03-05-2025
464367359942248;true;false;03-05-2025
9806813877273;true;false;03-05-2025
464360153744201;true;false;03-05-2025
9806815892157;true;false;03-05-2025
9806817859223;true;false;03-05-2025
JT5372537647296;true;false;03-05-2025
464359960002783;true;false;03-05-2025
312727150389369;true;false;03-05-2025
9806826324476;true;false;03-05-2025
777302431119073;true;false;03-05-2025
9806812419657;true;false;03-05-2025
9806758886542;true;false;03-05-2025
9806818527946;true;false;03-05-2025
9806760620459;true;false;03-05-2025
777302261176082;true;false;03-05-2025
773352070018354;true;false;03-05-2025
9806834239874;true;false;03-05-2025
464360045054423;true;false;03-05-2025
JT5372274652417;true;false;03-05-2025
9806823525654;true;false;03-05-2025
9806767493186;true;false;03-05-2025
8230802602413;true;false;03-05-2025
464360432671747;true;false;03-05-2025
464360167718318;true;false;03-05-2025
JT5372270828251;true;false;03-05-2025
464361178322677;true;false;03-05-2025
464359613229561;true;false;03-05-2025
777302660632145;true;false;03-05-2025
464359363468817;true;false;03-05-2025
464360199449584;true;false;03-05-2025
JT5372281712382;true;false;03-05-2025
777301749627016;true;false;03-05-2025
9806814509759;true;false;03-05-2025
777301925476228;true;false;03-05-2025
777302242919522;true;false;03-05-2025
JT5372226739044;true;false;03-05-2025
464359787395812;true;false;03-05-2025
777302179697744;true;false;03-05-2025
9806821661758;true;false;03-05-2025
777302280563095;true;false;03-05-2025
777302426087538;true;false;03-05-2025
777302257590200;true;false;03-05-2025
777302173759626;true;false;03-05-2025
JT5372247464753;true;false;03-05-2025
JT5372510976583;true;false;03-05-2025
JT5372229826584;true;false;03-05-2025
JT5372541995460;true;false;03-05-2025
464367638513117;true;false;03-05-2025
YT8758323704943;true;false;03-05-2025
JT5372550958910;true;false;03-05-2025
JT5372205270282;true;false;03-05-2025
464368006454272;true;false;03-05-2025
JT5372484533946;true;false;03-05-2025
464361175347093;true;false;03-05-2025
464360312022029;true;false;03-05-2025
464360117171855;true;false;03-05-2025
464360135391906;true;false;03-05-2025
464360683084339;true;false;03-05-2025
78501806831019;true;false;03-05-2025
464360485484773;true;false;03-05-2025
JT5372655852149;true;false;03-05-2025
464360485028052;true;false;03-05-2025
JT5372248167846;true;false;03-05-2025
773352146557320;true;false;03-05-2025
SF3179718967465;true;false;03-05-2025
JT5372265808853;true;false;03-05-2025
YT8757611268167;true;false;03-05-2025
464355575007007;true;false;03-05-2025
78501636221780;true;false;03-05-2025
464359652955174;true;false;03-05-2025
78501505552699;true;false;03-05-2025
777302228749759;true;false;03-05-2025
773352470976305;true;false;03-05-2025
464367298633487;true;false;03-05-2025
YT8757666017877;true;false;03-05-2025
777302377091220;true;false;03-05-2025
JT5372703612092;true;false;03-05-2025
777302904501911;true;false;03-05-2025
777302951468737;true;false;03-05-2025
777302361195306;true;false;03-05-2025
777302434180067;true;false;03-05-2025
777302213513407;true;false;03-05-2025
777302538099596;true;false;03-05-2025
777302779898217;true;false;03-05-2025
777302570861760;true;false;03-05-2025
777302599113432;true;false;03-05-2025
464362570819663;true;false;03-05-2025
JT5373606051723;true;false;03-05-2025
777302866155124;true;false;03-05-2025
777302228726806;true;false;03-05-2025
777302325635148;true;false;03-05-2025
777302225271486;true;false;03-05-2025
777302500994877;true;false;03-05-2025
777302647544970;true;false;03-05-2025
777302946620501;true;false;03-05-2025
777302557175834;true;false;03-05-2025
777302691087661;true;false;03-05-2025
777302736370432;true;false;03-05-2025
777302207770670;true;false;03-05-2025
777303187731856;true;false;03-05-2025
777303210506716;true;false;03-05-2025
777302910800505;true;false;03-05-2025
777302818850382;true;false;03-05-2025
777302618992678;true;false;03-05-2025
464371691863032;true;false;03-05-2025
777302914153332;true;false;03-05-2025
464365374490893;true;false;03-05-2025
777302949039732;true;false;03-05-2025
777302229477714;true;false;03-05-2025
777302313786543;true;false;03-05-2025
777302846699748;true;false;03-05-2025
464364179313269;true;false;03-05-2025
777302334644033;true;false;03-05-2025
777302488770054;true;false;03-05-2025
777302442425687;true;false;03-05-2025
777302516130783;true;false;03-05-2025
777302448273985;true;false;03-05-2025
464362322501872;true;false;03-05-2025
78501461252085;true;false;03-05-2025
YT8757776065610;true;false;03-05-2025
YT8757696720314;true;false;03-05-2025
YT7541533069864;true;false;03-05-2025
YT8757582116913;true;false;03-05-2025
YT8757643636103;true;false;03-05-2025
777301677425411;true;false;03-05-2025
777302331482389;true;false;03-05-2025
78501793032003;true;false;03-05-2025
78501566504747;true;false;03-05-2025
777302533286735;true;false;03-05-2025
78501624964798;true;false;03-05-2025
78501623960512;true;false;03-05-2025
JT5372186174204;true;false;03-05-2025
777302742212900;true;false;03-05-2025
777302411032658;true;false;03-05-2025
777302770645385;true;false;03-05-2025
JT5372571031754;true;false;03-05-2025
777302490586941;true;false;03-05-2025
777302931107727;true;false;03-05-2025
777302700909542;true;false;03-05-2025
777302740746812;true;false;03-05-2025
777302213006622;true;false;03-05-2025
773352382631117;true;false;03-05-2025
777302482193745;true;false;03-05-2025
777303205758975;true;false;03-05-2025
78501479536311;true;false;03-05-2025
777302347698777;true;false;03-05-2025
78501357170917;true;false;03-05-2025
JT5372571063616;true;false;03-05-2025
YT8757700579976;true;false;03-05-2025
777302441599545;true;false;03-05-2025
YT8757648947217;true;false;03-05-2025
78501536766922;true;false;03-05-2025
777302421681624;true;false;03-05-2025
777302681747358;true;false;03-05-2025
777303190120321;true;false;03-05-2025
YT8757520593387;true;false;03-05-2025
78501237311060;true;false;03-05-2025
78501424297121;true;false;03-05-2025
777302970234622;true;false;03-05-2025
78501280141629;true;false;03-05-2025
78501252714118;true;false;03-05-2025
78501218008497;true;false;03-05-2025
777302791486466;true;false;03-05-2025
777302987531679;true;false;03-05-2025
78501570662335;true;false;03-05-2025
JT5372987944416;true;false;03-05-2025
78902079853211;true;false;03-05-2025
78501466149272;true;false;03-05-2025
777302730194184;true;false;03-05-2025
YT8757767489553;true;false;03-05-2025
78501517357542;true;false;03-05-2025
78501566049587;true;false;03-05-2025
JT5373669273459;true;false;03-05-2025
78501617208605;true;false;03-05-2025
YT8757555312016;true;false;03-05-2025
78501187695505;true;false;03-05-2025
464362280946220;true;false;03-05-2025
78501182953156;true;false;03-05-2025
78501171042068;true;false;03-05-2025
78501420581419;true;false;03-05-2025
78501574759337;true;false;03-05-2025
78501171163524;true;false;03-05-2025
777302490798098;true;false;03-05-2025
777302368626618;true;false;03-05-2025
777302390234282;true;false;03-05-2025
777302217414761;true;false;03-05-2025
777302769719187;true;false;03-05-2025
777302446598542;true;false;03-05-2025
777302581264785;true;false;03-05-2025
8229975411513;true;false;03-05-2025
777302235888891;true;false;03-05-2025
78501052721696;true;false;03-05-2025
777302361840085;true;false;03-05-2025
777302338723355;true;false;03-05-2025
777302285235875;true;false;03-05-2025
777302601986790;true;false;03-05-2025
464368846997668;true;false;03-05-2025
464372176345117;true;false;03-05-2025
464359688352328;true;false;03-05-2025
78901760178595;true;false;03-05-2025
JT5372571032542;true;false;03-05-2025
JT5372455284883;true;false;03-05-2025
YT8757694510249;true;false;03-05-2025
464368089172151;true;false;03-05-2025
9806837977767;true;false;03-05-2025
JT5372501753337;true;false;03-05-2025
78501282236793;true;false;03-05-2025
78500993019253;true;false;03-05-2025
78500779158460;true;false;03-05-2025
9806840240247;true;false;03-05-2025
9806759575534;true;false;03-05-2025
9806837175152;true;false;03-05-2025
78500912639855;true;false;03-05-2025
464362342351889;true;false;03-05-2025
78501007788689;true;false;03-05-2025
78501202466449;true;false;03-05-2025
777302187932592;true;false;03-05-2025
464368141053396;true;false;03-05-2025
464368864276989;true;false;03-05-2025
777302326628683;true;false;03-05-2025
777302463347124;true;false;03-05-2025
777302784158425;true;false;03-05-2025
YT8757761141956;true;false;03-05-2025
JT5372944727461;true;false;03-05-2025
777302218577721;true;false;03-05-2025
777302396776633;true;false;03-05-2025
777302148476644;true;false;03-05-2025
777302606295819;true;false;03-05-2025
777302841628006;true;false;03-05-2025
777302345485892;true;false;03-05-2025
777302379006577;true;false;03-05-2025
JT5372233501951;true;false;03-05-2025
464362990577840;true;false;03-05-2025
464362805984110;true;false;03-05-2025
YT8758241464376;true;false;03-05-2025
YT8758370191277;true;false;03-05-2025
777302751521862;true;false;03-05-2025
YT8758364138491;true;false;03-05-2025
YT8758165513189;true;false;03-05-2025
777302890000598;true;false;03-05-2025
78501168474746;true;false;03-05-2025
YT8758305354049;true;false;03-05-2025
YT7541663071500;true;false;03-05-2025
78501381492748;true;false;03-05-2025
777302774762204;true;false;03-05-2025
777302657451907;true;false;03-05-2025
777302962294539;true;false;03-05-2025
777302747158663;true;false;03-05-2025
777302436829024;true;false;03-05-2025
777302747881012;true;false;03-05-2025
777302762521555;true;false;03-05-2025
78501487167505;true;false;03-05-2025
78901941844781;true;false;03-05-2025
464364311028345;true;false;03-05-2025
464364991999776;true;false;03-05-2025
JT5372800156867;true;false;03-05-2025
464368290455490;true;false;03-05-2025
78501294964609;true;false;03-05-2025
78501321433195;true;false;03-05-2025
78501329610481;true;false;03-05-2025
YT8758121287383;true;false;03-05-2025
78501665618496;true;false;03-05-2025
JT5372165807828;true;false;03-05-2025
JT5372463018660;true;false;03-05-2025
JT5372616074513;true;false;03-05-2025
JT5371945448773;true;false;03-05-2025
JT5372602273431;true;false;03-05-2025
JT5372651999344;true;false;03-05-2025
78501674518159;true;false;03-05-2025
78501731439501;true;false;03-05-2025
777302822951650;true;false;03-05-2025
78501502700438;true;false;03-05-2025
78501805076386;true;false;03-05-2025
YT8757429129300;true;false;03-05-2025
78501724451175;true;false;03-05-2025
78501568659701;true;false;03-05-2025
JT5372508575281;true;false;03-05-2025
YT8758374301991;true;false;03-05-2025
JT5372291338765;true;false;03-05-2025
777302775948883;true;false;03-05-2025
777302682788555;true;false;03-05-2025
464367613952008;true;false;03-05-2025
777302483033424;true;false;03-05-2025
464359209057098;true;false;03-05-2025
JT5372831351924;true;false;03-05-2025
YT8758249103925;true;false;03-05-2025
YT8758191311755;true;false;03-05-2025
YT8758291628724;true;false;03-05-2025
78501185971399;true;false;03-05-2025
YT8758324584148;true;false;03-05-2025
78501587495830;true;false;03-05-2025
777302862766945;true;false;03-05-2025
78501374868798;true;false;03-05-2025
78501512750501;true;false;03-05-2025
777302937864588;true;false;03-05-2025
78501493155290;true;false;03-05-2025
JT5372921654449;true;false;03-05-2025
78500872484716;true;false;03-05-2025
78501725113699;true;false;03-05-2025
78501612433327;true;false;03-05-2025
JT5373584981875;true;false;03-05-2025
78501568171426;true;false;03-05-2025
JT5373714355063;true;false;03-05-2025
JT5372930682889;true;false;03-05-2025
78501615802254;true;false;03-05-2025
JT5372811012276;true;false;03-05-2025
YT8758249320380;true;false;03-05-2025
464361302293889;true;false;03-05-2025
78501182958597;true;false;03-05-2025
78501484379490;true;false;03-05-2025
78501303630359;true;false;03-05-2025
777302592382839;true;false;03-05-2025
777302602544417;true;false;03-05-2025
78501467703198;true;false;03-05-2025
773352078687995;true;false;03-05-2025
JT5372253542841;true;false;03-05-2025
464368337332177;true;false;03-05-2025
464361999746254;true;false;03-05-2025
464362959925999;true;false;03-05-2025
777302617490694;true;false;03-05-2025
JT5372573518235;true;false;03-05-2025
JT5372684380301;true;false;03-05-2025
YT8758336443154;true;false;03-05-2025
78501171266138;true;false;03-05-2025
YT8757583553830;true;false;03-05-2025
YT8758279332393;true;false;03-05-2025
YT7541910337771;true;false;03-05-2025
YT8758195555036;true;false;03-05-2025
YT8757462334095;true;false;03-05-2025
YT7541592174071;true;false;03-05-2025
YT8758370766132;true;false;03-05-2025
JT5373108213680;true;false;03-05-2025
78501564037107;true;false;03-05-2025
JT5373641483844;true;false;03-05-2025
JT5373104339668;true;false;03-05-2025
JT5373643257017;true;false;03-05-2025
JT5373732844242;true;false;03-05-2025
JT5372960377981;true;false;03-05-2025
JT5373715898610;true;false;03-05-2025
JT5373486517905;true;false;03-05-2025
JT5373662582639;true;false;03-05-2025
JT5373687151477;true;false;03-05-2025
JT5373716789472;true;false;03-05-2025
JT5372990308921;true;false;03-05-2025
JT5373030126001;true;false;03-05-2025
78501913247088;true;false;03-05-2025
78501564850540;true;false;03-05-2025
78501091703250;true;false;03-05-2025
JT5373735921142;true;false;03-05-2025
JT5373055673240;true;false;03-05-2025
773352679948274;true;false;03-05-2025
78501449416624;true;false;03-05-2025
78501144362027;true;false;03-05-2025
464363957658547;true;false;03-05-2025
464367875873769;true;false;03-05-2025
464359157026165;true;false;03-05-2025
JT5373352570975;true;false;03-05-2025
464359068916956;true;false;03-05-2025
JT5373469501686;true;false;03-05-2025
464359123916920;true;false;03-05-2025
JT5373652314416;true;false;03-05-2025
JT5373743449492;true;false;03-05-2025
464359145665115;true;false;03-05-2025
464367664249205;true;false;03-05-2025
464368118035023;true;false;03-05-2025
YT8758037260179;true;false;03-05-2025
YT8758733419833;true;false;03-05-2025
78501510114847;true;false;03-05-2025
JT5373617257981;true;false;03-05-2025
78501531961662;true;false;03-05-2025
777302557078129;true;false;03-05-2025
YT8757870441729;true;false;03-05-2025
YT8757098702169;true;false;03-05-2025
YT8757706111259;true;false;03-05-2025
YT8757606365888;true;false;03-05-2025
YT8758263071259;true;false;03-05-2025
78501611620901;true;false;03-05-2025
JT5372963970207;true;false;03-05-2025
JT5372935992017;true;false;03-05-2025
JT5373739689875;true;false;03-05-2025
JT5373030846961;true;false;03-05-2025
78501387225352;true;false;03-05-2025
78501399953847;true;false;03-05-2025
78501171147904;true;false;03-05-2025
78500987542526;true;false;03-05-2025
434548438224252;true;false;03-05-2025
464360322726891;true;false;03-05-2025
464359317044175;true;false;03-05-2025
464368446327788;true;false;03-05-2025
78501612377635;true;false;03-05-2025
464368354452868;true;false;03-05-2025
464368665371669;true;false;03-05-2025
78501790363515;true;false;03-05-2025
777302615427946;true;false;03-05-2025
JT5373644052508;true;false;03-05-2025
777302332358714;true;false;03-05-2025
464360282861777;true;false;03-05-2025
777302382961867;true;false;03-05-2025
YT7541945096308;true;false;03-05-2025
YT8758135668071;true;false;03-05-2025
434548240218942;true;false;03-05-2025
YT8757579162620;true;false;03-05-2025
78501653716266;true;false;03-05-2025
78501652669161;true;false;03-05-2025
YT7541889991206;true;false;03-05-2025
JT5372720681803;true;false;03-05-2025
JT5372549162967;true;false;03-05-2025
JT5372273132209;true;false;03-05-2025
78501791949530;true;false;03-05-2025
78501461418033;true;false;03-05-2025
78501574970259;true;false;03-05-2025
78501611073100;true;false;03-05-2025
78501664737677;true;false;03-05-2025
78501829759290;true;false;03-05-2025
78501940610028;true;false;03-05-2025
JT5372956215402;true;false;03-05-2025
YT8758321490059;true;false;03-05-2025
YT8758188348171;true;false;03-05-2025
YT8758273022946;true;false;03-05-2025
777302595595217;true;false;03-05-2025
777302760678620;true;false;03-05-2025
78501456876848;true;false;03-05-2025
777302419101035;true;false;03-05-2025
777302228726510;true;false;03-05-2025
YT7541868374031;true;false;03-05-2025
777302201652443;true;false;03-05-2025
YT8757840907745;true;false;03-05-2025
YT8758350581085;true;false;03-05-2025
YT8758192718359;true;false;03-05-2025
YT8758162501851;true;false;03-05-2025
YT8758270873426;true;false;03-05-2025
YT8758170011544;true;false;03-05-2025
464372138360526;true;false;03-05-2025
464365042188162;true;false;03-05-2025
777302858151812;true;false;03-05-2025
777302562489042;true;false;03-05-2025
777302980374116;true;false;03-05-2025
JT5372831010285;true;false;03-05-2025
78501477398377;true;false;03-05-2025
78501581947136;true;false;03-05-2025
YT8757337313884;true;false;03-05-2025
YT8758216433563;true;false;03-05-2025
YT8757695084747;true;false;03-05-2025
YT8757961361538;true;false;03-05-2025
777302837421894;true;false;03-05-2025
777302793485971;true;false;03-05-2025
777302538337702;true;false;03-05-2025
JT5372956897120;true;false;03-05-2025
JT5372822414827;true;false;03-05-2025
JT5372783519846;true;false;03-05-2025
JT5372172352494;true;false;03-05-2025
JT5372401473016;true;false;03-05-2025
YT8758252482251;true;false;03-05-2025
777302750449665;true;false;03-05-2025
777302399857525;true;false;03-05-2025
YT8758148446680;true;false;03-05-2025
YT8758157717885;true;false;03-05-2025
YT8758227573476;true;false;03-05-2025
YT8758296317944;true;false;03-05-2025
78501705152322;true;false;03-05-2025
JT5372809823358;true;false;03-05-2025
JT5372765502154;true;false;03-05-2025
JT5372634610264;true;false;03-05-2025
777302335836995;true;false;03-05-2025
YT8757605368314;true;false;03-05-2025
78501260436457;true;false;03-05-2025
78501514663756;true;false;03-05-2025
78501157079443;true;false;03-05-2025
78501207309610;true;false;03-05-2025
78902177025444;true;false;03-05-2025
78501463713849;true;false;03-05-2025
78501599734428;true;false;03-05-2025
464364972097249;true;false;03-05-2025
464366001421439;true;false;03-05-2025
464364459122181;true;false;03-05-2025
464367440782170;true;false;03-05-2025
JT5373678819675;true;false;03-05-2025
464365013828092;true;false;03-05-2025
JT5373735037240;true;false;03-05-2025
JT5372640701866;true;false;03-05-2025
777302519739270;true;false;03-05-2025
777303303026091;true;false;03-05-2025
777302983819745;true;false;03-05-2025
777302736430125;true;false;03-05-2025
777302762451982;true;false;03-05-2025
777302695522404;true;false;03-05-2025
78501380969958;true;false;03-05-2025
78501093252351;true;false;03-05-2025
78501582806990;true;false;03-05-2025
78501183005484;true;false;03-05-2025
464365126999167;true;false;03-05-2025
78501559655969;true;false;03-05-2025
464362385724670;true;false;03-05-2025
464367631145753;true;false;03-05-2025
464360449253535;true;false;03-05-2025
464367739319278;true;false;03-05-2025
JT5373578259714;true;false;03-05-2025
464370894058963;true;false;03-05-2025
78501532991245;true;false;03-05-2025
464359922518616;true;false;03-05-2025
464368067023946;true;false;03-05-2025
464359261982196;true;false;03-05-2025
78501742690778;true;false;03-05-2025
464367113536952;true;false;03-05-2025
78501800483094;true;false;03-05-2025
464363587605629;true;false;03-05-2025
JT5373082257243;true;false;03-05-2025
464362364911502;true;false;03-05-2025
464359160939809;true;false;03-05-2025
464362990576603;true;false;03-05-2025
464367144396289;true;false;03-05-2025
JT5372936565375;true;false;03-05-2025
JT5372626543457;true;false;03-05-2025
JT5372863687494;true;false;03-05-2025
JT5372730147175;true;false;03-05-2025
JT5372751793256;true;false;03-05-2025
JT5373018271471;true;false;03-05-2025
JT5373466236744;true;false;03-05-2025
JT5372907112103;true;false;03-05-2025
JT5372809721701;true;false;03-05-2025
JT5373509503974;true;false;03-05-2025
JT5372668904210;true;false;03-05-2025
JT5372712499975;true;false;03-05-2025
JT5373375646918;true;false;03-05-2025
78501955388380;true;false;03-05-2025
JT5373324859624;true;false;03-05-2025
JT5373549758817;true;false;03-05-2025
78501615661066;true;false;03-05-2025
777302572811895;true;false;03-05-2025
777302228828712;true;false;03-05-2025
464367409592700;true;false;03-05-2025
777302678667145;true;false;03-05-2025
777302841057785;true;false;03-05-2025
777302637804651;true;false;03-05-2025
777302639237405;true;false;03-05-2025
JT5373482434353;true;false;03-05-2025
78501193547580;true;false;03-05-2025
78501493408331;true;false;03-05-2025
434547685137815;true;false;03-05-2025
78501430742477;true;false;03-05-2025
78501256839951;true;false;03-05-2025
464359256826242;true;false;03-05-2025
JT5373244320266;true;false;03-05-2025
464364479151711;true;false;03-05-2025
464368693047363;true;false;03-05-2025
464365374438227;true;false;03-05-2025
464367153628297;true;false;03-05-2025
JT5373641582710;true;false;03-05-2025
464366649540811;true;false;03-05-2025
464362447348835;true;false;03-05-2025
777302621643827;true;false;03-05-2025
78501176438325;true;false;03-05-2025
78501426143160;true;false;03-05-2025
YT8758938738810;true;false;03-05-2025
YT7542229602024;true;false;03-05-2025
464366426216575;true;false;03-05-2025
464361215887247;true;false;03-05-2025
464365489135795;true;false;03-05-2025
78501539130582;true;false;03-05-2025
78501651932622;true;false;03-05-2025
78501476476285;true;false;03-05-2025
464366257910784;true;false;03-05-2025
464371930613920;true;false;03-05-2025
YT8757854215681;true;false;03-05-2025
YT8759009327375;true;false;03-05-2025
JT5372498295678;true;false;03-05-2025
464368911972561;true;false;03-05-2025
464362933922306;true;false;03-05-2025
464368557160011;true;false;03-05-2025
464364904231808;true;false;03-05-2025
464365116684214;true;false;03-05-2025
JT5372210038955;true;false;03-05-2025
JT5372734615439;true;false;03-05-2025
JT5373008115070;true;false;03-05-2025
JT5372795238379;true;false;03-05-2025
JT5372980576742;true;false;03-05-2025
YT8757821431740;true;false;03-05-2025
777302219480634;true;false;03-05-2025
464366877134780;true;false;03-05-2025
YT8758647170888;true;false;03-05-2025
YT8758638400109;true;false;03-05-2025
YT8757674258167;true;false;03-05-2025
YT8758670938699;true;false;03-05-2025
YT8759000084826;true;false;03-05-2025
YT8758886882269;true;false;03-05-2025
464367119847389;true;false;03-05-2025
464367065833231;true;false;03-05-2025
464364078088670;true;false;03-05-2025
JT5372792818814;true;false;03-05-2025
JT5373535454510;true;false;03-05-2025
JT5373463094078;true;false;03-05-2025
YT8758808509522;true;false;03-05-2025
464365824158771;true;false;03-05-2025
434547840003983;true;false;03-05-2025
464366249113502;true;false;03-05-2025
464364108186891;true;false;03-05-2025
464362717145872;true;false;03-05-2025
464365883986472;true;false;03-05-2025
464364685811658;true;false;03-05-2025
464366315358737;true;false;03-05-2025
YT8759007651540;true;false;03-05-2025
464365065598473;true;false;03-05-2025
YT8758898751320;true;false;03-05-2025
YT8759051554277;true;false;03-05-2025
464364504878520;true;false;03-05-2025
YT8758993409711;true;false;03-05-2025
YT8757829266027;true;false;03-05-2025
YT8759033594529;true;false;03-05-2025
464366162178660;true;false;03-05-2025
464364369478391;true;false;03-05-2025
464364064765457;true;false;03-05-2025
464362615934271;true;false;03-05-2025
YT8759036802720;true;false;03-05-2025
YT8758038224653;true;false;03-05-2025
YT8758973300977;true;false;03-05-2025
YT8757716045986;true;false;03-05-2025
YT8758887432623;true;false;03-05-2025
YT8758757575456;true;false;03-05-2025
YT8758969147201;true;false;03-05-2025
YT8758688335123;true;false;03-05-2025
YT8757886477943;true;false;03-05-2025
YT8758733947237;true;false;03-05-2025
YT8758939393599;true;false;03-05-2025
YT8758935295613;true;false;03-05-2025
YT8758959529145;true;false;03-05-2025
YT8757930113922;true;false;03-05-2025
YT8758009588311;true;false;03-05-2025
YT8759036927100;true;false;03-05-2025
YT7542239743511;true;false;03-05-2025
YT8757950377944;true;false;03-05-2025
YT8759041000968;true;false;03-05-2025
YT8757945323646;true;false;03-05-2025
YT8758958885639;true;false;03-05-2025
YT8758958867745;true;false;03-05-2025
YT8757913994542;true;false;03-05-2025
YT8758936337596;true;false;03-05-2025
YT8759051480309;true;false;03-05-2025
YT8758202431726;true;false;03-05-2025
YT8758140737126;true;false;03-05-2025
YT8757800464725;true;false;03-05-2025
YT8757866948290;true;false;03-05-2025
YT8758275759763;true;false;03-05-2025
YT8757930234997;true;false;03-05-2025
YT8758757780977;true;false;03-05-2025
YT8758751703343;true;false;03-05-2025
YT8757863264571;true;false;03-05-2025
78901966049036;true;false;03-05-2025
YT8758261303600;true;false;03-05-2025
78902593264906;true;false;03-05-2025
78501225061650;true;false;03-05-2025
78501420460838;true;false;03-05-2025
78902134054851;true;false;03-05-2025
YT8757903162643;true;false;03-05-2025
YT8757971434651;true;false;03-05-2025
YT8758914627916;true;false;03-05-2025
YT8758984790992;true;false;03-05-2025
YT8757966358449;true;false;03-05-2025
YT8757860847151;true;false;03-05-2025
YT8757927190271;true;false;03-05-2025
464364170743859;true;false;03-05-2025
464362904216643;true;false;03-05-2025
YT8757817086835;true;false;03-05-2025
YT8758016095312;true;false;03-05-2025
YT8757896026542;true;false;03-05-2025
YT8759043016273;true;false;03-05-2025
YT8758652653453;true;false;03-05-2025
YT8757906425721;true;false;03-05-2025
YT8757802419916;true;false;03-05-2025
JT5373089430816;true;false;03-05-2025
YT8757930236955;true;false;03-05-2025
YT8758017183641;true;false;03-05-2025
YT8758730651522;true;false;03-05-2025
YT8758219608902;true;false;03-05-2025
78501685164864;true;false;03-05-2025
78501395665988;true;false;03-05-2025
78501745267453;true;false;03-05-2025
YT8757779864168;true;false;03-05-2025
YT8757938704018;true;false;03-05-2025
YT8758016077576;true;false;03-05-2025
YT8757953820362;true;false;03-05-2025
YT8757865879533;true;false;03-05-2025
YT8758845104900;true;false;03-05-2025
YT8757864451444;true;false;03-05-2025
YT8758662455045;true;false;03-05-2025
78501932663356;true;false;03-05-2025
YT8758653734472;true;false;03-05-2025
YT8758817827017;true;false;03-05-2025
YT8758654105992;true;false;03-05-2025
YT8758676463959;true;false;03-05-2025
464368235578576;true;false;03-05-2025
464366864542507;true;false;03-05-2025
464362708953374;true;false;03-05-2025
78501867281880;true;false;03-05-2025
78501159917919;true;false;03-05-2025
78501707142347;true;false;03-05-2025
JT5373095921232;true;false;03-05-2025
464371927187156;true;false;03-05-2025
78501360374446;true;false;03-05-2025
464362328265552;true;false;03-05-2025
JT5373664060964;true;false;03-05-2025
464359161027145;true;false;03-05-2025
464368849649271;true;false;03-05-2025
464363964503081;true;false;03-05-2025
YT8758009123835;true;false;03-05-2025
YT8758938769562;true;false;03-05-2025
YT8759037489551;true;false;03-05-2025
YT8758374930418;true;false;03-05-2025
YT8757804133188;true;false;03-05-2025
464362907077138;true;false;03-05-2025
YT8757756910367;true;false;03-05-2025
YT8757832073009;true;false;03-05-2025
YT8758198720378;true;false;03-05-2025
YT8758367921621;true;false;03-05-2025
YT8757979831395;true;false;03-05-2025
78501676483386;true;false;03-05-2025
YT8758709703201;true;false;03-05-2025
YT8758025189363;true;false;03-05-2025
777303195078353;true;false;03-05-2025
464368406205472;true;false;03-05-2025
777303002228148;true;false;03-05-2025
YT8758791164641;true;false;03-05-2025
464368358230818;true;false;03-05-2025
464366567329702;true;false;03-05-2025
464360433801379;true;false;03-05-2025
JT5373792745505;true;false;03-05-2025
YT8757859088044;true;false;03-05-2025
YT8758778903054;true;false;03-05-2025
YT8758940730743;true;false;03-05-2025
YT8758661948382;true;false;03-05-2025
777302997094948;true;false;03-05-2025
78501829642191;true;false;03-05-2025
78501885124318;true;false;03-05-2025
YT8757885476846;true;false;03-05-2025
YT8757914345974;true;false;03-05-2025
464365126456066;true;false;03-05-2025
78501657644379;true;false;03-05-2025
78501717646038;true;false;03-05-2025
464366749143120;true;false;03-05-2025
464367843441901;true;false;03-05-2025
JT5373508964529;true;false;03-05-2025
JT5373054644803;true;false;03-05-2025
JT5373611816475;true;false;03-05-2025
JT5373613108208;true;false;03-05-2025
JT5373359868381;true;false;03-05-2025
JT5373622628800;true;false;03-05-2025
78501736244175;true;false;03-05-2025
78502002356038;true;false;03-05-2025
78501929295883;true;false;03-05-2025
JT5373354542559;true;false;03-05-2025
9806853895625;true;false;03-05-2025
78502033036019;true;false;03-05-2025
464367727969521;true;false;03-05-2025
78501787285694;true;false;03-05-2025
9806868812744;true;false;03-05-2025
9806848066134;true;false;03-05-2025
YT8758757574048;true;false;03-05-2025
JT5373734477485;true;false;03-05-2025
YT8758923638415;true;false;03-05-2025
464364481095814;true;false;03-05-2025
JT5373511518469;true;false;03-05-2025
464363195065973;true;false;03-05-2025
464362747628839;true;false;03-05-2025
9806864314648;true;false;03-05-2025
464371895768464;true;false;03-05-2025
JT5373608673481;true;false;03-05-2025
YT8758009720829;true;false;03-05-2025
JT5373078527644;true;false;03-05-2025
JT5373662231849;true;false;03-05-2025
YT8758744661625;true;false;03-05-2025
9806865368319;true;false;03-05-2025
464366302756234;true;false;03-05-2025
464363221769485;true;false;03-05-2025
9806868306711;true;false;03-05-2025
9806868306711;true;false;03-05-2025
464362645529391;true;false;03-05-2025
464364783785332;true;false;03-05-2025
YT7542073797400;true;false;03-05-2025
777303300515283;true;false;03-05-2025
78501937159753;true;false;03-05-2025
777303298633851;true;false;03-05-2025
78501219206190;true;false;03-05-2025
777303047644052;true;false;03-05-2025
777303296745898;true;false;03-05-2025
777303294457389;true;false;03-05-2025
777303075963288;true;false;03-05-2025
777302777460342;true;false;03-05-2025
777303275488687;true;false;03-05-2025
777303040277830;true;false;03-05-2025
777303047970058;true;false;03-05-2025
777303226740241;true;false;03-05-2025
777303080053317;true;false;03-05-2025
777303050457827;true;false;03-05-2025
777302818809295;true;false;03-05-2025
78501774262751;true;false;03-05-2025
YT8758723943975;true;false;03-05-2025
78502011834134;true;false;03-05-2025
78501988399717;true;false;03-05-2025
YT8758841841777;true;false;03-05-2025
YT8758915739643;true;false;03-05-2025
777303251806083;true;false;03-05-2025
78501724176361;true;false;03-05-2025
JT5373589926484;true;false;03-05-2025
JT5372634897301;true;false;03-05-2025
JT5372711059354;true;false;03-05-2025
JT5372240542838;true;false;03-05-2025
JT5372781285180;true;false;03-05-2025
9806777469430;true;false;03-05-2025
JT5372550299853;true;false;03-05-2025
777302372874700;true;false;03-05-2025
777302987347755;true;false;03-05-2025
JT5373274792858;true;false;03-05-2025
777302885891717;true;false;03-05-2025
777302781375989;true;false;03-05-2025
464364380892568;true;false;03-05-2025
78501751096978;true;false;03-05-2025
JT5372773571009;true;false;03-05-2025
JT3117709536738;true;false;03-05-2025
JT5373180783275;true;false;03-05-2025
464371513265403;true;false;03-05-2025
464363032840803;true;false;03-05-2025
JT5372747313444;true;false;03-05-2025
464363954900439;true;false;03-05-2025
464365196203922;true;false;03-05-2025
JT5372806421919;true;false;03-05-2025
777302326200425;true;false;03-05-2025
JT5373204486866;true;false;03-05-2025
JT5372228441473;true;false;03-05-2025
464363375411445;true;false;03-05-2025
464371100361824;true;false;03-05-2025
464363701240901;true;false;03-05-2025
464364161831712;true;false;03-05-2025
78501958245509;true;false;03-05-2025
464371021845178;true;false;03-05-2025
464362281636421;true;false;03-05-2025
777303187955415;true;false;03-05-2025
JT5373295978457;true;false;03-05-2025
464371289488187;true;false;03-05-2025
JT5373471760206;true;false;03-05-2025
JT5373093014582;true;false;03-05-2025
78501616060388;true;false;03-05-2025
JT5372226746754;true;false;03-05-2025
JT5373066733921;true;false;03-05-2025
JT5373299110231;true;false;03-05-2025
78501945553596;true;false;03-05-2025
464366619183578;true;false;03-05-2025
JT5372830574968;true;false;03-05-2025
YT8758708134684;true;false;03-05-2025
JT5373322342674;true;false;03-05-2025
464370893651781;true;false;03-05-2025
9806868995694;true;false;03-05-2025
464362384519368;true;false;03-05-2025
78501424669829;true;false;03-05-2025
464371673826776;true;false;03-05-2025
464372293914496;true;false;03-05-2025
464372069236662;true;false;03-05-2025
464371927605892;true;false;03-05-2025
9806798318362;true;false;03-05-2025
JT5373183288300;true;false;03-05-2025
464363317369695;true;false;03-05-2025
464371220440405;true;false;03-05-2025
JT5373075290600;true;false;03-05-2025
78501997832780;true;false;03-05-2025
464368588571087;true;false;03-05-2025
JT5372109327937;true;false;03-05-2025
9806836928502;true;false;03-05-2025
9806850502703;true;false;03-05-2025
9806807896077;true;false;03-05-2025
9806831374390;true;false;03-05-2025
9806829896644;true;false;03-05-2025
9806788776058;true;false;03-05-2025
9806836537465;true;false;03-05-2025
9806789279109;true;false;03-05-2025
9806811759866;true;false;03-05-2025
9806778123936;true;false;03-05-2025
9806840880606;true;false;03-05-2025
9806840813665;true;false;03-05-2025
9806802439049;true;false;03-05-2025
9806758191095;true;false;03-05-2025
78501502234497;true;false;03-05-2025
9806841695353;true;false;03-05-2025
9806806546877;true;false;03-05-2025
9806793305380;true;false;03-05-2025
9806790169527;true;false;03-05-2025
9806713826314;true;false;03-05-2025
9806833240522;true;false;03-05-2025
9878811585274;true;false;03-05-2025
9806800915623;true;false;03-05-2025
9806780445765;true;false;03-05-2025
9806798031638;true;false;03-05-2025
9806797908902;true;false;03-05-2025
9806829762156;true;false;03-05-2025
9806790737898;true;false;03-05-2025
9806801286336;true;false;03-05-2025
9806781378189;true;false;03-05-2025
9806786529201;true;false;03-05-2025
9806792062720;true;false;03-05-2025
9806829288516;true;false;03-05-2025
9806790557393;true;false;03-05-2025
9806799933528;true;false;03-05-2025
9806836147131;true;false;03-05-2025
9806834233502;true;false;03-05-2025
9806830176851;true;false;03-05-2025
9806834970841;true;false;03-05-2025
9806781230863;true;false;03-05-2025
9806807103256;true;false;03-05-2025
9806842120067;true;false;03-05-2025
9806833555619;true;false;03-05-2025
9806836030803;true;false;03-05-2025
9806829892833;true;false;03-05-2025
9806839426851;true;false;03-05-2025
9806836535830;true;false;03-05-2025
9806794226421;true;false;03-05-2025
9806829890440;true;false;03-05-2025
9806790153874;true;false;03-05-2025
9806821730143;true;false;03-05-2025
9806837008906;true;false;03-05-2025
9806817154658;true;false;03-05-2025
9806780655339;true;false;03-05-2025
9806836151503;true;false;03-05-2025
9806802587831;true;false;03-05-2025
9806788650734;true;false;03-05-2025
9806793565235;true;false;03-05-2025
9806806918858;true;false;03-05-2025
9806806051808;true;false;03-05-2025
9806850258559;true;false;03-05-2025
9806808894340;true;false;03-05-2025
9806809859952;true;false;03-05-2025
9806780161303;true;false;03-05-2025
9806804950302;true;false;03-05-2025
9806806363088;true;false;03-05-2025
9806796490182;true;false;03-05-2025
9806837306846;true;false;03-05-2025
9806849135425;true;false;03-05-2025
9806845476287;true;false;03-05-2025
9806803314032;true;false;03-05-2025
9806842931762;true;false;03-05-2025
9806807736855;true;false;03-05-2025
9806797184602;true;false;03-05-2025
9806846548001;true;false;03-05-2025
9806793542601;true;false;03-05-2025
9806792366094;true;false;03-05-2025
9806796425393;true;false;03-05-2025
9806809213616;true;false;03-05-2025
9806781200382;true;false;03-05-2025
9806802285722;true;false;03-05-2025
9806849932952;true;false;03-05-2025
9806845328801;true;false;03-05-2025
9806797549684;true;false;03-05-2025
9806787529940;true;false;03-05-2025
9806806607275;true;false;03-05-2025
9806848482421;true;false;03-05-2025
9806795432954;true;false;03-05-2025
9806756317074;true;false;03-05-2025
9806837654162;true;false;03-05-2025
9806748148000;true;false;03-05-2025
9806846590249;true;false;03-05-2025
9806819830049;true;false;03-05-2025
9806792422300;true;false;03-05-2025
9806758619378;true;false;03-05-2025
YT8758656771498;true;false;03-05-2025
464359688821478;true;false;03-05-2025
YT8757824851521;true;false;03-05-2025
464366246793290;true;false;03-05-2025
YT8758637715048;true;false;03-05-2025
777302773097651;true;false;03-05-2025
464363015676516;true;false;03-05-2025
JT5372557104820;true;false;03-05-2025
JT5373244516075;true;false;03-05-2025
4643679119;true;false;03-05-2025
464367143991259;true;false;03-05-2025
JT5373694418216;true;false;03-05-2025
JT5372924434948;true;false;03-05-2025
JT5372511775394;true;false;03-05-2025
YT8757700701498;true;false;03-05-2025
464360025949022;true;false;03-05-2025
464360790976033;true;false;03-05-2025
464360687345450;true;false;03-05-2025
464360443993552;true;false;03-05-2025
777303291990757;true;false;04-05-2025
464362889444696;true;false;04-05-2025
78501963669499;true;false;04-05-2025
78902801544234;true;false;04-05-2025
78501752730351;true;false;04-05-2025
9806858238484;true;false;04-05-2025
78501817604514;true;false;04-05-2025
9806858107189;true;false;04-05-2025
9806871626224;true;false;04-05-2025
78501837305371;true;false;04-05-2025
78501901157266;true;false;04-05-2025
78501981131790;true;false;04-05-2025
78501839494704;true;false;04-05-2025
78501934924864;true;false;04-05-2025
9806865107210;true;false;04-05-2025
78501951122266;true;false;04-05-2025
9806864758742;true;false;04-05-2025
9806859975909;true;false;04-05-2025
9806860295234;true;false;04-05-2025
9806852813347;true;false;04-05-2025
9806872291756;true;false;04-05-2025
9806857851642;true;false;04-05-2025
464363058155818;true;false;04-05-2025
9806858659897;true;false;04-05-2025
9806860159246;true;false;04-05-2025
9806867401403;true;false;04-05-2025
78501886524320;true;false;04-05-2025
9806872335013;true;false;04-05-2025
9806857611850;true;false;04-05-2025
9806805554079;true;false;04-05-2025
464364968233787;true;false;04-05-2025
9806863024909;true;false;04-05-2025
78501904694913;true;false;04-05-2025
9806867676655;true;false;04-05-2025
78502143605758;true;false;04-05-2025
78501857830845;true;false;04-05-2025
9806856726461;true;false;04-05-2025
9806864249542;true;false;04-05-2025
78501969057754;true;false;04-05-2025
9806865896868;true;false;04-05-2025
9806869400544;true;false;04-05-2025
78501836631969;true;false;04-05-2025
9806859071447;true;false;04-05-2025
9806854678551;true;false;04-05-2025
9806858595978;true;false;04-05-2025
9806861936796;true;false;04-05-2025
JT5373367406031;true;false;04-05-2025
9806857640175;true;false;04-05-2025
9806856233306;true;false;04-05-2025
464371536008213;true;false;04-05-2025
JT5373235551029;true;false;04-05-2025
78501896630922;true;false;04-05-2025
464371668173593;true;false;04-05-2025
JT5373331067768;true;false;04-05-2025
JT5374338865304;true;false;04-05-2025
464371606479168;true;false;04-05-2025
JT5373248906157;true;false;04-05-2025
JT5373334060911;true;false;04-05-2025
464365189349694;true;false;04-05-2025
464365549823403;true;false;04-05-2025
78501755459831;true;false;04-05-2025
JT5373157059528;true;false;04-05-2025
JT5373320774338;true;false;04-05-2025
78501776346716;true;false;04-05-2025
JT5373774046288;true;false;04-05-2025
9806861341540;true;false;04-05-2025
JT5373304167142;true;false;04-05-2025
9806866926497;true;false;04-05-2025
78501748191092;true;false;04-05-2025
777303064761771;true;false;04-05-2025
464371604137678;true;false;04-05-2025
78502042082280;true;false;04-05-2025
78501770309492;true;false;04-05-2025
JT5373342502578;true;false;04-05-2025
JT5373309793094;true;false;04-05-2025
JT5373566057495;true;false;04-05-2025
464371481551932;true;false;04-05-2025
464375612089906;true;false;04-05-2025
464374874978651;true;false;04-05-2025
78501900911226;true;false;04-05-2025
JT5373150549289;true;false;04-05-2025
JT5373314458582;true;false;04-05-2025
464371178069816;true;false;04-05-2025
464363266171473;true;false;04-05-2025
464371868608657;true;false;04-05-2025
JT5373733815953;true;false;04-05-2025
464372241322438;true;false;04-05-2025
464371031764678;true;false;04-05-2025
464362639453160;true;false;04-05-2025
464371195508273;true;false;04-05-2025
464369483020500;true;false;04-05-2025
464371865829974;true;false;04-05-2025
JT3118140951501;true;false;04-05-2025
JT5373213444662;true;false;04-05-2025
JT5373170443894;true;false;04-05-2025
JT5373324075264;true;false;04-05-2025
JT5373220940253;true;false;04-05-2025
464365499465116;true;false;04-05-2025
464362353673389;true;false;04-05-2025
JT5373608004460;true;false;04-05-2025
464374836482875;true;false;04-05-2025
JT5373134171492;true;false;04-05-2025
777303330840656;true;false;04-05-2025
464363588401864;true;false;04-05-2025
464369733656870;true;false;04-05-2025
777303011597220;true;false;04-05-2025
464372182138685;true;false;04-05-2025
777303918810175;true;false;04-05-2025
777303867594324;true;false;04-05-2025
464363649413649;true;false;04-05-2025
464372223432496;true;false;04-05-2025
464365373727556;true;false;04-05-2025
777303951089190;true;false;04-05-2025
464363279749698;true;false;04-05-2025
777303210580587;true;false;04-05-2025
464371951436007;true;false;04-05-2025
464363203178364;true;false;04-05-2025
JT5373776258866;true;false;04-05-2025
777303062210082;true;false;04-05-2025
464362499480811;true;false;04-05-2025
777303260388262;true;false;04-05-2025
464372275088121;true;false;04-05-2025
777303205515695;true;false;04-05-2025
464363350647122;true;false;04-05-2025
777303317179090;true;false;04-05-2025
777303849130645;true;false;04-05-2025
464371939187228;true;false;04-05-2025
777303280346804;true;false;04-05-2025
777303166333179;true;false;04-05-2025
777303297358399;true;false;04-05-2025
464363393561449;true;false;04-05-2025
777303132202237;true;false;04-05-2025
464375640989958;true;false;04-05-2025
777302802414474;true;false;04-05-2025
777303003761357;true;false;04-05-2025
777303249275828;true;false;04-05-2025
464371525131630;true;false;04-05-2025
464364804688009;true;false;04-05-2025
777303155946369;true;false;04-05-2025
YT8758843653796;true;false;04-05-2025
777303303299000;true;false;04-05-2025
777302799635361;true;false;04-05-2025
777303168061738;true;false;04-05-2025
JT5373126183735;true;false;04-05-2025
464371993227504;true;false;04-05-2025
777303040513644;true;false;04-05-2025
464964148349386;true;false;04-05-2025
YT7542436206677;true;false;04-05-2025
464365520808099;true;false;04-05-2025
777303326875711;true;false;04-05-2025
YT8758393324944;true;false;04-05-2025
YT8758687639598;true;false;04-05-2025
YT8758548345921;true;false;04-05-2025
YT8758829155050;true;false;04-05-2025
YT878842862493421;true;false;04-05-2025
YT8758874139399;true;false;04-05-2025
9806873082897;true;false;04-05-2025
9806795115039;true;false;04-05-2025
YT8758526214205;true;false;04-05-2025
777303260942520;true;false;04-05-2025
777303171100209;true;false;04-05-2025
464371815234939;true;false;04-05-2025
777303064790661;true;false;04-05-2025
777303135623008;true;false;04-05-2025
777303952389305;true;false;04-05-2025
777303223814855;true;false;04-05-2025
777302755754094;true;false;04-05-2025
777302799787116;true;false;04-05-2025
464369503465471;true;false;04-05-2025
464370024179172;true;false;04-05-2025
JT5373293631403;true;false;04-05-2025
777303202530833;true;false;04-05-2025
777303013090956;true;false;04-05-2025
YT8758662387496;true;false;04-05-2025
YT8758494106902;true;false;04-05-2025
YT8758702248093;true;false;04-05-2025
YT8758974033805;true;false;04-05-2025
78502256857820;true;false;04-05-2025
777302731484026;true;false;04-05-2025
464369751967063;true;false;04-05-2025
YT8758665709970;true;false;04-05-2025
78501952637431;true;false;04-05-2025
78502135110019;true;false;04-05-2025
YT8758793411497;true;false;04-05-2025
78501866799406;true;false;04-05-2025
777303851358503;true;false;04-05-2025
777303961089262;true;false;04-05-2025
464365584916613;true;false;04-05-2025
777303200164255;true;false;04-05-2025
464372113204445;true;false;04-05-2025
464371382685984;true;false;04-05-2025
777303922811705;true;false;04-05-2025
777302764728091;true;false;04-05-2025
464369900130831;true;false;04-05-2025
464372112665071;true;false;04-05-2025
464371703343342;true;false;04-05-2025
464374864545135;true;false;04-05-2025
78502260549741;true;false;04-05-2025
78502210027476;true;false;04-05-2025
777303042414055;true;false;04-05-2025
78502151706350;true;false;04-05-2025
78502152410809;true;false;04-05-2025
78501648430634;true;false;04-05-2025
78501930143130;true;false;04-05-2025
777303329127294;true;false;04-05-2025
78502260560240;true;false;04-05-2025
78501947588465;true;false;04-05-2025
777303113544918;true;false;04-05-2025
78502020526406;true;false;04-05-2025
777303835497335;true;false;04-05-2025
JT5373168505744;true;false;04-05-2025
YT8758811747654;true;false;04-05-2025
YT8758777806961;true;false;04-05-2025
YT8758877758511;true;false;04-05-2025
777302619652821;true;false;04-05-2025
YT8759048277398;true;false;04-05-2025
777303891965258;true;false;04-05-2025
777303998036732;true;false;04-05-2025
9806891992064;true;false;04-05-2025
464363905464096;true;false;04-05-2025
464367802051224;true;false;04-05-2025
464370033452126;true;false;04-05-2025
YT8758747923805;true;false;04-05-2025
78502105949179;true;false;04-05-2025
9806852626802;true;false;04-05-2025
JT5374423039774;true;false;04-05-2025
JT5373148178649;true;false;04-05-2025
9806868295502;true;false;04-05-2025
YT8758484280876;true;false;04-05-2025
9806878644016;true;false;04-05-2025
JT5374304395474;true;false;04-05-2025
9806852867344;true;false;04-05-2025
YT8758759514859;true;false;04-05-2025
YT8758806793091;true;false;04-05-2025
YT8758831366594;true;false;04-05-2025
9806888919377;true;false;04-05-2025
YT8758596989636;true;false;04-05-2025
YT8758878147868;true;false;04-05-2025
YT8758878499457;true;false;04-05-2025
JT5373419997692;true;false;04-05-2025
YT8758846907098;true;false;04-05-2025
JT5374353838402;true;false;04-05-2025
JT5373130124504;true;false;04-05-2025
JT5374416205992;true;false;04-05-2025
JT5373174501818;true;false;04-05-2025
777303896719047;true;false;04-05-2025
78502203413536;true;false;04-05-2025
JT5373214823708;true;false;04-05-2025
JT5373444238053;true;false;04-05-2025
JT5374396693495;true;false;04-05-2025
78902826415947;true;false;04-05-2025
JT5374459636418;true;false;04-05-2025
464369534072889;true;false;04-05-2025
JT5374442718781;true;false;04-05-2025
777303132367558;true;false;04-05-2025
JT5373391039377;true;false;04-05-2025
464371960160051;true;false;04-05-2025
78501798558309;true;false;04-05-2025
464370332447326;true;false;04-05-2025
464370067118045;true;false;04-05-2025
777303957171199;true;false;04-05-2025
777303913805308;true;false;04-05-2025
464371679248100;true;false;04-05-2025
YT8758462827686;true;false;04-05-2025
YT8758883018599;true;false;04-05-2025
777303145774355;true;false;04-05-2025
78501950999017;true;false;04-05-2025
YT8758703668562;true;false;04-05-2025
JT5374419497715;true;false;04-05-2025
JT5373284092631;true;false;04-05-2025
YT8758398158274;true;false;04-05-2025
YT8758789104549;true;false;04-05-2025
78502140057588;true;false;04-05-2025
YT8758048415386;true;false;04-05-2025
777303275919986;true;false;04-05-2025
9806876882404;true;false;04-05-2025
JT5373768348701;true;false;04-05-2025
YT8758551595692;true;false;04-05-2025
9806861362119;true;false;04-05-2025
JT5373351172323;true;false;04-05-2025
YT8758619644555;true;false;04-05-2025
YT8758567424027;true;false;04-05-2025
YT8758714729777;true;false;04-05-2025
JT5373164431433;true;false;04-05-2025
78502281574737;true;false;04-05-2025
78502048058642;true;false;04-05-2025
78502093292836;true;false;04-05-2025
YT8758550824979;true;false;04-05-2025
YT8758498006534;true;false;04-05-2025
YT8758588389031;true;false;04-05-2025
YT8758555695440;true;false;04-05-2025
YT8758566465124;true;false;04-05-2025
YT8758766093590;true;false;04-05-2025
YT8758634447036;true;false;04-05-2025
YT8758558727052;true;false;04-05-2025
YT8758801095545;true;false;04-05-2025
YT8758610953540;true;false;04-05-2025
YT8758747526020;true;false;04-05-2025
78502144745171;true;false;04-05-2025
78502207102863;true;false;04-05-2025
78502149883313;true;false;04-05-2025
78502214349537;true;false;04-05-2025
78501788939520;true;false;04-05-2025
78501917490588;true;false;04-05-2025
JT5373130064766;true;false;04-05-2025
464371567852492;true;false;04-05-2025
464363884057343;true;false;04-05-2025
YT8759128827880;true;false;05-05-2025
9806884427724;true;false;05-05-2025
SF3182584903817;true;false;05-05-2025
SF2083529572904;true;false;05-05-2025
777303836928515;true;false;05-05-2025
78502175409254;true;false;05-05-2025
JT5374150828972;true;false;05-05-2025
JT5374443716177;true;false;05-05-2025
JT5374355149989;true;false;05-05-2025
464369551898939;true;false;05-05-2025
9806857132673;true;false;05-05-2025
9806882530987;true;false;05-05-2025
9806801503500;true;false;05-05-2025
78502208356651;true;false;05-05-2025
9806881864003;true;false;05-05-2025
9806862471362;true;false;05-05-2025
9806875975837;true;false;05-05-2025
9806861852807;true;false;05-05-2025
78502022884753;true;false;05-05-2025
9806871269919;true;false;05-05-2025
JT5373422015316;true;false;05-05-2025
JT5373423630261;true;false;05-05-2025
78502176985143;true;false;05-05-2025
JT5374444936327;true;false;05-05-2025
9806877282798;true;false;05-05-2025
9806881187975;true;false;05-05-2025
JT5374398659373;true;false;05-05-2025
9806879176113;true;false;05-05-2025
JT5373451489705;true;false;05-05-2025
JT5374455944009;true;false;05-05-2025
464371746604698;true;false;05-05-2025
9806876928577;true;false;05-05-2025
JT5373391945284;true;false;05-05-2025
9806884364373;true;false;05-05-2025
JT5374362617972;true;false;05-05-2025
9806882792706;true;false;05-05-2025
JT5373457016928;true;false;05-05-2025
JT5374334057575;true;false;05-05-2025
JT5374210151294;true;false;05-05-2025
JT5373414328825;true;false;05-05-2025
78502053884960;true;false;05-05-2025
JT5373214591128;true;false;05-05-2025
78502145576649;true;false;05-05-2025
9806888528679;true;false;05-05-2025
78502136300106;true;false;05-05-2025
464370074767128;true;false;05-05-2025
78502120382166;true;false;05-05-2025
464370492386327;true;false;05-05-2025
78502141927868;true;false;05-05-2025
9806887436424;true;false;05-05-2025
JT5373201902776;true;false;05-05-2025
JT5374376994634;true;false;05-05-2025
9806860363316;true;false;05-05-2025
78502091179471;true;false;05-05-2025
9806887956740;true;false;05-05-2025
78502358925630;true;false;05-05-2025
78502260422884;true;false;05-05-2025
9806873327830;true;false;05-05-2025
9806891688666;true;false;05-05-2025
9806879524933;true;false;05-05-2025
9806885162285;true;false;05-05-2025
9806873745609;true;false;05-05-2025
464363656910823;true;false;05-05-2025
434554452486157;true;false;05-05-2025
9806872648575;true;false;05-05-2025
464369801582985;true;false;05-05-2025
464368945973068;true;false;05-05-2025
78501648829831;true;false;05-05-2025
9806875189350;true;false;05-05-2025
464365973204681;true;false;05-05-2025
9806874705264;true;false;05-05-2025
464369916341909;true;false;05-05-2025
464369568586901;true;false;05-05-2025
YT8758515327718;true;false;05-05-2025
464363568830646;true;false;05-05-2025
777303773964541;true;false;05-05-2025
464370387122780;true;false;05-05-2025
464373680916405;true;false;05-05-2025
464375314193284;true;false;05-05-2025
464369880239971;true;false;05-05-2025
777303958885769;true;false;05-05-2025
YT8758513573283;true;false;05-05-2025
777303152763395;true;false;05-05-2025
464369769422595;true;false;05-05-2025
464363721376800;true;false;05-05-2025
9806881155948;true;false;05-05-2025
9806879491867;true;false;05-05-2025
9806873032779;true;false;05-05-2025
464371951436796;true;false;05-05-2025
434552832981241;true;false;05-05-2025
777303092702555;true;false;05-05-2025
464369671445687;true;false;05-05-2025
777303766042815;true;false;05-05-2025
434554073554346;true;false;05-05-2025
777303655253922;true;false;05-05-2025
777303756210922;true;false;05-05-2025
777303861828342;true;false;05-05-2025
464374958260200;true;false;05-05-2025
777302813708084;true;false;05-05-2025
777303686042315;true;false;05-05-2025
464375164853652;true;false;05-05-2025
777303928253376;true;false;05-05-2025
464370037923535;true;false;05-05-2025
464370577219481;true;false;05-05-2025
777303716573708;true;false;05-05-2025
777303979349745;true;false;05-05-2025
777303613849725;true;false;05-05-2025
9806864420974;true;false;05-05-2025
78502228720397;true;false;05-05-2025
78502450281576;true;false;05-05-2025
777303702210203;true;false;05-05-2025
777303896536075;true;false;05-05-2025
777303058586014;true;false;05-05-2025
777303996634751;true;false;05-05-2025
464369760652000;true;false;05-05-2025
777303774741169;true;false;05-05-2025
777303967127504;true;false;05-05-2025
SF3182075690554;true;false;05-05-2025
777302775425450;true;false;05-05-2025
YT8758612354673;true;false;05-05-2025
464370089998118;true;false;05-05-2025
777303698221163;true;false;05-05-2025
777303095393691;true;false;05-05-2025
777303296364832;true;false;05-05-2025
9806880703188;true;false;05-05-2025
777303771765284;true;false;05-05-2025
777303749531452;true;false;05-05-2025
YT8759074115769;true;false;05-05-2025
78502452134901;true;false;05-05-2025
9806906652342;true;false;05-05-2025
JT5374027642582;true;false;05-05-2025
78502391037691;true;false;05-05-2025
78502259084098;true;false;05-05-2025
78502175646251;true;false;05-05-2025
78502469790324;true;false;05-05-2025
78502368885616;true;false;05-05-2025
78502378945736;true;false;05-05-2025
78502358582656;true;false;05-05-2025
78502192712276;true;false;05-05-2025
464374214919882;true;false;05-05-2025
YT8758605460194;true;false;05-05-2025
777302598699732;true;false;05-05-2025
78502251896957;true;false;05-05-2025
78502325863217;true;false;05-05-2025
JT5374227454855;true;false;05-05-2025
JT5373971104125;true;false;05-05-2025
YT8759316486486;true;false;05-05-2025
464374926128408;true;false;05-05-2025
464370094281424;true;false;05-05-2025
YT8758508279671;true;false;05-05-2025
9806888516849;true;false;05-05-2025
YT8758405267377;true;false;05-05-2025
JT5373437889332;true;false;05-05-2025
JT5374131324620;true;false;05-05-2025
78502447039486;true;false;05-05-2025
78502390687167;true;false;05-05-2025
78502068774664;true;false;05-05-2025
78502367943176;true;false;05-05-2025
78502482428097;true;false;05-05-2025
78502373713411;true;false;05-05-2025
78502229350707;true;false;05-05-2025
78502407536436;true;false;05-05-2025
78502409527112;true;false;05-05-2025
78502333848745;true;false;05-05-2025
78501911221936;true;false;05-05-2025
464373745707156;true;false;05-05-2025
78502248770016;true;false;05-05-2025
78502292103911;true;false;05-05-2025
78502312506200;true;false;05-05-2025
YT8759095822947;true;false;05-05-2025
YT8758474328380;true;false;05-05-2025
YT8759233792433;true;false;05-05-2025
777303971955367;true;false;05-05-2025
464375112243216;true;false;05-05-2025
YT8759370114288;true;false;05-05-2025
YT8758783297753;true;false;05-05-2025
YT8759120503720;true;false;05-05-2025
YT8759087052301;true;false;05-05-2025
777303963670135;true;false;05-05-2025
777303770084008;true;false;05-05-2025
464363268408525;true;false;05-05-2025
78502237447591;true;false;05-05-2025
777303826431891;true;false;05-05-2025
YT8759332637936;true;false;05-05-2025
YT8759383000644;true;false;05-05-2025
YT8759056017584;true;false;05-05-2025
464374903417694;true;false;05-05-2025
464370056019439;true;false;05-05-2025
YT8758631884014;true;false;05-05-2025
YT8758592853782;true;false;05-05-2025
YT8758608140262;true;false;05-05-2025
9806902922600;true;false;05-05-2025
464374587513889;true;false;05-05-2025
YT8759261824919;true;false;05-05-2025
YT8759129403092;true;false;05-05-2025
YT8758449470085;true;false;05-05-2025
YT8758509723984;true;false;05-05-2025
YT8758630420808;true;false;05-05-2025
YT8758625766698;true;false;05-05-2025
YT8758391989868;true;false;05-05-2025
YT8758578044854;true;false;05-05-2025
YT8758518130162;true;false;05-05-2025
YT8759147771230;true;false;05-05-2025
YT8758514074965;true;false;05-05-2025
YT8758550630468;true;false;05-05-2025
YT8759082100298;true;false;05-05-2025
YT8758834834207;true;false;05-05-2025
YT8758388690726;true;false;05-05-2025
YT8758625927600;true;false;05-05-2025
777303613044552;true;false;05-05-2025
YT8758509693702;true;false;05-05-2025
777303750740589;true;false;05-05-2025
78502298404739;true;false;05-05-2025
JT5373455136339;true;false;05-05-2025
777303618984900;true;false;05-05-2025
YT8759386658354;true;false;05-05-2025
777303797131737;true;false;05-05-2025
YT8758585547573;true;false;05-05-2025
78502224864086;true;false;05-05-2025
464374499944039;true;false;05-05-2025
464372985574408;true;false;05-05-2025
464372964946248;true;false;05-05-2025
777303975467219;true;false;05-05-2025
464369714458190;true;false;05-05-2025
YT8758462435216;true;false;05-05-2025
777303911513124;true;false;05-05-2025
977663742562303;true;false;05-05-2025
777303609090608;true;false;05-05-2025
777303050636700;true;false;05-05-2025
777303754173969;true;false;05-05-2025
777303697142505;true;false;05-05-2025
777303103808234;true;false;05-05-2025
YT8759109657088;true;false;05-05-2025
777303924804695;true;false;05-05-2025
777303742092271;true;false;05-05-2025
YT8759335399835;true;false;05-05-2025
464374294016718;true;false;05-05-2025
777303831035185;true;false;05-05-2025
777303728805320;true;false;05-05-2025
777304001242679;true;false;05-05-2025
777303696226616;true;false;05-05-2025
777303783533321;true;false;05-05-2025
464370561529913;true;false;05-05-2025
78502374538492;true;false;05-05-2025
777303677536443;true;false;05-05-2025
777303975416492;true;false;05-05-2025
777303854721740;true;false;05-05-2025
777303646083897;true;false;05-05-2025
777303723700577;true;false;05-05-2025
777303090756933;true;false;05-05-2025
464363865672981;true;false;05-05-2025
464370156858019;true;false;05-05-2025
JT5374231320854;true;false;05-05-2025
777303749434495;true;false;05-05-2025
777303848770806;true;false;05-05-2025
777303677536455;true;false;05-05-2025
JT5373398772502;true;false;05-05-2025
JT5374368162966;true;false;05-05-2025
JT5374317420273;true;false;05-05-2025
78502218677056;true;false;05-05-2025
78502334317674;true;false;05-05-2025
78902838633636;true;false;05-05-2025
JT5373450263682;true;false;05-05-2025
JT5374447451507;true;false;05-05-2025
JT5373450226287;true;false;05-05-2025
78502347531632;true;false;05-05-2025
JT5373979989146;true;false;05-05-2025
JT5374021801489;true;false;05-05-2025
JT5373965989070;true;false;05-05-2025
JT5373993418774;true;false;05-05-2025
JT5374110863964;true;false;05-05-2025
JT5374096225070;true;false;05-05-2025
JT5373970637507;true;false;05-05-2025
464373243145278;true;false;05-05-2025
464370561517716;true;false;05-05-2025
78502362855384;true;false;05-05-2025
YT8759379398874;true;false;05-05-2025
JT5374219183822;true;false;05-05-2025
JT5374036376257;true;false;05-05-2025
78502458586029;true;false;05-05-2025
78502466757325;true;false;05-05-2025
YT8759149368582;true;false;05-05-2025
777203548251813;true;false;06-05-2025
9806806264699;true;false;06-05-2025
YT8759595501887;true;false;06-05-2025
464374412975448;true;false;06-05-2025
YT8759348984305;true;false;06-05-2025
JT5374342081678;true;false;06-05-2025
464372791150708;true;false;06-05-2025
9806898941175;true;false;06-05-2025
464376309412576;true;false;06-05-2025
78502282439637;true;false;06-05-2025
464374942833308;true;false;06-05-2025
9806907751060;true;false;06-05-2025
78502239070628;true;false;06-05-2025
78502314562210;true;false;06-05-2025
JT5374273606956;true;false;06-05-2025
777303737380726;true;false;06-05-2025
9806892716397;true;false;06-05-2025
78903262377316;true;false;06-05-2025
78502331940825;true;false;06-05-2025
9806909359186;true;false;06-05-2025
JT5374271374354;true;false;06-05-2025
JT5374120506044;true;false;06-05-2025
78502296971166;true;false;06-05-2025
9806893276647;true;false;06-05-2025
9806905870844;true;false;06-05-2025
JT5374120506044;true;false;06-05-2025
78502316588840;true;false;06-05-2025
JT5373968804461;true;false;06-05-2025
JT5374159002208;true;false;06-05-2025
JT5374156453893;true;false;06-05-2025
9806903591285;true;false;06-05-2025
464373861493961;true;false;06-05-2025
JT5374256632822;true;false;06-05-2025
JT5374161815200;true;false;06-05-2025
JT5374333696146;true;false;06-05-2025
464373837224637;true;false;06-05-2025
JT5374045276722;true;false;06-05-2025
464373583485282;true;false;06-05-2025
9806884120471;true;false;06-05-2025
9806891462897;true;false;06-05-2025
464374534021730;true;false;06-05-2025
9806905364617;true;false;06-05-2025
JT5374134144716;true;false;06-05-2025
78502244007107;true;false;06-05-2025
78502327977330;true;false;06-05-2025
JT5374143819219;true;false;06-05-2025
9806897904888;true;false;06-05-2025
78502246744314;true;false;06-05-2025
9806904813893;true;false;06-05-2025
464375043300607;true;false;06-05-2025
9806905883740;true;false;06-05-2025
9806896551716;true;false;06-05-2025
9806911393482;true;false;06-05-2025
9806859013790;true;false;06-05-2025
9806897312354;true;false;06-05-2025
JT5373993143440;true;false;06-05-2025
9806890713245;true;false;06-05-2025
464375432658116;true;false;06-05-2025
JT5374283052344;true;false;06-05-2025
78502482226079;true;false;06-05-2025
JT5374027021418;true;false;06-05-2025
JT5374292715552;true;false;06-05-2025
9806902754293;true;false;06-05-2025
JT5374025499983;true;false;06-05-2025
464372986862928;true;false;06-05-2025
78502396000136;true;false;06-05-2025
78502426224720;true;false;06-05-2025
9806904493683;true;false;06-05-2025
JT5374041660737;true;false;06-05-2025
JT5374027725394;true;false;06-05-2025
JT5373966031213;true;false;06-05-2025
JT5374248719515;true;false;06-05-2025
464372954699327;true;false;06-05-2025
464371831920191;true;false;06-05-2025
464373932877885;true;false;06-05-2025
JT5373385736915;true;false;06-05-2025
464376469896868;true;false;06-05-2025
JT5374276986148;true;false;06-05-2025
434554820870345;true;false;06-05-2025
464373860020558;true;false;06-05-2025
777303592448091;true;false;06-05-2025
464375017752714;true;false;06-05-2025
464375658642911;true;false;06-05-2025
464374355944757;true;false;06-05-2025
JT5374045951294;true;false;06-05-2025
464374625316188;true;false;06-05-2025
464373920918208;true;false;06-05-2025
777303539038417;true;false;06-05-2025
78502565750996;true;false;06-05-2025
JT5374295910301;true;false;06-05-2025
JT5374021342159;true;false;06-05-2025
464374505610235;true;false;06-05-2025
777303788778309;true;false;06-05-2025
464373929523762;true;false;06-05-2025
777303697435525;true;false;06-05-2025
777303454240430;true;false;06-05-2025
8206985447113;true;false;06-05-2025
464375101718704;true;false;06-05-2025
464374437767169;true;false;06-05-2025
777303726746303;true;false;06-05-2025
777303591255915;true;false;06-05-2025
777303771062258;true;false;06-05-2025
464375106222769;true;false;06-05-2025
464372824140813;true;false;06-05-2025
777301509494118;true;false;06-05-2025
464377187839003;true;false;06-05-2025
777303785170665;true;false;06-05-2025
464374484098041;true;false;06-05-2025
464374981332246;true;false;06-05-2025
464374839746231;true;false;06-05-2025
464373650694746;true;false;06-05-2025
469375407788563;true;false;06-05-2025
777303803828344;true;false;06-05-2025
464363321535746;true;false;06-05-2025
777303812743344;true;false;06-05-2025
777303722805265;true;false;06-05-2025
777303561468480;true;false;06-05-2025
YT8759560155617;true;false;06-05-2025
YT8759390941435;true;false;06-05-2025
777303821304355;true;false;06-05-2025
YT7542709093256;true;false;06-05-2025
YT8759353955062;true;false;06-05-2025
YT8758476827948;true;false;06-05-2025
78502472897327;true;false;06-05-2025
YT8758550707719;true;false;06-05-2025
78502677981824;true;false;06-05-2025
78502661430351;true;false;06-05-2025
78502552957989;true;false;06-05-2025
YT8759079784344;true;false;06-05-2025
YT8758474279635;true;false;06-05-2025
YT8759111871993;true;false;06-05-2025
9806953869466;true;false;06-05-2025
JT5373888341667;true;false;06-05-2025
JT5373849775379;true;false;06-05-2025
YT8759334110615;true;false;06-05-2025
464369333478329;true;false;06-05-2025
464374552190391;true;false;06-05-2025
78502536677022;true;false;06-05-2025
777303809856567;true;false;06-05-2025
777303453374402;true;false;06-05-2025
777303790624874;true;false;06-05-2025
YT8759270958740;true;false;06-05-2025
YT8757911452756;true;false;06-05-2025
78502570535082;true;false;06-05-2025
YT8759355350731;true;false;06-05-2025
YT8759142352359;true;false;06-05-2025
YT7542708552019;true;false;06-05-2025
777303652350858;true;false;06-05-2025
78502464717213;true;false;06-05-2025
78502234013826;true;false;06-05-2025
78502697720656;true;false;06-05-2025
78903384932206;true;false;06-05-2025
78502505026891;true;false;06-05-2025
YT8759373792478;true;false;06-05-2025
YT8759339598838;true;false;06-05-2025
78502446371276;true;false;06-05-2025
78502446371296;true;false;06-05-2025
73552695491523;true;false;06-05-2025
YT8759390107918;true;false;06-05-2025
JT5373942489071;true;false;06-05-2025
JT5374782315747;true;false;06-05-2025
YT8758045637196;true;false;06-05-2025
JT5373958656019;true;false;06-05-2025
78502638781959;true;false;06-05-2025
JT3118388687906;true;false;06-05-2025
JT5374239754274;true;false;06-05-2025
YT8759234405284;true;false;06-05-2025
78502698634009;true;false;06-05-2025
78502641437416;true;false;06-05-2025
YT8759573189238;true;false;06-05-2025
JT5373897788399;true;false;06-05-2025
777303538898486;true;false;06-05-2025
YT8759270983502;true;false;06-05-2025
YT8759270969292;true;false;06-05-2025
YT8759248200433;true;false;06-05-2025
JT5374185757075;true;false;06-05-2025
JT5374168063945;true;false;06-05-2025
YT8759104898767;true;false;06-05-2025
JT5374144639087;true;false;06-05-2025
JT5374773315381;true;false;06-05-2025
JT5374144658208;true;false;06-05-2025
JT5374384856228;true;false;06-05-2025
JT5374439261857;true;false;06-05-2025
JT5374223106019;true;false;06-05-2025
YT8759395471504;true;false;06-05-2025
JT5374217044096;true;false;06-05-2025
YT8759583053439;true;false;06-05-2025
YT8759317783092;true;false;06-05-2025
JT5373801125377;true;false;06-05-2025
464377164267451;true;false;06-05-2025
JT5374795374819;true;false;06-05-2025
JT5373886473089;true;false;06-05-2025
464373109000302;true;false;06-05-2025
464376597489812;true;false;06-05-2025
464373260822031;true;false;06-05-2025
YT8758421407212;true;false;06-05-2025
464374291236928;true;false;06-05-2025
464374938337269;true;false;06-05-2025
YT8759393227855;true;false;06-05-2025
464376654561459;true;false;06-05-2025
464373225032091;true;false;06-05-2025
464377484261838;true;false;06-05-2025
777303818982291;true;false;06-05-2025
YT8759259312899;true;false;06-05-2025
YT8759114012805;true;false;06-05-2025
464374192096215;true;false;06-05-2025
464376666379376;true;false;06-05-2025
YT8759643399549;true;false;06-05-2025
78502562760720;true;false;06-05-2025
YT8759721566391;true;false;06-05-2025
YT8759327246592;true;false;06-05-2025
464377458092229;true;false;06-05-2025
464376326189225;true;false;06-05-2025
464374208233563;true;false;06-05-2025
464377000988521;true;false;06-05-2025
464370595077609;true;false;06-05-2025
464376768227800;true;false;06-05-2025
YT8759403562822;true;false;06-05-2025
YT8759272664942;true;false;06-05-2025
YT8759628879886;true;false;06-05-2025
YT7543033906892;true;false;06-05-2025
YT8759125918532;true;false;06-05-2025
YT8759701190022;true;false;06-05-2025
YT8759700625305;true;false;06-05-2025
YT8759410286524;true;false;06-05-2025
9806906524659;true;false;06-05-2025
YT8759196078236;true;false;06-05-2025
78502587146624;true;false;06-05-2025
JT5374105784663;true;false;06-05-2025
YT8759573429110;true;false;06-05-2025
JT5373957305097;true;false;06-05-2025
YT8759380930795;true;false;06-05-2025
777303769532501;true;false;06-05-2025
YT8759669477928;true;false;06-05-2025
YT7542708863944;true;false;06-05-2025
YT8759379615083;true;false;06-05-2025
JT5374194893735;true;false;06-05-2025
78502576285424;true;false;06-05-2025
YT8759098610435;true;false;06-05-2025
777303336445375;true;false;06-05-2025
YT8759301168641;true;false;06-05-2025
YT8759374856140;true;false;06-05-2025
78502510985309;true;false;06-05-2025
78502301784104;true;false;06-05-2025
78502712729437;true;false;06-05-2025
78502558110186;true;false;06-05-2025
78502397678339;true;false;06-05-2025
78502731631215;true;false;06-05-2025
9806895082993;true;false;06-05-2025
78502290374145;true;false;06-05-2025
78502717007919;true;false;06-05-2025
777303789595190;true;false;06-05-2025
YT8759403767696;true;false;06-05-2025
78903331751645;true;false;06-05-2025
777303433022972;true;false;06-05-2025
YT8759238401914;true;false;06-05-2025
YT8759653309226;true;false;06-05-2025
78502356384497;true;false;06-05-2025
9806901984685;true;false;06-05-2025
9806894687987;true;false;06-05-2025
78502636735672;true;false;06-05-2025
YT8759244149114;true;false;06-05-2025
9806889465516;true;false;06-05-2025
9806950265140;true;false;06-05-2025
9806955501650;true;false;06-05-2025
777303452412315;true;false;06-05-2025
777303582319081;true;false;06-05-2025
777303497079784;true;false;06-05-2025
464376433496247;true;false;06-05-2025
9806877894280;true;false;06-05-2025
JT5374400021175;true;false;06-05-2025
777303829025915;true;false;06-05-2025
9806895311111;true;false;06-05-2025
JT5373806623105;true;false;06-05-2025
777303588165069;true;false;06-05-2025
777303333831644;true;false;06-05-2025
777303700623559;true;false;06-05-2025
777303911964858;true;false;06-05-2025
777303434382686;true;false;06-05-2025
777303805480476;true;false;06-05-2025
777303410337687;true;false;06-05-2025
777303729900814;true;false;06-05-2025
9806895809608;true;false;06-05-2025
464375808116223;true;false;06-05-2025
777303486196741;true;false;06-05-2025
777303380690969;true;false;06-05-2025
777303479439487;true;false;06-05-2025
77730406496424;true;false;07-05-2025
YT8759613932497;true;false;07-05-2025
8102065173408;true;false;07-05-2025
464373093477742;true;false;07-05-2025
464376044904289;true;false;07-05-2025
777304254306313;true;false;07-05-2025
464375935248907;true;false;07-05-2025
464376606330599;true;false;07-05-2025
777303823233960;true;false;07-05-2025
777303399308204;true;false;07-05-2025
JT5374011326101;true;false;07-05-2025
9806907526258;true;false;07-05-2025
9806957126213;true;false;07-05-2025
9806901613885;true;false;07-05-2025
9806955948039;true;false;07-05-2025
9806947346861;true;false;07-05-2025
78502406284496;true;false;07-05-2025
777303493633392;true;false;07-05-2025
9806898561001;true;false;07-05-2025
9806953592217;true;false;07-05-2025
464372708506723;true;false;07-05-2025
464375932726230;true;false;07-05-2025
78502513699936;true;false;07-05-2025
JT5373796979585;true;false;07-05-2025
464377952535400;true;false;07-05-2025
9806954617091;true;false;07-05-2025
9806960223830;true;false;07-05-2025
434557317224545;true;false;07-05-2025
9806946195256;true;false;07-05-2025
8205044625013;true;false;07-05-2025
9806948362018;true;false;07-05-2025
777303404283923;true;false;07-05-2025
9806946429930;true;false;07-05-2025
9806950703592;true;false;07-05-2025
464374041251411;true;false;07-05-2025
464376236168058;true;false;07-05-2025
464369110959558;true;false;07-05-2025
464373838237795;true;false;07-05-2025
9806959988013;true;false;07-05-2025
464378192025067;true;false;07-05-2025
9806947778774;true;false;07-05-2025
9806957223905;true;false;07-05-2025
JT5374778200407;true;false;07-05-2025
777303567924250;true;false;07-05-2025
777303372635342;true;false;07-05-2025
464372362305027;true;false;07-05-2025
9806948747027;true;false;07-05-2025
464372304427024;true;false;07-05-2025
9806955009102;true;false;07-05-2025
9806962287137;true;false;07-05-2025
777304184116150;true;false;07-05-2025
464374371577745;true;false;07-05-2025
9806945832255;true;false;07-05-2025
9806954667921;true;false;07-05-2025
777303343506959;true;false;07-05-2025
78502507576990;true;false;07-05-2025
773353590551388;true;false;07-05-2025
9806948516356;true;false;07-05-2025
777303394409110;true;false;07-05-2025
78502617507980;true;false;07-05-2025
777303106751603;true;false;07-05-2025
777303534540411;true;false;07-05-2025
464372693860359;true;false;07-05-2025
773353225990542;true;false;07-05-2025
777304205351373;true;false;07-05-2025
78502527262236;true;false;07-05-2025
777303441724804;true;false;07-05-2025
78502869023761;true;false;07-05-2025
9806952799919;true;false;07-05-2025
9806903487991;true;false;07-05-2025
78502591547791;true;false;07-05-2025
777304321886805;true;false;07-05-2025
JT5374795756675;true;false;07-05-2025
JT5374058503832;true;false;07-05-2025
773353376850200;true;false;07-05-2025
JT5374215925086;true;false;07-05-2025
JT5373855599776;true;false;07-05-2025
777304025827824;true;false;07-05-2025
777303341564904;true;false;07-05-2025
777303471405031;true;false;07-05-2025
78502340115955;true;false;07-05-2025
78502721699857;true;false;07-05-2025
777303353252928;true;false;07-05-2025
78502557891875;true;false;07-05-2025
777303386552350;true;false;07-05-2025
JT5374781478896;true;false;07-05-2025
JT5374172495877;true;false;07-05-2025
777303389144703;true;false;07-05-2025
78502380116323;true;false;07-05-2025
JT5373999558230;true;false;07-05-2025
JT5374632078415;true;false;07-05-2025
777303439708784;true;false;07-05-2025
JT5374006828945;true;false;07-05-2025
JT5374060684361;true;false;07-05-2025
78502709844696;true;false;07-05-2025
773353242899143;true;false;07-05-2025
78502819183185;true;false;07-05-2025
78502668474850;true;false;07-05-2025
777303376839145;true;false;07-05-2025
JT3118465983709;true;false;07-05-2025
JT5374760925934;true;false;07-05-2025
JT5373946787340;true;false;07-05-2025
78502746620220;true;false;07-05-2025
777304331565075;true;false;07-05-2025
78502520117708;true;false;07-05-2025
777303507685899;true;false;07-05-2025
JT5373808825983;true;false;07-05-2025
YT8759587154965;true;false;07-05-2025
JT5374048333000;true;false;07-05-2025
JT5374729331542;true;false;07-05-2025
JT5374737479065;true;false;07-05-2025
JT5374594569768;true;false;07-05-2025
YT8759718538138;true;false;07-05-2025
JT5374549196969;true;false;07-05-2025
YT8759638704608;true;false;07-05-2025
YT8759589939720;true;false;07-05-2025
JT5373845373479;true;false;07-05-2025
YT8759565162706;true;false;07-05-2025
78502742608744;true;false;07-05-2025
78502940806446;true;false;07-05-2025
464375736748808;true;false;07-05-2025
JT5373836071957;true;false;07-05-2025
78502608906605;true;false;07-05-2025
78502537141279;true;false;07-05-2025
JT5374050796631;true;false;07-05-2025
JT5373879281463;true;false;07-05-2025
464379065019014;true;false;07-05-2025
YT8759647720462;true;false;07-05-2025
777304154151661;true;false;07-05-2025
464379525226003;true;false;07-05-2025
YT8759680262721;true;false;07-05-2025
78903487434423;true;false;07-05-2025
YT8760297918936;true;false;07-05-2025
9806949280013;true;false;07-05-2025
JT5374584923230;true;false;07-05-2025
YT8758393349790;true;false;07-05-2025
JT5373855287230;true;false;07-05-2025
YT8759193426982;true;false;07-05-2025
JT5373920983795;true;false;07-05-2025
JT5374049287274;true;false;07-05-2025
YT8759218640159;true;false;07-05-2025
YT8759365640219;true;false;07-05-2025
464374312840462;true;false;07-05-2025
YT8759178024389;true;false;07-05-2025
YT8759620755548;true;false;07-05-2025
YT8759665338654;true;false;07-05-2025
YT8759640152464;true;false;07-05-2025
777304052847407;true;false;07-05-2025
777304004733838;true;false;07-05-2025
777304205586103;true;false;07-05-2025
JT5374501634858;true;false;07-05-2025
464378960300375;true;false;07-05-2025
JT5374494016544;true;false;07-05-2025
777304167347162;true;false;07-05-2025
JT5374549669148;true;false;07-05-2025
JT5374596323471;true;false;07-05-2025
773353579293734;true;false;07-05-2025
9806949544827;true;false;07-05-2025
78502688178966;true;false;07-05-2025
78502500486398;true;false;07-05-2025
78502489277087;true;false;07-05-2025
78502702499110;true;false;07-05-2025
78502576503671;true;false;07-05-2025
777303442944642;true;false;07-05-2025
78502449660260;true;false;07-05-2025
78502561104045;true;false;07-05-2025
78502610967993;true;false;07-05-2025
78502879485347;true;false;07-05-2025
YT8759096249529;true;false;07-05-2025
78903473813579;true;false;07-05-2025
JT5374101405208;true;false;07-05-2025
78502509842967;true;false;07-05-2025
JT5374055205217;true;false;07-05-2025
78502716768980;true;false;07-05-2025
YT8759369213369;true;false;07-05-2025
78502849610390;true;false;07-05-2025
YT8759217573911;true;false;07-05-2025
YT8759670962150;true;false;07-05-2025
YT8759158812676;true;false;07-05-2025
YT8759066071097;true;false;07-05-2025
78502955770278;true;false;07-05-2025
78502982177084;true;false;07-05-2025
78903540547266;true;false;07-05-2025
YT8759144217410;true;false;07-05-2025
78502991338988;true;false;07-05-2025
777304086583491;true;false;07-05-2025
777304031961890;true;false;07-05-2025
JT5374550154787;true;false;07-05-2025
78502671787780;true;false;07-05-2025
YT8759683895890;true;false;07-05-2025
464379197115481;true;false;07-05-2025
777304018005653;true;false;07-05-2025
JT5374755228024;true;false;07-05-2025
777303358999103;true;false;07-05-2025
777304067525542;true;false;07-05-2025
777304233140834;true;false;07-05-2025
YT8759614410376;true;false;07-05-2025
YT8759148615159;true;false;07-05-2025
JT5374594547548;true;false;07-05-2025
777303549018070;true;false;07-05-2025
78502885854961;true;false;07-05-2025
YT8759369213114;true;false;07-05-2025
777303576473424;true;false;07-05-2025
464380007699107;true;false;07-05-2025
777304246285401;true;false;07-05-2025
777304158535888;true;false;07-05-2025
777303418481184;true;false;07-05-2025
777304330482791;true;false;07-05-2025
777304149603593;true;false;07-05-2025
JT5374656963803;true;false;07-05-2025
JT5375135126945;true;false;07-05-2025
YT8760241360202;true;false;07-05-2025
YT8760298382314;true;false;07-05-2025
777304255479860;true;false;07-05-2025
YT8760307410089;true;false;07-05-2025
YT8760384275890;true;false;07-05-2025
YT8759637976297;true;false;07-05-2025
777303571237424;true;false;07-05-2025
777304072171888;true;false;07-05-2025
777304013496936;true;false;07-05-2025
YT8759542198216;true;false;07-05-2025
YT7543027875973;true;false;07-05-2025
YT7543207411959;true;false;07-05-2025
YT8759543424844;true;false;07-05-2025
777304129039643;true;false;07-05-2025
JT5375103310519;true;false;07-05-2025
YT8759533359417;true;false;07-05-2025
JT5374479449575;true;false;07-05-2025
777304032612019;true;false;07-05-2025
JT5374217668909;true;false;07-05-2025
JT5374516942496;true;false;07-05-2025
YT8759505110725;true;false;07-05-2025
YT8759586879719;true;false;07-05-2025
YT8759446237655;true;false;07-05-2025
YT8760335848982;true;false;07-05-2025
YT8759661020704;true;false;07-05-2025
YT8760247530733;true;false;07-05-2025
YT8760377000564;true;false;07-05-2025
YT8760367141376;true;false;07-05-2025
78502913501405;true;false;07-05-2025
YT8760354197236;true;false;07-05-2025
YT7543296193361;true;false;07-05-2025
YT8759509891576;true;false;07-05-2025
YT8759138365967;true;false;07-05-2025
YT8760298554506;true;false;07-05-2025
YT2551786290664;true;false;07-05-2025
YT8759415152640;true;false;07-05-2025
78502757402702;true;false;07-05-2025
YT8759422417790;true;false;07-05-2025
YT8760371875117;true;false;07-05-2025
YT8759658301768;true;false;07-05-2025
YT8760234505991;true;false;07-05-2025
YT8760357058198;true;false;07-05-2025
YT8759604530192;true;false;07-05-2025
YT8760315885374;true;false;07-05-2025
78903554874361;true;false;07-05-2025
JT537468681610;true;false;08-05-2025
9806964405846;true;false;08-05-2025
JT5375129566360;true;false;08-05-2025
9806918107842;true;false;08-05-2025
9806961730064;true;false;08-05-2025
9806971633131;true;false;08-05-2025
9806914343615;true;false;08-05-2025
9806972781894;true;false;08-05-2025
9806914651141;true;false;08-05-2025
9806916960122;true;false;08-05-2025
9806951021371;true;false;08-05-2025
9806918928094;true;false;08-05-2025
9806978591153;true;false;08-05-2025
9806973285059;true;false;08-05-2025
9806920087058;true;false;08-05-2025
9806973306855;true;false;08-05-2025
9806964407310;true;false;08-05-2025
9806974836774;true;false;08-05-2025
9878865240810;true;false;08-05-2025
SF3182948962625;true;false;08-05-2025
JT5374587126196;true;false;08-05-2025
9806917848279;true;false;08-05-2025
JT5374615946210;true;false;08-05-2025
9806977367421;true;false;08-05-2025
9806917062250;true;false;08-05-2025
464377773497886;true;false;08-05-2025
JT5374666557222;true;false;08-05-2025
777304311132833;true;false;08-05-2025
777304240125449;true;false;08-05-2025
JT5374746831063;true;false;08-05-2025
JT5374493165880;true;false;08-05-2025
777304024358934;true;false;08-05-2025
JT5374517517216;true;false;08-05-2025
464378656434525;true;false;08-05-2025
777304288840033;true;false;08-05-2025
JT5373857176068;true;false;08-05-2025
777304548439215;true;false;08-05-2025
JT5374740006202;true;false;08-05-2025
JT5374571891429;true;false;08-05-2025
JT3118547358841;true;false;08-05-2025
JT5374744669889;true;false;08-05-2025
JT5374701223693;true;false;08-05-2025
JT5374740714366;true;false;08-05-2025
464382026078286;true;false;08-05-2025
JT5374713640593;true;false;08-05-2025
JT5374491958978;true;false;08-05-2025
JT5374748816719;true;false;08-05-2025
777304337986341;true;false;08-05-2025
JT5374754106178;true;false;08-05-2025
JT5374644142541;true;false;08-05-2025
JT5374562367843;true;false;08-05-2025
464382056898570;true;false;08-05-2025
JT5374485310648;true;false;08-05-2025
JT5373955981604;true;false;08-05-2025
777304164707107;true;false;08-05-2025
777304156069556;true;false;08-05-2025
464370974652572;true;false;08-05-2025
JT5374634904886;true;false;08-05-2025
777304179884992;true;false;08-05-2025
464379765265317;true;false;08-05-2025
464372909475808;true;false;08-05-2025
777304566480243;true;false;08-05-2025
777304186674373;true;false;08-05-2025
JT5374060183540;true;false;08-05-2025
78502846717767;true;false;08-05-2025
777304397744732;true;false;08-05-2025
464378865620297;true;false;08-05-2025
777304066567370;true;false;08-05-2025
777304389895657;true;false;08-05-2025
777304300184510;true;false;08-05-2025
464378397359642;true;false;08-05-2025
464373110707332;true;false;08-05-2025
464378469577719;true;false;08-05-2025
464378788341667;true;false;08-05-2025
777304332054926;true;false;08-05-2025
464379930992835;true;false;08-05-2025
777304070007365;true;false;08-05-2025
464378358014500;true;false;08-05-2025
464379348383452;true;false;08-05-2025
464379532062241;true;false;08-05-2025
777304197070800;true;false;08-05-2025
777304334720415;true;false;08-05-2025
777304207555426;true;false;08-05-2025
464384427563589;true;false;08-05-2025
JT5375053924173;true;false;08-05-2025
464381473376472;true;false;08-05-2025
777304257629699;true;false;08-05-2025
9806978904146;true;false;08-05-2025
YT8759468530886;true;false;08-05-2025
777304668856756;true;false;08-05-2025
777304207913065;true;false;08-05-2025
777304018668447;true;false;08-05-2025
777304150142763;true;false;08-05-2025
777304012858730;true;false;08-05-2025
464377826286914;true;false;08-05-2025
9806942100419;true;false;08-05-2025
777303334010327;true;false;08-05-2025
YT8759536089870;true;false;08-05-2025
464378772201495;true;false;08-05-2025
464381852927938;true;false;08-05-2025
9806912637085;true;false;08-05-2025
9806924266543;true;false;08-05-2025
YT8760310164243;true;false;08-05-2025
777303485646901;true;false;08-05-2025
464378154696756;true;false;08-05-2025
JT5374917771987;true;false;08-05-2025
JT5375029844756;true;false;08-05-2025
464377655854301;true;false;08-05-2025
JT5374592499119;true;false;08-05-2025
JT5374587197755;true;false;08-05-2025
464379867514220;true;false;08-05-2025
YT8759429109443;true;false;08-05-2025
464381310398872;true;false;08-05-2025
YT8760080898957;true;false;08-05-2025
YT8759508848478;true;false;08-05-2025
YT8759427283268;true;false;08-05-2025
YT8759452765025;true;false;08-05-2025
YT8760234890516;true;false;08-05-2025
9806944089470;true;false;08-05-2025
9806944732469;true;false;08-05-2025
JT5374806615617;true;false;08-05-2025
9806945381701;true;false;08-05-2025
JT5375542937782;true;false;08-05-2025
9806922450307;true;false;08-05-2025
JT5375553361739;true;false;08-05-2025
JT5375103311669;true;false;08-05-2025
JT5374870540404;true;false;08-05-2025
464378039262165;true;false;08-05-2025
YT7543281195833;true;false;08-05-2025
464373739476702;true;false;08-05-2025
777304416276328;true;false;08-05-2025
777304026942399;true;false;08-05-2025
78502852439457;true;false;08-05-2025
78502841324072;true;false;08-05-2025
78502822848413;true;false;08-05-2025
78502870163850;true;false;08-05-2025
78502769310221;true;false;08-05-2025
78502746423548;true;false;08-05-2025
78502796981146;true;false;08-05-2025
78503091341971;true;false;08-05-2025
78502919709156;true;false;08-05-2025
78502509006606;true;false;08-05-2025
78502840473284;true;false;08-05-2025
78503178499381;true;false;08-05-2025
78502879413126;true;false;08-05-2025
78503199896224;true;false;08-05-2025
777304654175636;true;false;08-05-2025
78502897281482;true;false;08-05-2025
78502986252489;true;false;08-05-2025
YT7543200607166;true;false;08-05-2025
777304129449289;true;false;08-05-2025
464380287432198;true;false;08-05-2025
464377531224929;true;false;08-05-2025
78503080263121;true;false;08-05-2025
78503108235920;true;false;08-05-2025
777304540821686;true;false;08-05-2025
464379705782969;true;false;08-05-2025
464381959342787;true;false;08-05-2025
464381439822915;true;false;08-05-2025
464381545468646;true;false;08-05-2025
777304591618757;true;false;08-05-2025
777304375401381;true;false;08-05-2025
78503033943333;true;false;08-05-2025
78502806585612;true;false;08-05-2025
777304046364781;true;false;08-05-2025
464380813778982;true;false;08-05-2025
464378856381338;true;false;08-05-2025
777304506821329;true;false;08-05-2025
777304250669358;true;false;08-05-2025
78503193397693;true;false;08-05-2025
464382253329841;true;false;08-05-2025
777304598567848;true;false;08-05-2025
777303732869882;true;false;08-05-2025
78503082084918;true;false;08-05-2025
78503059506454;true;false;08-05-2025
78503044397800;true;false;08-05-2025
78503078535712;true;false;08-05-2025
78502844738061;true;false;08-05-2025
78502938013023;true;false;08-05-2025
JT5374882543773;true;false;08-05-2025
78502764373896;true;false;08-05-2025
JT5374560946915;true;false;08-05-2025
JT5374848850863;true;false;08-05-2025
78503037678786;true;false;08-05-2025
YT8760047860278;true;false;08-05-2025
777304599546551;true;false;08-05-2025
78503126537226;true;false;08-05-2025
777304394569121;true;false;08-05-2025
78502895487944;true;false;08-05-2025
YT8759494347135;true;false;08-05-2025
78502856634755;true;false;08-05-2025
YT8759496849309;true;false;08-05-2025
YT8759637328746;true;false;08-05-2025
YT8760273773827;true;false;08-05-2025
777304644783212;true;false;08-05-2025
777304568759256;true;false;08-05-2025
78903504044830;true;false;08-05-2025
YT8759442179810;true;false;08-05-2025
78502886935915;true;false;08-05-2025
78503152359096;true;false;08-05-2025
78501827519936;true;false;08-05-2025
78502669711498;true;false;08-05-2025
777304259093198;true;false;08-05-2025
YT8759555329971;true;false;08-05-2025
78503191912981;true;false;08-05-2025
78503133743622;true;false;08-05-2025
JT5374096900655;true;false;08-05-2025
777303336372876;true;false;08-05-2025
777304514243048;true;false;08-05-2025
78503202734955;true;false;08-05-2025
777304599199985;true;false;08-05-2025
777304132301910;true;false;08-05-2025
777304225430575;true;false;08-05-2025
777304613941714;true;false;08-05-2025
777304249298154;true;false;08-05-2025
464379934716972;true;false;08-05-2025
777304417612035;true;false;08-05-2025
YT8760030100802;true;false;08-05-2025
YT8760328227499;true;false;08-05-2025
YT8759664586339;true;false;08-05-2025
YT8759463202414;true;false;08-05-2025
YT8760025799358;true;false;08-05-2025
YT8760188980930;true;false;08-05-2025
YT8759472718847;true;false;08-05-2025
78503223479001;true;false;08-05-2025
78503225340996;true;false;08-05-2025
JT5374867025205;true;false;08-05-2025
YT8760019539980;true;false;08-05-2025
YT8760184866689;true;false;08-05-2025
YT8759994050753;true;false;08-05-2025
YT8759953103225;true;false;08-05-2025
YT8760050079678;true;false;08-05-2025
YT8760077054034;true;false;08-05-2025
YT8760129518972;true;false;08-05-2025
YT8759436601257;true;false;08-05-2025
78503113824231;true;false;08-05-2025
78502753037733;true;false;08-05-2025
78503223349813;true;false;08-05-2025
78502916284897;true;false;08-05-2025
78503164451736;true;false;08-05-2025
78503075798137;true;false;08-05-2025
YT8760054046874;true;false;08-05-2025
78503127122408;true;false;08-05-2025
YT8759996799858;true;false;08-05-2025
78503214936215;true;false;08-05-2025
YT8760219960852;true;false;08-05-2025
777304399559303;true;false;08-05-2025
YT8760091327846;true;false;08-05-2025
777304402052338;true;false;08-05-2025
YT8759134934794;true;false;08-05-2025
YT8760356388801;true;false;08-05-2025
YT8760045623974;true;false;08-05-2025
YT8760311694950;true;false;08-05-2025
YT8760305938538;true;false;08-05-2025
464381878453421;true;false;08-05-2025
434560139997287;true;false;08-05-2025
464380655137064;true;false;08-05-2025
464378039081928;true;false;08-05-2025
464382064341665;true;false;08-05-2025
464382116499025;true;false;08-05-2025
464380630379843;true;false;08-05-2025
464380242242738;true;false;08-05-2025
464384256096815;true;false;08-05-2025
464379901208760;true;false;08-05-2025
464384347141093;true;false;08-05-2025
777304421956709;true;false;08-05-2025
78503044216137;true;false;08-05-2025
YT8760028144320;true;false;08-05-2025
773353739668665;true;false;08-05-2025
777304166150930;true;false;08-05-2025
YT8760079714147;true;false;09-05-2025
9806973010583;true;false;09-05-2025
9806932040262;true;false;09-05-2025
9806967795815;true;false;09-05-2025
JT5373942925224;true;false;09-05-2025
9806936542630;true;false;09-05-2025
9806931746939;true;false;09-05-2025
9806945072629;true;false;09-05-2025
9806927960519;true;false;09-05-2025
JT5374576754547;true;false;09-05-2025
464379759273014;true;false;09-05-2025
JT5375073017109;true;false;09-05-2025
9806932087769;true;false;09-05-2025
9806944099115;true;false;09-05-2025
464381836026132;true;false;09-05-2025
JT5374887183950;true;false;09-05-2025
78502785696577;true;false;09-05-2025
JT5375088803414;true;false;09-05-2025
9806908718652;true;false;09-05-2025
YT8760193063433;true;false;09-05-2025
JT5374860619688;true;false;09-05-2025
9806929989108;true;false;09-05-2025
JT5374841131887;true;false;09-05-2025
9806934515409;true;false;09-05-2025
JT5374893005582;true;false;09-05-2025
9806944521169;true;false;09-05-2025
9806921879859;true;false;09-05-2025
9806921921830;true;false;09-05-2025
9806970948261;true;false;09-05-2025
777304208564358;true;false;09-05-2025
78503130476890;true;false;09-05-2025
777304419858647;true;false;09-05-2025
JT5375003656505;true;false;09-05-2025
78503044137216;true;false;09-05-2025
78503023474667;true;false;09-05-2025
78503165620552;true;false;09-05-2025
78502953564314;true;false;09-05-2025
464380787436519;true;false;09-05-2025
9806953198665;true;false;09-05-2025
9806937510218;true;false;09-05-2025
9806925781516;true;false;09-05-2025
9806935767852;true;false;09-05-2025
78503131626666;true;false;09-05-2025
JT5374848178674;true;false;09-05-2025
JT5374969133784;true;false;09-05-2025
9806973981729;true;false;09-05-2025
JT5374980827734;true;false;09-05-2025
777304070111691;true;false;09-05-2025
JT5374959659170;true;false;09-05-2025
9806944128677;true;false;09-05-2025
JT5375715078787;true;false;09-05-2025
464380509819314;true;false;09-05-2025
9806944558453;true;false;09-05-2025
JT5374870523154;true;false;09-05-2025
JT5374987035315;true;false;09-05-2025
JT5374995400366;true;false;09-05-2025
JT5374561885986;true;false;09-05-2025
JT5374668146967;true;false;09-05-2025
777304617899348;true;false;09-05-2025
JT5374820733048;true;false;09-05-2025
JT5375088930682;true;false;09-05-2025
78503084179789;true;false;09-05-2025
JT5374484398252;true;false;09-05-2025
JT5374992545333;true;false;09-05-2025
78503138428739;true;false;09-05-2025
464380516443369;true;false;09-05-2025
78503132850225;true;false;09-05-2025
JT5374854533074;true;false;09-05-2025
78503113503372;true;false;09-05-2025
78503208606190;true;false;09-05-2025
78503067631757;true;false;09-05-2025
78503310417932;true;false;09-05-2025
78503063364425;true;false;09-05-2025
78503006728048;true;false;09-05-2025
78502688159992;true;false;09-05-2025
777304626106786;true;false;09-05-2025
777304532799720;true;false;09-05-2025
78503011263475;true;false;09-05-2025
464380898685699;true;false;09-05-2025
464381543603265;true;false;09-05-2025
78503133217633;true;false;09-05-2025
78503080695772;true;false;09-05-2025
78503211400810;true;false;09-05-2025
78503093052921;true;false;09-05-2025
JT5374920601750;true;false;09-05-2025
777304030430357;true;false;09-05-2025
78502875466655;true;false;09-05-2025
777304556636652;true;false;09-05-2025
777304556325827;true;false;09-05-2025
78503074477955;true;false;09-05-2025
464379897336542;true;false;09-05-2025
78503030169856;true;false;09-05-2025
464380946460076;true;false;09-05-2025
777304456205046;true;false;09-05-2025
464380987152011;true;false;09-05-2025
78503463586577;true;false;09-05-2025
78503203076103;true;false;09-05-2025
YT8759734199630;true;false;09-05-2025
YT8759997258332;true;false;09-05-2025
464381848101181;true;false;09-05-2025
464381709299387;true;false;09-05-2025
JT5374621059032;true;false;09-05-2025
464382156757064;true;false;09-05-2025
777303423566235;true;false;09-05-2025
78503085624354;true;false;09-05-2025
777303352904354;true;false;09-05-2025
777304127941071;true;false;09-05-2025
777304638831316;true;false;09-05-2025
777304652030854;true;false;09-05-2025
78503014522944;true;false;09-05-2025
464381044216475;true;false;09-05-2025
777304512218734;true;false;09-05-2025
773353735359713;true;false;09-05-2025
777304755970353;true;false;09-05-2025
464380940108611;true;false;09-05-2025
777304550425766;true;false;09-05-2025
777304118808964;true;false;09-05-2025
777304714984074;true;false;09-05-2025
78503175300701;true;false;09-05-2025
777304598389265;true;false;09-05-2025
464382072495040;true;false;09-05-2025
777304747603539;true;false;09-05-2025
464380950644994;true;false;09-05-2025
464380528879248;true;false;09-05-2025
464385499775283;true;false;09-05-2025
YT8760055969358;true;false;09-05-2025
777304466535677;true;false;09-05-2025
464382122085291;true;false;09-05-2025
YT8760055032694;true;false;09-05-2025
464385680676798;true;false;09-05-2025
464385568045202;true;false;09-05-2025
777304705602812;true;false;09-05-2025
464381888338363;true;false;09-05-2025
777304031404146;true;false;09-05-2025
777304670195241;true;false;09-05-2025
777303907110140;true;false;09-05-2025
78503189259118;true;false;09-05-2025
464377575780158;true;false;09-05-2025
YT8760138706869;true;false;09-05-2025
777304144158360;true;false;09-05-2025
777304144173796;true;false;09-05-2025
777304148031263;true;false;09-05-2025
464384270880842;true;false;09-05-2025
777304624709668;true;false;09-05-2025
777304198645264;true;false;09-05-2025
YT8760270140172;true;false;09-05-2025
464380300227607;true;false;09-05-2025
777304632427401;true;false;09-05-2025
78503482337848;true;false;09-05-2025
777304637447369;true;false;09-05-2025
464381161728431;true;false;09-05-2025
777304652472826;true;false;09-05-2025
JT5375663703982;true;false;09-05-2025
YT8759639839060;true;false;09-05-2025
YT8760076593576;true;false;09-05-2025
78503124967891;true;false;09-05-2025
YT8760063746008;true;false;09-05-2025
YT8760371955114;true;false;09-05-2025
464380448028702;true;false;09-05-2025
464381832159993;true;false;09-05-2025
YT8760234240023;true;false;09-05-2025
JT5375659521581;true;false;09-05-2025
JT5375704537231;true;false;09-05-2025
78503402451963;true;false;09-05-2025
78502976213221;true;false;09-05-2025
78503346231800;true;false;09-05-2025
YT8760068724632;true;false;09-05-2025
78503023382186;true;false;09-05-2025
73552938226231;true;false;09-05-2025
JT5375755233419;true;false;09-05-2025
JT5375709601967;true;false;09-05-2025
JT5375796281676;true;false;09-05-2025
78503054995319;true;false;09-05-2025
JT5374818220399;true;false;09-05-2025
JT5375735625662;true;false;09-05-2025
777304490706798;true;false;09-05-2025
JT5375765244515;true;false;09-05-2025
JT5374993110108;true;false;09-05-2025
JT5375117696530;true;false;09-05-2025
JT5375768821084;true;false;09-05-2025
78503182701715;true;false;09-05-2025
777304423428799;true;false;09-05-2025
JT5375612416814;true;false;09-05-2025
JT5375771051417;true;false;09-05-2025
JT5374835125946;true;false;09-05-2025
777304526937023;true;false;09-05-2025
78503058283740;true;false;09-05-2025
777304424335947;true;false;09-05-2025
78503466927260;true;false;09-05-2025
777304667847295;true;false;09-05-2025
777304778716177;true;false;09-05-2025
JT5374832782042;true;false;09-05-2025
JT3118640972105;true;false;09-05-2025
777304828883649;true;false;09-05-2025
YT8760020163695;true;false;09-05-2025
YT8759914875613;true;false;09-05-2025
78503248808677;true;false;09-05-2025
YT8759944473278;true;false;09-05-2025
464380278805924;true;false;09-05-2025
YT8760236854354;true;false;09-05-2025
777304623764757;true;false;09-05-2025
777304400795055;true;false;09-05-2025
777304434885185;true;false;09-05-2025
777304771293159;true;false;09-05-2025
9806934952002;true;false;09-05-2025
464385557188870;true;false;09-05-2025
777304704657377;true;false;09-05-2025
78503158059486;true;false;09-05-2025
464384900887366;true;false;09-05-2025
464381848079163;true;false;09-05-2025
464377631686336;true;false;09-05-2025
464383570437579;true;false;09-05-2025
464384150465018;true;false;09-05-2025
464384402581843;true;false;09-05-2025
464382981533476;true;false;09-05-2025
YT8759807222034;true;false;09-05-2025
464382297298345;true;false;09-05-2025
464385013791647;true;false;09-05-2025
464385013965846;true;false;09-05-2025
78503012387616;true;false;09-05-2025
464382913737083;true;false;09-05-2025
464382436059903;true;false;09-05-2025
464380427094293;true;false;09-05-2025
434562798123728;true;false;09-05-2025
78503283023024;true;false;09-05-2025
78502978824039;true;false;09-05-2025
78503221068301;true;false;09-05-2025
JT5375068886466;true;false;09-05-2025
78503075038423;true;false;09-05-2025
78503274918086;true;false;09-05-2025
YT8760165210311;true;false;09-05-2025
YT8759795719750;true;false;09-05-2025
YT8760162048399;true;false;09-05-2025
YT8759915218626;true;false;09-05-2025
9806928593279;true;false;09-05-2025
9806942522437;true;false;09-05-2025
464385180835611;true;false;09-05-2025
464384619535006;true;false;09-05-2025
464385117459390;true;false;09-05-2025
9806983570212;true;false;09-05-2025
YT8760052581937;true;false;09-05-2025
464384957779073;true;false;09-05-2025
464378214486362;true;false;09-05-2025
464382353223558;true;false;09-05-2025
464382315093769;true;false;09-05-2025
777304792362072;true;false;09-05-2025
777304342217865;true;false;09-05-2025
777304761019797;true;false;09-05-2025
777304760037150;true;false;09-05-2025
777304123681024;true;false;09-05-2025
777304351291965;true;false;09-05-2025
YT7543706273746;true;false;09-05-2025
78503009653372;true;false;09-05-2025
78503416458890;true;false;09-05-2025
78503482347691;true;false;09-05-2025
YT8760053733957;true;false;09-05-2025
YT8760094479957;true;false;09-05-2025
464381629186925;true;false;09-05-2025
YT8760093189109;true;false;09-05-2025
YT8760071123585;true;false;09-05-2025
T8759146619627;true;false;09-05-2025
78503482887075;true;false;09-05-2025
78503239038431;true;false;09-05-2025
78503130217608;true;false;09-05-2025
78503404224182;true;false;09-05-2025
78503382645172;true;false;09-05-2025
78503247174252;true;false;09-05-2025
777304390449686;true;false;09-05-2025
78503300767620;true;false;09-05-2025
YT8759744911745;true;false;09-05-2025
464385166323425;true;false;09-05-2025
777304609799118;true;false;09-05-2025
464380453757626;true;false;09-05-2025
78503055541373;true;false;09-05-2025
78503054995406;true;false;09-05-2025
773353952464263;true;false;09-05-2025
78503497354737;true;false;09-05-2025
777304610126171;true;false;09-05-2025
YT8759749300775;true;false;09-05-2025
464381942352019;true;false;09-05-2025
9806993999049;true;false;09-05-2025
78503013411866;true;false;09-05-2025
YT8759850372832;true;false;09-05-2025
YT8759916502319;true;false;09-05-2025
78503405543056;true;false;09-05-2025
777304763009643;true;false;09-05-2025
78503169303430;true;false;09-05-2025
78502950624630;true;false;09-05-2025
777304092019105;true;false;09-05-2025
777304740973999;true;false;09-05-2025
YT8759851445139;true;false;09-05-2025
777304755568854;true;false;09-05-2025
777304780712595;true;false;09-05-2025
777304112043683;true;false;09-05-2025
YT8760159902187;true;false;09-05-2025
YT8759879036423;true;false;09-05-2025
78503161601327;true;false;09-05-2025
YT8759904855957;true;false;09-05-2025
YT8760134359690;true;false;09-05-2025
78503339708509;true;false;09-05-2025
777304697072365;true;false;09-05-2025
YT8760199586662;true;false;09-05-2025
YT8760989929990;true;false;09-05-2025
78503467183998;true;false;09-05-2025
YT8759741938811;true;false;09-05-2025
YT8759840213798;true;false;09-05-2025
JT5374907671328;true;false;09-05-2025
YT8760203936346;true;false;09-05-2025
YT8760093240185;true;false;09-05-2025
YT8760105829287;true;false;09-05-2025
YT8760179300493;true;false;09-05-2025
YT8759742590836;true;false;09-05-2025
YT8760989082156;true;false;09-05-2025
YT8759926810422;true;false;09-05-2025
777304151706944;true;false;09-05-2025
78503452723848;true;false;09-05-2025
YT8759152669658;true;false;09-05-2025
78503279928733;true;false;09-05-2025
YT8759800344832;true;false;09-05-2025
YT8759746510131;true;false;09-05-2025
YT8760262436371;true;false;09-05-2025
YT8759916670254;true;false;09-05-2025
YT8760822677011;true;false;10-05-2025
JT5375672955375;true;false;10-05-2025
JT5375593595444;true;false;10-05-2025
464384986637678;true;false;10-05-2025
9806936800663;true;false;10-05-2025
9807001235758;true;false;10-05-2025
777304428245452;true;false;10-05-2025
9806990244774;true;false;10-05-2025
9806940588504;true;false;10-05-2025
78503256980685;true;false;10-05-2025
777304806386180;true;false;10-05-2025
YT8759861118162;true;false;10-05-2025
SF3168146935052;true;false;10-05-2025
78503361353893;true;false;10-05-2025
777304495263660;true;false;10-05-2025
9807000480095;true;false;10-05-2025
464381913947356;true;false;10-05-2025
78904203467380;true;false;10-05-2025
9806995474478;true;false;10-05-2025
9806934217452;true;false;10-05-2025
9806989707491;true;false;10-05-2025
9806993020033;true;false;10-05-2025
9807001531304;true;false;10-05-2025
9806935451802;true;false;10-05-2025
9806990103096;true;false;10-05-2025
9806989668780;true;false;10-05-2025
9806941282538;true;false;10-05-2025
9806992547540;true;false;10-05-2025
9806988888817;true;false;10-05-2025
9806981901548;true;false;10-05-2025
9806985535709;true;false;10-05-2025
9806985584588;true;false;10-05-2025
JT5375343747887;true;false;10-05-2025
9806941801136;true;false;10-05-2025
9806984621039;true;false;10-05-2025
9806992272124;true;false;10-05-2025
9806940667731;true;false;10-05-2025
777304980516894;true;false;10-05-2025
777304483305414;true;false;10-05-2025
9806985649222;true;false;10-05-2025
9807002828349;true;false;10-05-2025
464387638421694;true;false;10-05-2025
773353872957351;true;false;10-05-2025
777304687842380;true;false;10-05-2025
777305151124413;true;false;10-05-2025
9806984620988;true;false;10-05-2025
78503358594699;true;false;10-05-2025
464383246923751;true;false;10-05-2025
464382857203779;true;false;10-05-2025
464384894752880;true;false;10-05-2025
464385043344557;true;false;10-05-2025
777304445072735;true;false;10-05-2025
777304439264878;true;false;10-05-2025
777304466669489;true;false;10-05-2025
464382943226128;true;false;10-05-2025
777304486507710;true;false;10-05-2025
777304441380842;true;false;10-05-2025
78503314346715;true;false;10-05-2025
777304486650380;true;false;10-05-2025
777304381132144;true;false;10-05-2025
777304706554757;true;false;10-05-2025
777304834994145;true;false;10-05-2025
777304771648723;true;false;10-05-2025
777304115055588;true;false;10-05-2025
464380383918241;true;false;10-05-2025
464382409707719;true;false;10-05-2025
464385665924246;true;false;10-05-2025
78503696688461;true;false;10-05-2025
464388454038552;true;false;10-05-2025
464388277762943;true;false;10-05-2025
464384713010350;true;false;10-05-2025
777304437946002;true;false;10-05-2025
777304752226245;true;false;10-05-2025
78503275295611;true;false;10-05-2025
464385245619706;true;false;10-05-2025
464383022509464;true;false;10-05-2025
78503347288296;true;false;10-05-2025
78503394076375;true;false;10-05-2025
78503356762463;true;false;10-05-2025
78503029735289;true;false;10-05-2025
78503390942348;true;false;10-05-2025
78503538116293;true;false;10-05-2025
464388965846283;true;false;10-05-2025
JT5375599411093;true;false;10-05-2025
78503361951768;true;false;10-05-2025
JT5374949760130;true;false;10-05-2025
JT5375636945737;true;false;10-05-2025
JT5375605068492;true;false;10-05-2025
JT5374883765123;true;false;10-05-2025
JT5374980171772;true;false;10-05-2025
JT5375714835756;true;false;10-05-2025
JT5375599124663;true;false;10-05-2025
JT5375046610015;true;false;10-05-2025
JT5375713508483;true;false;10-05-2025
JT5375692598072;true;false;10-05-2025
JT5374476108193;true;false;10-05-2025
JT5375644476911;true;false;10-05-2025
DPK364744492309;true;false;10-05-2025
JT5375617220204;true;false;10-05-2025
YT8759727996578;true;false;10-05-2025
464382799731976;true;false;10-05-2025
JT3118840413023;true;false;10-05-2025
464383030345728;true;false;10-05-2025
78503406784422;true;false;10-05-2025
78503258077569;true;false;10-05-2025
78503386065192;true;false;10-05-2025
78503457123366;true;false;10-05-2025
464388774922335;true;false;10-05-2025
464387919991911;true;false;10-05-2025
464382651183102;true;false;10-05-2025
JT5375541171294;true;false;10-05-2025
JT5375616797082;true;false;10-05-2025
78503444794617;true;false;10-05-2025
434562491710617;true;false;10-05-2025
464380300135613;true;false;10-05-2025
YT8759788977792;true;false;10-05-2025
78503438547112;true;false;10-05-2025
YT8759769715672;true;false;10-05-2025
JT5375497985798;true;false;10-05-2025
YT8760357706655;true;false;10-05-2025
JT5375483788065;true;false;10-05-2025
YT7543705399241;true;false;10-05-2025
78503332508347;true;false;10-05-2025
464384476759837;true;false;10-05-2025
YT8759811258609;true;false;10-05-2025
464388496219513;true;false;10-05-2025
JT5375216671406;true;false;10-05-2025
JT5374819118301;true;false;10-05-2025
JT5375644407529;true;false;10-05-2025
434564635511010;true;false;10-05-2025
YT8759897014405;true;false;10-05-2025
YT8759835381921;true;false;10-05-2025
78503161217090;true;false;10-05-2025
YT8759779905443;true;false;10-05-2025
YT8759853506869;true;false;10-05-2025
9806979636713;true;false;10-05-2025
YT8759745466417;true;false;10-05-2025
YT8759813132255;true;false;10-05-2025
78503380791246;true;false;10-05-2025
YT8759919952643;true;false;10-05-2025
YT8759830036396;true;false;10-05-2025
464385827045484;true;false;10-05-2025
YT8760999033575;true;false;10-05-2025
464387493647231;true;false;10-05-2025
SF3172806591794;true;false;10-05-2025
JDAP01799875308;true;false;10-05-2025
464388702503834;true;false;10-05-2025
JT5375512694411;true;false;10-05-2025
YT8760739065877;true;false;10-05-2025
78503403538438;true;false;10-05-2025
YT8759920613906;true;false;10-05-2025
YT8760074018507;true;false;10-05-2025
78503598836065;true;false;10-05-2025
78503635370829;true;false;10-05-2025
YT8760988054732;true;false;10-05-2025
777304965912675;true;false;10-05-2025
773354151551299;true;false;10-05-2025
777304875668363;true;false;10-05-2025
YT8760777153123;true;false;10-05-2025
YT8760944453881;true;false;10-05-2025
777304828551373;true;false;10-05-2025
777305079446302;true;false;10-05-2025
777304969283846;true;false;10-05-2025
777305013372905;true;false;10-05-2025
777305075086872;true;false;10-05-2025
777305046362087;true;false;10-05-2025
777304793281305;true;false;10-05-2025
777304928026391;true;false;10-05-2025
777305007965670;true;false;10-05-2025
YT8760885056691;true;false;10-05-2025
777305010422972;true;false;10-05-2025
777305003781345;true;false;10-05-2025
YT8759880408611;true;false;10-05-2025
YT8760864446974;true;false;10-05-2025
YT8759943005034;true;false;10-05-2025
YT8760961589738;true;false;10-05-2025
YT8760790762757;true;false;10-05-2025
YT8760877458214;true;false;10-05-2025
464387505646559;true;false;10-05-2025
JT5375378143081;true;false;10-05-2025
777305138533110;true;false;10-05-2025
YT8760753901070;true;false;10-05-2025
777305174268900;true;false;10-05-2025
777305142432125;true;false;10-05-2025
777305070513715;true;false;10-05-2025
JT5375147787749;true;false;10-05-2025
78503684997796;true;false;10-05-2025
464384177908029;true;false;10-05-2025
464387628184302;true;false;10-05-2025
YT8759928764879;true;false;10-05-2025
78503551584822;true;false;10-05-2025
78503738919643;true;false;10-05-2025
464383332045376;true;false;10-05-2025
78503753571512;true;false;10-05-2025
464388804272658;true;false;10-05-2025
464388374635471;true;false;10-05-2025
464382776738689;true;false;10-05-2025
464388235958683;true;false;10-05-2025
464388413452563;true;false;10-05-2025
464387505846216;true;false;10-05-2025
464387623207096;true;false;10-05-2025
464385343818885;true;false;10-05-2025
777304598789550;true;false;10-05-2025
78503539271637;true;false;10-05-2025
464388062798164;true;false;10-05-2025
JT5375349745927;true;false;10-05-2025
JT5375232078510;true;false;10-05-2025
JT5375263079815;true;false;10-05-2025
777304704521608;true;false;10-05-2025
78503662943699;true;false;10-05-2025
JT5375264002491;true;false;10-05-2025
YT8760944015252;true;false;10-05-2025
JT5375516457347;true;false;10-05-2025
777305156091310;true;false;10-05-2025
JT5375635813810;true;false;10-05-2025
777305063844848;true;false;10-05-2025
777305144777055;true;false;10-05-2025
777305046926065;true;false;10-05-2025
YT8759864279068;true;false;10-05-2025
YT8760262402226;true;false;10-05-2025
YT8760851165662;true;false;10-05-2025
YT8760759122017;true;false;10-05-2025
YT8760795825583;true;false;10-05-2025
YT8760749680716;true;false;10-05-2025
9806993001029;true;false;10-05-2025
YT8760850370852;true;false;10-05-2025
464383675127226;true;false;10-05-2025
78503733176842;true;false;10-05-2025
YT8760196019165;true;false;10-05-2025
78503590102401;true;false;10-05-2025
78503754671552;true;false;10-05-2025
YT7543647298233;true;false;10-05-2025
YT8759959299522;true;false;10-05-2025
JT5375275102044;true;false;10-05-2025
464383358518064;true;false;10-05-2025
JT5375268424786;true;false;10-05-2025
464383242912292;true;false;10-05-2025
464385072643141;true;false;10-05-2025
YT8761025892203;true;false;10-05-2025
9807020157138;true;false;10-05-2025
9807004883139;true;false;10-05-2025
JT5375488706937;true;false;10-05-2025
YT8759727762706;true;false;10-05-2025
JT5375772064813;true;false;10-05-2025
464387505575635;true;false;10-05-2025
78503309724596;true;false;10-05-2025
8202136267113;true;false;10-05-2025
78503304776088;true;false;10-05-2025
78503657665624;true;false;10-05-2025
78503628765830;true;false;10-05-2025
78503676445794;true;false;10-05-2025
9806920718999;true;false;10-05-2025
464387408545488;true;false;10-05-2025
9806981444129;true;false;10-05-2025
9806980911014;true;false;10-05-2025
9806984892493;true;false;10-05-2025
78503699894406;true;false;10-05-2025
78904543598610;true;false;10-05-2025
777305091150633;true;false;10-05-2025
78503694391177;true;false;10-05-2025
78503500276935;true;false;10-05-2025
78503716964686;true;false;10-05-2025
78503519925582;true;false;10-05-2025
78503557826391;true;false;10-05-2025
YT8760939006476;true;false;11-05-2025
YT8760939040889;true;false;11-05-2025
YT8760939025875;true;false;11-05-2025
YT8760939035621;true;false;11-05-2025
YT8760929201216;true;false;11-05-2025
YT8760929171267;true;false;11-05-2025
YT8760929202178;true;false;11-05-2025
464386480766830;true;false;11-05-2025
9807001689576;true;false;11-05-2025
9806940937968;true;false;11-05-2025
9807007171184;true;false;11-05-2025
9806942725611;true;false;11-05-2025
464387505543276;true;false;11-05-2025
9806944740160;true;false;11-05-2025
9806997285683;true;false;11-05-2025
9807015026082;true;false;11-05-2025
9807027085621;true;false;11-05-2025
9807042388708;true;false;11-05-2025
9806996803423;true;false;11-05-2025
9806981459522;true;false;11-05-2025
464383892486621;true;false;11-05-2025
9806998661511;true;false;11-05-2025
777304992217973;true;false;11-05-2025
464384630182734;true;false;11-05-2025
78503660861377;true;false;11-05-2025
9807006300333;true;false;11-05-2025
9807014428797;true;false;11-05-2025
9807014296077;true;false;11-05-2025
464386113192622;true;false;11-05-2025
464388225120627;true;false;11-05-2025
464390651600206;true;false;11-05-2025
464387110280301;true;false;11-05-2025
464387632293178;true;false;11-05-2025
9806999393206;true;false;11-05-2025
464387525982744;true;false;11-05-2025
777304974723952;true;false;11-05-2025
464386100083093;true;false;11-05-2025
9806921139646;true;false;11-05-2025
464386839022213;true;false;11-05-2025
464386100114610;true;false;11-05-2025
464383249795692;true;false;11-05-2025
9806989046321;true;false;11-05-2025
464388618146146;true;false;11-05-2025
777304865897461;true;false;11-05-2025
JDAP01796776625;true;false;11-05-2025
464387452841967;true;false;11-05-2025
464387601492280;true;false;11-05-2025
777304865629148;true;false;11-05-2025
464389431550046;true;false;11-05-2025
777304919726559;true;false;11-05-2025
9807008041903;true;false;11-05-2025
464383721556143;true;false;11-05-2025
777305614698726;true;false;11-05-2025
777304975996486;true;false;11-05-2025
78503533394788;true;false;11-05-2025
777305155651742;true;false;11-05-2025
777304865629331;true;false;11-05-2025
777304770070974;true;false;11-05-2025
464380239361625;true;false;11-05-2025
464383849325681;true;false;11-05-2025
777304781415949;true;false;11-05-2025
777305170857132;true;false;11-05-2025
777304868209508;true;false;11-05-2025
777304910547750;true;false;11-05-2025
777304984481538;true;false;11-05-2025
JT5375468533541;true;false;11-05-2025
777305127084021;true;false;11-05-2025
777304997105885;true;false;11-05-2025
777305053323741;true;false;11-05-2025
777304997083701;true;false;11-05-2025
777305049384997;true;false;11-05-2025
777305040460811;true;false;11-05-2025
777305001635192;true;false;11-05-2025
78503500956779;true;false;11-05-2025
78503601226263;true;false;11-05-2025
YT8760959918780;true;false;11-05-2025
78503560430495;true;false;11-05-2025
777304997052836;true;false;11-05-2025
JT5375847757444;true;false;11-05-2025
JT5375266896366;true;false;11-05-2025
78503642356517;true;false;11-05-2025
JT5375487033539;true;false;11-05-2025
777304832580370;true;false;11-05-2025
JT5374960888191;true;false;11-05-2025
777304821911319;true;false;11-05-2025
78503602836907;true;false;11-05-2025
777304997089151;true;false;11-05-2025
78502970844182;true;false;11-05-2025
777304997073924;true;false;11-05-2025
78503541442862;true;false;11-05-2025
78503734004570;true;false;11-05-2025
78503576964611;true;false;11-05-2025
78503842618471;true;false;11-05-2025
78503835106136;true;false;11-05-2025
JT5375238523286;true;false;11-05-2025
777305628845976;true;false;11-05-2025
78904535444485;true;false;11-05-2025
JT5375636097577;true;false;11-05-2025
JT5375271339794;true;false;11-05-2025
JT5375806752457;true;false;11-05-2025
JT5375339219486;true;false;11-05-2025
78503768746818;true;false;11-05-2025
464387077898316;true;false;11-05-2025
9807009545472;true;false;11-05-2025
78503862385306;true;false;11-05-2025
464389886784081;true;false;11-05-2025
464386033203448;true;false;11-05-2025
JT5375857337038;true;false;11-05-2025
JT5375251483810;true;false;11-05-2025
9807031786025;true;false;11-05-2025
464386451798130;true;false;11-05-2025
JT5376085573049;true;false;11-05-2025
JT5375411560931;true;false;11-05-2025
464388025108142;true;false;11-05-2025
9807036891841;true;false;11-05-2025
464387213934450;true;false;11-05-2025
JT5376108606768;true;false;11-05-2025
JT5375324697715;true;false;11-05-2025
JT5375956735145;true;false;11-05-2025
JT5375292709037;true;false;11-05-2025
JT5375164081220;true;false;11-05-2025
JT5376083608993;true;false;11-05-2025
JT5375558298211;true;false;11-05-2025
JT5375932888984;true;false;11-05-2025
JT5375204166159;true;false;11-05-2025
JT5375254202878;true;false;11-05-2025
9807030497309;true;false;11-05-2025
9807030497350;true;false;11-05-2025
464388399256811;true;false;11-05-2025
464388745858971;true;false;11-05-2025
464388781005612;true;false;11-05-2025
9806997146916;true;false;11-05-2025
9807011627201;true;false;11-05-2025
JT5375255128206;true;false;11-05-2025
YT8760959432723;true;false;11-05-2025
YT8760969674722;true;false;11-05-2025
78503907179106;true;false;11-05-2025
JT5375457991612;true;false;11-05-2025
73553322789171;true;false;11-05-2025
78503088053232;true;false;11-05-2025
78503689911484;true;false;11-05-2025
464389749481546;true;false;11-05-2025
78503620526625;true;false;11-05-2025
78503648138200;true;false;11-05-2025
464388994383217;true;false;11-05-2025
777305344022933;true;false;11-05-2025
JT5375503294413;true;false;11-05-2025
464388641897757;true;false;11-05-2025
9807044036591;true;false;11-05-2025
464386141078527;true;false;11-05-2025
464389449844083;true;false;11-05-2025
464386710185427;true;false;11-05-2025
464389480630972;true;false;11-05-2025
JT5376089960235;true;false;11-05-2025
JT5375319155186;true;false;11-05-2025
9807043815697;true;false;11-05-2025
9807037565824;true;false;11-05-2025
78503914337686;true;false;11-05-2025
464386348728950;true;false;11-05-2025
464389174311219;true;false;11-05-2025
464387035572622;true;false;11-05-2025
464389697477961;true;false;11-05-2025
JT5375817521127;true;false;11-05-2025
464389840943353;true;false;11-05-2025
464390650515632;true;false;11-05-2025
JT5375947978066;true;false;11-05-2025
777305014072702;true;false;11-05-2025
464389774585927;true;false;11-05-2025
JT5375860017290;true;false;11-05-2025
78503737935292;true;false;11-05-2025
777305258890494;true;false;11-05-2025
777305183185302;true;false;11-05-2025
JT5376114597135;true;false;11-05-2025
777305303065799;true;false;11-05-2025
JT5375328764821;true;false;11-05-2025
777305198953866;true;false;11-05-2025
777305275409743;true;false;11-05-2025
JT5375467148130;true;false;11-05-2025
JT5375356287987;true;false;11-05-2025
YT8760743211127;true;false;11-05-2025
464386977807095;true;false;11-05-2025
777304938499362;true;false;11-05-2025
YT8760818256637;true;false;11-05-2025
777304852453160;true;false;11-05-2025
777305185656406;true;false;11-05-2025
YT8760691806608;true;false;11-05-2025
464377390184977;true;false;11-05-2025
777305258819505;true;false;11-05-2025
777305165362628;true;false;11-05-2025
777305031385512;true;false;11-05-2025
777305097512414;true;false;11-05-2025
777305605798593;true;false;11-05-2025
777305165346799;true;false;11-05-2025
777304880410721;true;false;11-05-2025
777304936856646;true;false;11-05-2025
JT5374979746335;true;false;11-05-2025
JT5375513665837;true;false;11-05-2025
JT5375176438097;true;false;11-05-2025
JT5375365424962;true;false;11-05-2025
777305635344925;true;false;11-05-2025
JT5375357068456;true;false;11-05-2025
78503494682734;true;false;11-05-2025
78503402520960;true;false;11-05-2025
JT5375253766517;true;false;11-05-2025
JT5375732282451;true;false;11-05-2025
777305097533915;true;false;11-05-2025
JT5375536390273;true;false;11-05-2025
777305256464599;true;false;11-05-2025
YT8760869929885;true;false;11-05-2025
YT8760826321035;true;false;11-05-2025
YT8760564408117;true;false;11-05-2025
777305223641346;true;false;11-05-2025
777305242951546;true;false;11-05-2025
777305270656856;true;false;11-05-2025
777305644773970;true;false;11-05-2025
78503892129770;true;false;11-05-2025
YT8760700826731;true;false;11-05-2025
YT8760602144715;true;false;11-05-2025
YT8759846312901;true;false;11-05-2025
YT8760504158854;true;false;11-05-2025
YT8760634748796;true;false;11-05-2025
YT8760605323414;true;false;11-05-2025
YT8760536658067;true;false;11-05-2025
YT8760692270808;true;false;11-05-2025
YT8760618477177;true;false;11-05-2025
YT8759795807198;true;false;11-05-2025
YT8760740280209;true;false;11-05-2025
YT8760769366368;true;false;11-05-2025
YT8760821666043;true;false;11-05-2025
YT8760876952300;true;false;11-05-2025
YT8760567432867;true;false;11-05-2025
JT5375319092372;true;false;11-05-2025
JT5375160235855;true;false;11-05-2025
777305024769141;true;false;11-05-2025
JT5375518021772;true;false;11-05-2025
78503556597655;true;false;11-05-2025
JT5375160267886;true;false;11-05-2025
JT5375268706208;true;false;11-05-2025
YT8760528313570;true;false;11-05-2025
JT5375365996784;true;false;11-05-2025
YT8760725146829;true;false;11-05-2025
JT5375358464320;true;false;11-05-2025
YT7544115504784;true;false;11-05-2025
YT8760502449918;true;false;11-05-2025
YT8760623144134;true;false;11-05-2025
YT8760519437052;true;false;11-05-2025
YT8760894599750;true;false;11-05-2025
YT8760490947294;true;false;11-05-2025
JT5375174909463;true;false;11-05-2025
YT8760523493286;true;false;11-05-2025
YT8760601427048;true;false;11-05-2025
YT8760620275387;true;false;11-05-2025
YT8760549057497;true;false;11-05-2025
YT8760568655195;true;false;11-05-2025
YT8759953795084;true;false;11-05-2025
YT8760798264493;true;false;11-05-2025
9807043481378;true;false;11-05-2025
777305210733302;true;false;11-05-2025
JT3118988554331;true;false;11-05-2025
YT8760830224133;true;false;11-05-2025
JT5375905461632;true;false;11-05-2025
777305615462641;true;false;11-05-2025
777304852633667;true;false;11-05-2025
JT5376125664210;true;false;12-05-2025
78504018967156;true;false;12-05-2025
78504019115812;true;false;12-05-2025
78504019115606;true;false;12-05-2025
78504019141996;true;false;12-05-2025
78904773837503;true;false;12-05-2025
78904774310546;true;false;12-05-2025
78504051805024;true;false;12-05-2025
777305646909535;true;false;12-05-2025
777305583728067;true;false;12-05-2025
777305409165482;true;false;12-05-2025
777305379770869;true;false;12-05-2025
777305485721240;true;false;12-05-2025
777305592890735;true;false;12-05-2025
777305485342876;true;false;12-05-2025
777305459275563;true;false;12-05-2025
777305650869367;true;false;12-05-2025
777305456097798;true;false;12-05-2025
78504145864913;true;false;12-05-2025
777305353482063;true;false;12-05-2025
9807045767851;true;false;12-05-2025
777305371585747;true;false;12-05-2025
9807028718003;true;false;12-05-2025
777305236914159;true;false;12-05-2025
9807067357500;true;false;12-05-2025
777305123056381;true;false;12-05-2025
9807033223718;true;false;12-05-2025
464389877928265;true;false;12-05-2025
9878899280084;true;false;12-05-2025
9807032707013;true;false;12-05-2025
YT8760530844842;true;false;12-05-2025
9807036749038;true;false;12-05-2025
777305614363755;true;false;12-05-2025
9807025017277;true;false;12-05-2025
464386144395372;true;false;12-05-2025
9807067509294;true;false;12-05-2025
9807033872384;true;false;12-05-2025
777305049937068;true;false;12-05-2025
9807029418619;true;false;12-05-2025
777304626260645;true;false;12-05-2025
9807038369486;true;false;12-05-2025
9807037646648;true;false;12-05-2025
9807035964361;true;false;12-05-2025
9807043635021;true;false;12-05-2025
9807029004675;true;false;12-05-2025
9807032574450;true;false;12-05-2025
777305632698722;true;false;12-05-2025
JT5375918401152;true;false;12-05-2025
9807036500088;true;false;12-05-2025
9807022724259;true;false;12-05-2025
9807045533934;true;false;12-05-2025
9807042934995;true;false;12-05-2025
9807028388967;true;false;12-05-2025
777305225108220;true;false;12-05-2025
JT5375933614629;true;false;12-05-2025
777305479556109;true;false;12-05-2025
78503816099178;true;false;12-05-2025
78503786980110;true;false;12-05-2025
777305600985975;true;false;12-05-2025
9807027973761;true;false;12-05-2025
9806999947118;true;false;12-05-2025
777305602719789;true;false;12-05-2025
777305540987002;true;false;12-05-2025
777304439816065;true;false;12-05-2025
777305199296154;true;false;12-05-2025
777305191099130;true;false;12-05-2025
777305275722348;true;false;12-05-2025
9807042964915;true;false;12-05-2025
777305382015859;true;false;12-05-2025
777305121337152;true;false;12-05-2025
777305098057237;true;false;12-05-2025
777305367103470;true;false;12-05-2025
777305482496215;true;false;12-05-2025
464387267337298;true;false;12-05-2025
777305521978299;true;false;12-05-2025
777305116123966;true;false;12-05-2025
777305129745356;true;false;12-05-2025
777305529480612;true;false;12-05-2025
464389878667347;true;false;12-05-2025
777305633391395;true;false;12-05-2025
78503864511226;true;false;12-05-2025
777305254324360;true;false;12-05-2025
78503866125469;true;false;12-05-2025
777305241437705;true;false;12-05-2025
777305336331241;true;false;12-05-2025
JT5375424690815;true;false;12-05-2025
JT5375865433059;true;false;12-05-2025
777305164254795;true;false;12-05-2025
777305275923519;true;false;12-05-2025
777305097660210;true;false;12-05-2025
JT5376062741437;true;false;12-05-2025
78503791753544;true;false;12-05-2025
JT5375444987692;true;false;12-05-2025
78504011412971;true;false;12-05-2025
78503827091298;true;false;12-05-2025
78503797562235;true;false;12-05-2025
JT5376104249461;true;false;12-05-2025
JT5375344838681;true;false;12-05-2025
78503807629952;true;false;12-05-2025
464386819852274;true;false;12-05-2025
78504183195255;true;false;12-05-2025
464387215819494;true;false;12-05-2025
464389604393920;true;false;12-05-2025
JT5375927379903;true;false;12-05-2025
464389654526335;true;false;12-05-2025
464383262536541;true;false;12-05-2025
464387315720810;true;false;12-05-2025
JT5375869690201;true;false;12-05-2025
78503713592762;true;false;12-05-2025
JT5375935788678;true;false;12-05-2025
JT5375963977294;true;false;12-05-2025
JT5375834584345;true;false;12-05-2025
777305464355751;true;false;12-05-2025
777305233590509;true;false;12-05-2025
464386881823053;true;false;12-05-2025
777305324750930;true;false;12-05-2025
YT8754407854937;true;false;12-05-2025
JT5375816280790;true;false;12-05-2025
JT5375889115106;true;false;12-05-2025
JT5375449138949;true;false;12-05-2025
464386582067401;true;false;12-05-2025
464386262659871;true;false;12-05-2025
464390538199524;true;false;12-05-2025
78503962089777;true;false;12-05-2025
464393246947077;true;false;12-05-2025
JT5376098531845;true;false;12-05-2025
JT5375935659971;true;false;12-05-2025
464386610879507;true;false;12-05-2025
JT5375418356658;true;false;12-05-2025
JT5376285320028;true;false;12-05-2025
464391805943387;true;false;12-05-2025
464387014840289;true;false;12-05-2025
464386167305362;true;false;12-05-2025
JT5376216186959;true;false;12-05-2025
464391612131952;true;false;12-05-2025
464386980433410;true;false;12-05-2025
464385824514050;true;false;12-05-2025
464386871065432;true;false;12-05-2025
469388279884755;true;false;12-05-2025
JT5376299218361;true;false;12-05-2025
464392190929199;true;false;12-05-2025
464383254205696;true;false;12-05-2025
YT8760582654347;true;false;12-05-2025
78504151771179;true;false;12-05-2025
78504177986032;true;false;12-05-2025
78503964895016;true;false;12-05-2025
434565504526447;true;false;12-05-2025
464389705220701;true;false;12-05-2025
YT8760398141765;true;false;12-05-2025
464390288772218;true;false;12-05-2025
464385768472030;true;false;12-05-2025
464391900472255;true;false;12-05-2025
YT8760506592005;true;false;12-05-2025
464386507142688;true;false;12-05-2025
YT8761708541925;true;false;12-05-2025
YT8760722852626;true;false;12-05-2025
78504135336116;true;false;12-05-2025
YT8760501375016;true;false;12-05-2025
464389260988336;true;false;12-05-2025
YT8760894576551;true;false;12-05-2025
78504068431325;true;false;12-05-2025
78504050424226;true;false;12-05-2025
78503691909988;true;false;12-05-2025
78905060786568;true;false;12-05-2025
464391844904945;true;false;12-05-2025
JT5376275382394;true;false;12-05-2025
777305346082316;true;false;12-05-2025
777305504525709;true;false;12-05-2025
777305172255656;true;false;12-05-2025
777305432152798;true;false;12-05-2025
78504139932178;true;false;12-05-2025
777305652120990;true;false;12-05-2025
9807031140538;true;false;12-05-2025
9807079937036;true;false;12-05-2025
9807041231155;true;false;12-05-2025
464391261039355;true;false;12-05-2025
777305157571807;true;false;12-05-2025
464386175750040;true;false;12-05-2025
YT8760726356559;true;false;12-05-2025
777305324745255;true;false;12-05-2025
78504041360689;true;false;12-05-2025
464393204684821;true;false;12-05-2025
JT5376254091349;true;false;12-05-2025
9807072253773;true;false;12-05-2025
777305384016111;true;false;12-05-2025
JT5376012029463;true;false;12-05-2025
777305566229528;true;false;12-05-2025
YT8760398113102;true;false;12-05-2025
777305586461573;true;false;12-05-2025
777305611030409;true;false;12-05-2025
777305566794362;true;false;12-05-2025
78504217834521;true;false;12-05-2025
YT8761722214281;true;false;12-05-2025
777305549912061;true;false;12-05-2025
78503803585756;true;false;12-05-2025
78504065458928;true;false;12-05-2025
YT8760537805336;true;false;12-05-2025
YT8760460903378;true;false;12-05-2025
YT8760675955508;true;false;12-05-2025
464389236483230;true;false;12-05-2025
9807023823037;true;false;12-05-2025
9807023828925;true;false;12-05-2025
777304960508811;true;false;12-05-2025
YT8760639374042;true;false;12-05-2025
464386825707002;true;false;12-05-2025
434565501187854;true;false;12-05-2025
YT8760754884426;true;false;12-05-2025
YT8760720548552;true;false;12-05-2025
YT8760536651714;true;false;12-05-2025
78504040602456;true;false;12-05-2025
78504133861651;true;false;12-05-2025
YT8761483560401;true;false;12-05-2025
YT8760496103375;true;false;12-05-2025
9807023824363;true;false;12-05-2025
9807023823056;true;false;12-05-2025
78503928667296;true;false;12-05-2025
78504126679287;true;false;12-05-2025
78504222897060;true;false;12-05-2025
YT7544093500923;true;false;12-05-2025
78503779244219;true;false;12-05-2025
JT5375930375527;true;false;12-05-2025
YT8761589005295;true;false;12-05-2025
JT5376099607259;true;false;12-05-2025
JT5375398019725;true;false;12-05-2025
464383234316003;true;false;12-05-2025
464383234199511;true;false;12-05-2025
YT8760569191142;true;false;12-05-2025
YT8760611487403;true;false;12-05-2025
78504134972988;true;false;12-05-2025
9807079849471;true;false;12-05-2025
YT8761724555753;true;false;12-05-2025
777305323596295;true;false;12-05-2025
464383336681392;true;false;12-05-2025
464391721069678;true;false;12-05-2025
JT5374842617520;true;false;12-05-2025
YT8760717984660;true;false;12-05-2025
78503709950143;true;false;12-05-2025
YT8761619919938;true;false;12-05-2025
777305625116655;true;false;12-05-2025
777305510997543;true;false;12-05-2025
YT8761635474592;true;false;12-05-2025
464393243470340;true;false;12-05-2025
464385806513732;true;false;12-05-2025
464392247939591;true;false;12-05-2025
JT5376099776178;true;false;12-05-2025
9807042143182;true;false;12-05-2025
JT5376129340536;true;false;12-05-2025
JT5375870667564;true;false;12-05-2025
JT5376281462886;true;false;12-05-2025
JDAP01802308442;true;false;12-05-2025
JDAP01802306183;true;false;12-05-2025
JDAP01802306372;true;false;12-05-2025
JDAP01802495929;true;false;12-05-2025
JDAP01802308478;true;false;12-05-2025
JDAP01802306040;true;false;12-05-2025
JDAP01802497828;true;false;12-05-2025
JDAP01802306059;true;false;12-05-2025
JDAP01802306363;true;false;12-05-2025
YT8760553416691;true;false;12-05-2025
YT8761722707392;true;false;12-05-2025
YT8761591817785;true;false;12-05-2025
YT8760474830066;true;false;12-05-2025
YT8761608959486;true;false;12-05-2025
JT3119203285135;true;false;12-05-2025
JT5376237796014;true;false;12-05-2025
JT5376153203649;true;false;12-05-2025
464390539193783;true;false;12-05-2025
78504069162726;true;false;12-05-2025
YT8760689949461;true;false;12-05-2025
464389769968083;true;false;12-05-2025
777305581403049;true;false;12-05-2025
78503504470676;true;false;12-05-2025
78503809708027;true;false;12-05-2025
YT8760439342012;true;false;12-05-2025
78503984283344;true;false;12-05-2025
YT8760495600606;true;false;12-05-2025
YT8761658529084;true;false;12-05-2025
777305386094880;true;false;12-05-2025
777305641402858;true;false;12-05-2025
YT8759784582460;true;false;12-05-2025
78504248083155;true;false;13-05-2025
S70799659185002;true;false;13-05-2025
464390007144345;true;false;13-05-2025
JT5376155671318;true;false;13-05-2025
JT5376249462242;true;false;13-05-2025
777305589820888;true;false;13-05-2025
9807027896669;true;false;13-05-2025
9807067280216;true;false;13-05-2025
JT5376049519727;true;false;13-05-2025
9807079485551;true;false;13-05-2025
JT5377127369198;true;false;13-05-2025
JT5377037617147;true;false;13-05-2025
JT5377127345507;true;false;13-05-2025
777305642501902;true;false;13-05-2025
464391997942726;true;false;13-05-2025
JT5376252391909;true;false;13-05-2025
777305462739505;true;false;13-05-2025
JT5376359426028;true;false;13-05-2025
JT5376376842983;true;false;13-05-2025
78504169093067;true;false;13-05-2025
9807108644032;true;false;13-05-2025
9807065513026;true;false;13-05-2025
JT5376204044207;true;false;13-05-2025
JT5376124200677;true;false;13-05-2025
JT5375873869892;true;false;13-05-2025
JT5376284636414;true;false;13-05-2025
JT5376295673877;true;false;13-05-2025
JT5376005080811;true;false;13-05-2025
SF3167547465642;true;false;13-05-2025
JT5376006423044;true;false;13-05-2025
JT5375856668529;true;false;13-05-2025
JT5376128866015;true;false;13-05-2025
777305389767809;true;false;13-05-2025
9807067046017;true;false;13-05-2025
JT5376011105564;true;false;13-05-2025
9807068588100;true;false;13-05-2025
9807065772439;true;false;13-05-2025
9807053040678;true;false;13-05-2025
9807042830618;true;false;13-05-2025
9807064811194;true;false;13-05-2025
78503984999778;true;false;13-05-2025
9807071551925;true;false;13-05-2025
9807041747588;true;false;13-05-2025
9807072849993;true;false;13-05-2025
78504157156958;true;false;13-05-2025
777305388995079;true;false;13-05-2025
9807075337704;true;false;13-05-2025
JT5376246430090;true;false;13-05-2025
777305382097239;true;false;13-05-2025
777305803754745;true;false;13-05-2025
9807066219651;true;false;13-05-2025
9807078337420;true;false;13-05-2025
777305971702179;true;false;13-05-2025
464391390011326;true;false;13-05-2025
78504040268346;true;false;13-05-2025
777305573049595;true;false;13-05-2025
9807069915901;true;false;13-05-2025
78504132591422;true;false;13-05-2025
9807065252405;true;false;13-05-2025
78504220095122;true;false;13-05-2025
78504087549174;true;false;13-05-2025
777305657622479;true;false;13-05-2025
78905022012856;true;false;13-05-2025
78504124620801;true;false;13-05-2025
78504088397786;true;false;13-05-2025
78503910452056;true;false;13-05-2025
78504181905612;true;false;13-05-2025
78504224247499;true;false;13-05-2025
773354450519821;true;false;13-05-2025
464391617977400;true;false;13-05-2025
773354449444144;true;false;13-05-2025
JT5377145736233;true;false;13-05-2025
JT5376988831476;true;false;13-05-2025
777305792570329;true;false;13-05-2025
JT5376053726329;true;false;13-05-2025
JT5376347886361;true;false;13-05-2025
78504356060188;true;false;13-05-2025
777305778425210;true;false;13-05-2025
777305350303905;true;false;13-05-2025
JT5376358395002;true;false;13-05-2025
JT5376461612060;true;false;13-05-2025
777304775257447;true;false;13-05-2025
777305494636894;true;false;13-05-2025
JT5376313599430;true;false;13-05-2025
777305783897823;true;false;13-05-2025
464392251597980;true;false;13-05-2025
JT5377097924828;true;false;13-05-2025
777305991650083;true;false;13-05-2025
777305870907532;true;false;13-05-2025
JT5376030994433;true;false;13-05-2025
JT5376353613136;true;false;13-05-2025
777305602719789;true;false;13-05-2025
777305702594368;true;false;13-05-2025
777305784183702;true;false;13-05-2025
777305665897527;true;false;13-05-2025
777305407244209;true;false;13-05-2025
78504224247578;true;false;13-05-2025
777305884613256;true;false;13-05-2025
777306006856475;true;false;13-05-2025
JT5377141236459;true;false;13-05-2025
JT5377049387480;true;false;13-05-2025
JT5376049539985;true;false;13-05-2025
JT5376272661867;true;false;13-05-2025
YT8761377318716;true;false;13-05-2025
777305869952804;true;false;13-05-2025
777305582676428;true;false;13-05-2025
JT5377006689929;true;false;13-05-2025
773354575216962;true;false;13-05-2025
JT5376393971532;true;false;13-05-2025
JT5376049512408;true;false;13-05-2025
464394068479008;true;false;13-05-2025
777305701747096;true;false;13-05-2025
9807072138738;true;false;13-05-2025
JT5375892518410;true;false;13-05-2025
9807075487483;true;false;13-05-2025
777306002726530;true;false;13-05-2025
777305444409846;true;false;13-05-2025
777305669625526;true;false;13-05-2025
777305769721723;true;false;13-05-2025
777305920571841;true;false;13-05-2025
777305830546930;true;false;13-05-2025
777305893725052;true;false;13-05-2025
777305360420393;true;false;13-05-2025
464394031427758;true;false;13-05-2025
YT8761287484105;true;false;13-05-2025
78504380039413;true;false;13-05-2025
YT8760106249015;true;false;13-05-2025
78504250527538;true;false;13-05-2025
777305417784947;true;false;13-05-2025
464394479418031;true;false;13-05-2025
9807038074178;true;false;13-05-2025
YT8760414725519;true;false;13-05-2025
777305832925760;true;false;13-05-2025
464394634374859;true;false;13-05-2025
YT8761269201876;true;false;13-05-2025
YT8761323357905;true;false;13-05-2025
9807074726399;true;false;13-05-2025
464391287888072;true;false;13-05-2025
78504374177680;true;false;13-05-2025
78504091065889;true;false;13-05-2025
78504127686536;true;false;13-05-2025
78503985604717;true;false;13-05-2025
YT8761334307319;true;false;13-05-2025
777305561801508;true;false;13-05-2025
777305391597305;true;false;13-05-2025
777305574478789;true;false;13-05-2025
777305896268015;true;false;13-05-2025
777305498562653;true;false;13-05-2025
78503992549549;true;false;13-05-2025
78504173839479;true;false;13-05-2025
777305271981477;true;false;13-05-2025
777305666869007;true;false;13-05-2025
464391118839609;true;false;13-05-2025
464392069164062;true;false;13-05-2025
78504082701794;true;false;13-05-2025
777305468282310;true;false;13-05-2025
773354684350817;true;false;13-05-2025
464393353133687;true;false;13-05-2025
YT8761704407403;true;false;13-05-2025
464390290377525;true;false;13-05-2025
777305482882500;true;false;13-05-2025
464394600226717;true;false;13-05-2025
464390429534158;true;false;13-05-2025
777305930781723;true;false;13-05-2025
777305673253872;true;false;13-05-2025
464389258340321;true;false;13-05-2025
464391762108396;true;false;13-05-2025
464390170267896;true;false;13-05-2025
YT8761374492961;true;false;13-05-2025
464391824987495;true;false;13-05-2025
464391537668365;true;false;13-05-2025
464393171241954;true;false;13-05-2025
YT8761453860656;true;false;13-05-2025
464392757620996;true;false;13-05-2025
464391567416482;true;false;13-05-2025
464391419669151;true;false;13-05-2025
YT8760428529950;true;false;13-05-2025
464391449827687;true;false;13-05-2025
YT8761640673702;true;false;13-05-2025
YT8760425894576;true;false;13-05-2025
YT8761690776538;true;false;13-05-2025
YT8761376533963;true;false;13-05-2025
YT8761725960910;true;false;13-05-2025
YT8761739069810;true;false;13-05-2025
YT8760447405691;true;false;13-05-2025
777305775575346;true;false;13-05-2025
YT8761453860656;true;false;13-05-2025
YT8761256983839;true;false;13-05-2025
464391103671962;true;false;13-05-2025
YT8760447956009;true;false;13-05-2025
464392413245847;true;false;13-05-2025
YT8760454129933;true;false;13-05-2025
464392432897136;true;false;13-05-2025
78504425334151;true;false;13-05-2025
YT8761588324786;true;false;13-05-2025
78504261812793;true;false;13-05-2025
YT8760469540433;true;false;13-05-2025
78504451382220;true;false;13-05-2025
78504414874292;true;false;13-05-2025
YT8761653215418;true;false;13-05-2025
YT8761610468781;true;false;13-05-2025
YT8761334325069;true;false;13-05-2025
78504185238896;true;false;13-05-2025
78503997752033;true;false;13-05-2025
464393096803089;true;false;13-05-2025
YT8761652822624;true;false;13-05-2025
YT8761365632118;true;false;13-05-2025
YT8761642446786;true;false;13-05-2025
78504257224326;true;false;13-05-2025
78504495228561;true;false;13-05-2025
YT8761579528470;true;false;13-05-2025
78504410222178;true;false;13-05-2025
78504560726553;true;false;13-05-2025
78504266024510;true;false;13-05-2025
78504442443574;true;false;13-05-2025
78504242980430;true;false;13-05-2025
78504152100642;true;false;13-05-2025
78504438003555;true;false;13-05-2025
464393460746438;true;false;13-05-2025
464392908692238;true;false;13-05-2025
464394485229137;true;false;13-05-2025
78504017643344;true;false;13-05-2025
78504289674692;true;false;13-05-2025
YT8761720571771;true;false;13-05-2025
YT7764542438024;true;false;13-05-2025
JT5376373132828;true;false;13-05-2025
JT5377047441888;true;false;13-05-2025
464394485241466;true;false;13-05-2025
JT5377018689095;true;false;13-05-2025
78504054559711;true;false;13-05-2025
9807106992002;true;false;13-05-2025
78504230473853;true;false;13-05-2025
YT8761563362271;true;false;13-05-2025
78504353821683;true;false;13-05-2025
YT8761275550870;true;false;13-05-2025
464393933374579;true;false;13-05-2025
YT8760816288708;true;false;13-05-2025
YT8761705903021;true;false;13-05-2025
YT8761318515927;true;false;13-05-2025
78504438488761;true;false;13-05-2025
YT8761618695211;true;false;13-05-2025
464392913410878;true;false;13-05-2025
78504252843700;true;false;13-05-2025
464394230813461;true;false;13-05-2025
YT8761612826213;true;false;13-05-2025
YT8761357197274;true;false;13-05-2025
YT8761294067793;true;false;13-05-2025
YT8761400955150;true;false;13-05-2025
YT8761381340796;true;false;13-05-2025
YT8761522117478;true;false;13-05-2025
YT8761369077357;true;false;13-05-2025
464393345839948;true;false;13-05-2025
JT5376143408043;true;false;13-05-2025
9807106224816;true;false;13-05-2025
S70799659185004;true;false;13-05-2025
YT8761344385996;true;false;13-05-2025
464394338825924;true;false;13-05-2025
78504263349916;true;false;13-05-2025
YT8761381355778;true;false;13-05-2025
YT8761311289494;true;false;13-05-2025
78504341010280;true;false;13-05-2025
YT8761612982281;true;false;13-05-2025
YT8761277116043;true;false;13-05-2025
YT8761581369672;true;false;13-05-2025
YT8761460346527;true;false;13-05-2025
YT8761402750083;true;false;13-05-2025
YT8761382458854;true;false;13-05-2025
78504290499585;true;false;13-05-2025
78504280013051;true;false;13-05-2025
YT8761298566054;true;false;13-05-2025
S70799659185001;true;false;13-05-2025
S70799659185003;true;false;13-05-2025
JT3119388673342;true;false;14-05-2025
9807112608059;true;false;14-05-2025
777305771272696;true;false;14-05-2025
9807100952549;true;false;14-05-2025
9807088742557;true;false;14-05-2025
777305750620955;true;false;14-05-2025
777306149073031;true;false;14-05-2025
777305366717622;true;false;14-05-2025
777306209474696;true;false;14-05-2025
777306097441116;true;false;14-05-2025
777306202228695;true;false;14-05-2025
777306107574121;true;false;14-05-2025
777305682926185;true;false;14-05-2025
9807085434008;true;false;14-05-2025
9807072964503;true;false;14-05-2025
9807062875816;true;false;14-05-2025
9807057286877;true;false;14-05-2025
78504289127415;true;false;14-05-2025
JT5377039114626;true;false;14-05-2025
JT5376747174632;true;false;14-05-2025
JT5377117360490;true;false;14-05-2025
JT5377114209803;true;false;14-05-2025
JT5375986639779;true;false;14-05-2025
JT5377021429802;true;false;14-05-2025
JT5376432372942;true;false;14-05-2025
JT5376466520649;true;false;14-05-2025
9807109517073;true;false;14-05-2025
464393378095996;true;false;14-05-2025
JT5376356212836;true;false;14-05-2025
777305829937905;true;false;14-05-2025
777305861750587;true;false;14-05-2025
JT5377008640164;true;false;14-05-2025
JT5376143623102;true;false;14-05-2025
JT5376383962487;true;false;14-05-2025
777305886745713;true;false;14-05-2025
78504494623121;true;false;14-05-2025
JT5377099559512;true;false;14-05-2025
JT5377017150762;true;false;14-05-2025
JT5376223304326;true;false;14-05-2025
JT5376786212662;true;false;14-05-2025
JT5376930675404;true;false;14-05-2025
78504397830715;true;false;14-05-2025
JT5376420165293;true;false;14-05-2025
JT5376844607579;true;false;14-05-2025
JT5377003166438;true;false;14-05-2025
9807076211346;true;false;14-05-2025
464394731760834;true;false;14-05-2025
78504632673576;true;false;14-05-2025
78504472545544;true;false;14-05-2025
JT5377024522753;true;false;14-05-2025
JT5377132913721;true;false;14-05-2025
464393761606382;true;false;14-05-2025
464395263852295;true;false;14-05-2025
JT5376912419604;true;false;14-05-2025
9807048073541;true;false;14-05-2025
JT5376429136686;true;false;14-05-2025
JT5376189047753;true;false;14-05-2025
JT5376694598231;true;false;14-05-2025
9807054626616;true;false;14-05-2025
JT5377126721837;true;false;14-05-2025
JT5376348217856;true;false;14-05-2025
9807047553276;true;false;14-05-2025
9807048423885;true;false;14-05-2025
JT5376381706545;true;false;14-05-2025
JT5376395665969;true;false;14-05-2025
78504463724376;true;false;14-05-2025
78504372750796;true;false;14-05-2025
JT5376355538691;true;false;14-05-2025
464393514153046;true;false;14-05-2025
JT5377034934814;true;false;14-05-2025
9807074516353;true;false;14-05-2025
9807048893579;true;false;14-05-2025
9807049413620;true;false;14-05-2025
9807052236350;true;false;14-05-2025
464393711169965;true;false;14-05-2025
78504234652763;true;false;14-05-2025
78504386575633;true;false;14-05-2025
78504763716609;true;false;14-05-2025
78504484200931;true;false;14-05-2025
464392509612841;true;false;14-05-2025
464393275309817;true;false;14-05-2025
9807051229164;true;false;14-05-2025
9807052247953;true;false;14-05-2025
9807108947997;true;false;14-05-2025
464392999323590;true;false;14-05-2025
78504241039511;true;false;14-05-2025
9878929092305;true;false;14-05-2025
9807107665902;true;false;14-05-2025
464394820785644;true;false;14-05-2025
464393273645462;true;false;14-05-2025
78504425323450;true;false;14-05-2025
464401583137701;true;false;14-05-2025
78504247418884;true;false;14-05-2025
9807107307740;true;false;14-05-2025
777305776202182;true;false;14-05-2025
464392817095606;true;false;14-05-2025
78504453294217;true;false;14-05-2025
777305916346409;true;false;14-05-2025
464394162605258;true;false;14-05-2025
777306066288101;true;false;14-05-2025
464392772278699;true;false;14-05-2025
777305938306124;true;false;14-05-2025
777305906264288;true;false;14-05-2025
777305847329139;true;false;14-05-2025
777305909032273;true;false;14-05-2025
777603977912140;true;false;14-05-2025
9807110591341;true;false;14-05-2025
9807112594536;true;false;14-05-2025
9807112555010;true;false;14-05-2025
9807055181772;true;false;14-05-2025
777305422068427;true;false;14-05-2025
777305812195495;true;false;14-05-2025
464393324296865;true;false;14-05-2025
9807051462311;true;false;14-05-2025
777305807376123;true;false;14-05-2025
777305908185128;true;false;14-05-2025
777305426197144;true;false;14-05-2025
9807093786619;true;false;14-05-2025
9807107139829;true;false;14-05-2025
9807058418911;true;false;14-05-2025
9807112889720;true;false;14-05-2025
9807084151211;true;false;14-05-2025
78504533668171;true;false;14-05-2025
777305938511598;true;false;14-05-2025
9807079375452;true;false;14-05-2025
777305760556279;true;false;14-05-2025
777305958558109;true;false;14-05-2025
777305857915103;true;false;14-05-2025
YT8761300085854;true;false;14-05-2025
YT8761404458189;true;false;14-05-2025
YT8761248397419;true;false;14-05-2025
777305955131603;true;false;14-05-2025
YT8761546180692;true;false;14-05-2025
YT8761303098561;true;false;14-05-2025
YT8761097585393;true;false;14-05-2025
773354845369254;true;false;14-05-2025
777306115594295;true;false;14-05-2025
YT8761175533748;true;false;14-05-2025
777305902880312;true;false;14-05-2025
777306039178485;true;false;14-05-2025
777306149081003;true;false;14-05-2025
777306037469033;true;false;14-05-2025
YT8761275785036;true;false;14-05-2025
78504696889086;true;false;14-05-2025
YT8761312966156;true;false;14-05-2025
YT8762216900589;true;false;14-05-2025
773354875149883;true;false;14-05-2025
777305967882050;true;false;14-05-2025
777306159988636;true;false;14-05-2025
777305958480887;true;false;14-05-2025
78504447495991;true;false;14-05-2025
464394080675955;true;false;14-05-2025
YT8761416967422;true;false;14-05-2025
777305799152845;true;false;14-05-2025
JT5376313285283;true;false;14-05-2025
YT8761298240695;true;false;14-05-2025
YT8761445927785;true;false;14-05-2025
777305761960424;true;false;14-05-2025
777306077554599;true;false;14-05-2025
777306189741342;true;false;14-05-2025
777305947182324;true;false;14-05-2025
YT8761435703573;true;false;14-05-2025
YT8761291840580;true;false;14-05-2025
YT8761310595550;true;false;14-05-2025
YT8761511185754;true;false;14-05-2025
777306042467215;true;false;14-05-2025
YT8761359805490;true;false;14-05-2025
777305759563600;true;false;14-05-2025
777306169133746;true;false;14-05-2025
YT8761647536408;true;false;14-05-2025
777305424157843;true;false;14-05-2025
777306060028206;true;false;14-05-2025
73553762615555;true;false;14-05-2025
464401254665021;true;false;14-05-2025
78504742394037;true;false;14-05-2025
YT8762218017030;true;false;14-05-2025
JT5376799857421;true;false;14-05-2025
YT8761443202491;true;false;14-05-2025
777306035722315;true;false;14-05-2025
464401455789512;true;false;14-05-2025
464392779127229;true;false;14-05-2025
YT8760479141909;true;false;14-05-2025
78504721421596;true;false;14-05-2025
JT5376740942222;true;false;14-05-2025
78504694099237;true;false;14-05-2025
JT5376327804938;true;false;14-05-2025
78504723460504;true;false;14-05-2025
78504716561376;true;false;14-05-2025
777306261357220;true;false;14-05-2025
78504616937685;true;false;14-05-2025
78504698827477;true;false;14-05-2025
777306152304376;true;false;14-05-2025
777305910092600;true;false;14-05-2025
777305706955205;true;false;14-05-2025
YT8761276004431;true;false;14-05-2025
464387255545513;true;false;14-05-2025
78504557716117;true;false;14-05-2025
78504664932697;true;false;14-05-2025
YT8762094692134;true;false;14-05-2025
78504662461700;true;false;14-05-2025
YT8761179321660;true;false;14-05-2025
YT8761160188898;true;false;14-05-2025
78504671314428;true;false;14-05-2025
78504689988845;true;false;14-05-2025
78504734072257;true;false;14-05-2025
78504723460481;true;false;14-05-2025
78504324699110;true;false;14-05-2025
78504447495991;true;false;14-05-2025
78504526716125;true;false;14-05-2025
464401408496210;true;false;14-05-2025
464394515461911;true;false;14-05-2025
JT5376699383784;true;false;14-05-2025
JT5376905753588;true;false;14-05-2025
JT5376921709933;true;false;14-05-2025
JT5376792821722;true;false;14-05-2025
78504553724066;true;false;14-05-2025
78504614795331;true;false;14-05-2025
464393068372788;true;false;14-05-2025
JT5376811178892;true;false;14-05-2025
YT8762132882675;true;false;14-05-2025
YT8761441472643;true;false;14-05-2025
YT8761472916608;true;false;14-05-2025
JT5376660882912;true;false;14-05-2025
777306145628645;true;false;14-05-2025
78504667689720;true;false;14-05-2025
JT5376715605523;true;false;14-05-2025
JT5376839294090;true;false;14-05-2025
JT5376922276051;true;false;14-05-2025
777305933581638;true;false;14-05-2025
YT8761188648765;true;false;14-05-2025
78504393016788;true;false;14-05-2025
464399174761879;true;false;14-05-2025
JT5376793600897;true;false;14-05-2025
78905645545500;true;false;14-05-2025
464402270706898;true;false;14-05-2025
YT8761507350368;true;false;14-05-2025
464390306024532;true;false;14-05-2025
YT8761311720133;true;false;14-05-2025
434568486133262;true;false;14-05-2025
JT5376477742950;true;false;14-05-2025
JT5377060293476;true;false;14-05-2025
JT5376817269862;true;false;14-05-2025
464401714487484;true;false;14-05-2025
464394820218099;true;false;14-05-2025
464401000396388;true;false;14-05-2025
464401082923186;true;false;14-05-2025
777306223523087;true;false;14-05-2025
YT8761219086926;true;false;14-05-2025
YT8761179209371;true;false;14-05-2025
464395603744714;true;false;14-05-2025
JT5376802922623;true;false;14-05-2025
YT8761191340526;true;false;14-05-2025
777306182310217;true;false;14-05-2025
JT5376836240195;true;false;14-05-2025
YT8761160302047;true;false;14-05-2025
464399305923966;true;false;14-05-2025
464393347017708;true;false;14-05-2025
464395248141065;true;false;14-05-2025
JT5376662914970;true;false;14-05-2025
JT5377108071971;true;false;14-05-2025
JT5376778077348;true;false;14-05-2025
777306060847284;true;false;14-05-2025
JT5376866759697;true;false;14-05-2025
464393049082836;true;false;14-05-2025
JT5376836409138;true;false;14-05-2025
YT8762230218965;true;false;14-05-2025
YT8762084585004;true;false;14-05-2025
YT8761177381325;true;false;14-05-2025
YT8761512338393;true;false;14-05-2025
YT8761527308529;true;false;14-05-2025
YT8761269620312;true;false;14-05-2025
YT8762128144679;true;false;14-05-2025
YT8761354651902;true;false;14-05-2025
YT8761124796053;true;false;14-05-2025
YT8762159213706;true;false;14-05-2025
YT8762145001887;true;false;14-05-2025
YT8761236912156;true;false;14-05-2025
YT8762092464416;true;false;14-05-2025
YT8761375347291;true;false;14-05-2025
YT8761188124115;true;false;14-05-2025
YT8762210578791;true;false;14-05-2025
YT8762200197018;true;false;15-05-2025
YT8761146902148;true;false;15-05-2025
777306356235507;true;false;15-05-2025
9807046491015;true;false;15-05-2025
777306151220387;true;false;15-05-2025
777305744131802;true;false;15-05-2025
777306045988549;true;false;15-05-2025
777306451841171;true;false;15-05-2025
777306366767252;true;false;15-05-2025
777306446423115;true;false;15-05-2025
777306515779567;true;false;15-05-2025
777306427125610;true;false;15-05-2025
777306396042682;true;false;15-05-2025
777306430461835;true;false;15-05-2025
777306313664335;true;false;15-05-2025
777306250419886;true;false;15-05-2025
777306397991473;true;false;15-05-2025
777306313503444;true;false;15-05-2025
777306501534271;true;false;15-05-2025
777306313534527;true;false;15-05-2025
9807049286757;true;false;15-05-2025
JT5376651711722;true;false;15-05-2025
9807091672429;true;false;15-05-2025
9807088629980;true;false;15-05-2025
JT5376868095591;true;false;15-05-2025
9807105302366;true;false;15-05-2025
JT5376871861422;true;false;15-05-2025
JT5376740966017;true;false;15-05-2025
777306313563624;true;false;15-05-2025
777306411339665;true;false;15-05-2025
464402133564915;true;false;15-05-2025
JT5376788967847;true;false;15-05-2025
JT5377008255861;true;false;15-05-2025
JT5376973864566;true;false;15-05-2025
JT5376840649015;true;false;15-05-2025
JT5376923849977;true;false;15-05-2025
777306206838718;true;false;15-05-2025
YT8761196818958;true;false;15-05-2025
777306063446757;true;false;15-05-2025
9807104354854;true;false;15-05-2025
464399233484164;true;false;15-05-2025
777306129741582;true;false;15-05-2025
777306114589616;true;false;15-05-2025
777306422436152;true;false;15-05-2025
777306141367685;true;false;15-05-2025
78504684925489;true;false;15-05-2025
777306470829118;true;false;15-05-2025
JT5376710889597;true;false;15-05-2025
9807091492880;true;false;15-05-2025
JT5377131814350;true;false;15-05-2025
JT5376898628837;true;false;15-05-2025
464394910915611;true;false;15-05-2025
JT5376858483170;true;false;15-05-2025
JT5376752187886;true;false;15-05-2025
JT5376877049664;true;false;15-05-2025
JT5376804247822;true;false;15-05-2025
JT5376738418641;true;false;15-05-2025
JT5377047706107;true;false;15-05-2025
JT5376867194326;true;false;15-05-2025
JT5376905777679;true;false;15-05-2025
JT5377006802048;true;false;15-05-2025
777306216200665;true;false;15-05-2025
JT5376617243051;true;false;15-05-2025
777306172313938;true;false;15-05-2025
JT5376792427031;true;false;15-05-2025
JT5376525447800;true;false;15-05-2025
9807100464849;true;false;15-05-2025
JT5376997982099;true;false;15-05-2025
9807046491015;true;false;15-05-2025
9807095645788;true;false;15-05-2025
9807089174534;true;false;15-05-2025
464395395213303;true;false;15-05-2025
78504755424073;true;false;15-05-2025
464402077906009;true;false;15-05-2025
464400945666898;true;false;15-05-2025
464400105524429;true;false;15-05-2025
78504568590684;true;false;15-05-2025
777306023184265;true;false;15-05-2025
JT5376858743529;true;false;15-05-2025
464400830988064;true;false;15-05-2025
464402220568594;true;false;15-05-2025
9807091833234;true;false;15-05-2025
JT3119381952278;true;false;15-05-2025
464401620282099;true;false;15-05-2025
464402371767118;true;false;15-05-2025
464401831198750;true;false;15-05-2025
464400903932000;true;false;15-05-2025
777306115023691;true;false;15-05-2025
78504620436857;true;false;15-05-2025
9807095490270;true;false;15-05-2025
9807085336306;true;false;15-05-2025
9807117948844;true;false;15-05-2025
464395138029838;true;false;15-05-2025
464402451347369;true;false;15-05-2025
9807061151658;true;false;15-05-2025
JT5376525482878;true;false;15-05-2025
9807090608244;true;false;15-05-2025
9807082957981;true;false;15-05-2025
9807092610134;true;false;15-05-2025
464395087785096;true;false;15-05-2025
464401438314228;true;false;15-05-2025
9807099106428;true;false;15-05-2025
9807143199334;true;false;15-05-2025
464395392830503;true;false;15-05-2025
464402298532299;true;false;15-05-2025
464401858090441;true;false;15-05-2025
9807098973982;true;false;15-05-2025
JT5376929220525;true;false;15-05-2025
464395351617278;true;false;15-05-2025
464401370296648;true;false;15-05-2025
777306282972173;true;false;15-05-2025
464401815944056;true;false;15-05-2025
777305750152915;true;false;15-05-2025
777305542528723;true;false;15-05-2025
777305702770673;true;false;15-05-2025
JT5377305511107;true;false;15-05-2025
YT8762090361911;true;false;15-05-2025
777305940661205;true;false;15-05-2025
777306101492421;true;false;15-05-2025
777306135957577;true;false;15-05-2025
777306487260224;true;false;15-05-2025
YT8761747776380;true;false;15-05-2025
777305803081639;true;false;15-05-2025
777306466014202;true;false;15-05-2025
777306392484072;true;false;15-05-2025
YT8761183417722;true;false;15-05-2025
YT8761107528255;true;false;15-05-2025
YT8762263509357;true;false;15-05-2025
JT5377278089331;true;false;15-05-2025
JT5377261385453;true;false;15-05-2025
YT8762183660819;true;false;15-05-2025
YT8761108352310;true;false;15-05-2025
YT8761096664718;true;false;15-05-2025
YT8761141875818;true;false;15-05-2025
777306281300768;true;false;15-05-2025
YT8761160356899;true;false;15-05-2025
YT8762148806632;true;false;15-05-2025
YT8761103961838;true;false;15-05-2025
YT8761118504316;true;false;15-05-2025
YT8761190345742;true;false;15-05-2025
YT8762098318490;true;false;15-05-2025
78504711991602;true;false;15-05-2025
78504455778876;true;false;15-05-2025
9807146199086;true;false;15-05-2025
YT8762280143734;true;false;15-05-2025
78504689952056;true;false;15-05-2025
YT8762287088731;true;false;15-05-2025
YT8762132308142;true;false;15-05-2025
YT8762266067289;true;false;15-05-2025
78504865656813;true;false;15-05-2025
78504709814985;true;false;15-05-2025
78504747765519;true;false;15-05-2025
YT8762387569929;true;false;15-05-2025
YT8762387052807;true;false;15-05-2025
78504669330080;true;false;15-05-2025
9807097085630;true;false;15-05-2025
78504692613174;true;false;15-05-2025
78504626059302;true;false;15-05-2025
464401702296223;true;false;15-05-2025
78504588672639;true;false;15-05-2025
464398126527455;true;false;15-05-2025
777306481833250;true;false;15-05-2025
464400056851980;true;false;15-05-2025
9807093481975;true;false;15-05-2025
464398274939488;true;false;15-05-2025
78504564046042;true;false;15-05-2025
464401555007881;true;false;15-05-2025
464400546519600;true;false;15-05-2025
777306267189115;true;false;15-05-2025
464399841239181;true;false;15-05-2025
464397719382386;true;false;15-05-2025
78504537985322;true;false;15-05-2025
78504235827160;true;false;15-05-2025
JT5376538818978;true;false;15-05-2025
777306356828552;true;false;15-05-2025
464397856122895;true;false;15-05-2025
SF3165338555398;true;false;15-05-2025
JT5377288776399;true;false;15-05-2025
JT5376484183128;true;false;15-05-2025
JT5377170255450;true;false;15-05-2025
JT5376738763273;true;false;15-05-2025
464397714971729;true;false;15-05-2025
464397472612661;true;false;15-05-2025
777306396674873;true;false;15-05-2025
JT5377166723626;true;false;15-05-2025
JT5376805957283;true;false;15-05-2025
JT5376696793983;true;false;15-05-2025
JT5377303567332;true;false;15-05-2025
JT5376980147652;true;false;15-05-2025
JT5376629124980;true;false;15-05-2025
JT5376649766402;true;false;15-05-2025
JT5376934336738;true;false;15-05-2025
464397747512556;true;false;15-05-2025
464399264711101;true;false;15-05-2025
JT5377247826607;true;false;15-05-2025
JT5376494722531;true;false;15-05-2025
JT5376491418721;true;false;15-05-2025
JT5376561812932;true;false;15-05-2025
JT5376650925618;true;false;15-05-2025
JT5376483359638;true;false;15-05-2025
YT8761751088192;true;false;15-05-2025
YT8762344985104;true;false;15-05-2025
YT8761184357089;true;false;15-05-2025
777306443833495;true;false;15-05-2025
78504848998490;true;false;15-05-2025
78504902078403;true;false;15-05-2025
78505003890746;true;false;15-05-2025
78504781714497;true;false;15-05-2025
78504593169046;true;false;15-05-2025
464398437482953;true;false;15-05-2025
78504677709836;true;false;15-05-2025
78504942199977;true;false;15-05-2025
78505011669594;true;false;15-05-2025
78504838728374;true;false;15-05-2025
777306313563247;true;false;15-05-2025
777306429981487;true;false;15-05-2025
YT8762383078568;true;false;15-05-2025
YT8762318684534;true;false;15-05-2025
YT8761135886136;true;false;15-05-2025
YT8762405534012;true;false;15-05-2025
777306313535028;true;false;15-05-2025
777306308191490;true;false;15-05-2025
777306153081923;true;false;15-05-2025
YT8761761999844;true;false;15-05-2025
YT8761758608212;true;false;15-05-2025
YT8762270451988;true;false;15-05-2025
YT8762369184607;true;false;15-05-2025
464400310987072;true;false;15-05-2025
777306471603296;true;false;15-05-2025
464397472075686;true;false;15-05-2025
YT8761823104702;true;false;15-05-2025
777306436821423;true;false;15-05-2025
YT8762205936780;true;false;15-05-2025
YT8762368188165;true;false;15-05-2025
YT8762341284051;true;false;15-05-2025
YT8762225156300;true;false;15-05-2025
777306228630321;true;false;15-05-2025
YT8762408206895;true;false;15-05-2025
777306339824592;true;false;15-05-2025
777306441347561;true;false;15-05-2025
YT8762288254500;true;false;15-05-2025
777306419885468;true;false;15-05-2025
YT8762365886525;true;false;15-05-2025
YT8762304327737;true;false;15-05-2025
9807140107852;true;false;15-05-2025
YT8761810249791;true;false;15-05-2025
YT8761224398096;true;false;15-05-2025
777305274545655;true;false;15-05-2025
9807137922311;true;false;15-05-2025
464399866584218;true;false;15-05-2025
9807100578652;true;false;15-05-2025
9807096978019;true;false;15-05-2025
9807143543818;true;false;15-05-2025
464397815618002;true;false;15-05-2025
464399621694120;true;false;15-05-2025
464402385795994;true;false;15-05-2025
YT8762241321784;true;false;15-05-2025
78504661715065;true;false;15-05-2025
JT5377261390054;true;false;15-05-2025
YT8761759715427;true;false;15-05-2025
YT8762249879801;true;false;15-05-2025
YT8761079792904;true;false;15-05-2025
78504813560687;true;false;15-05-2025
78504929799604;true;false;15-05-2025
YT8761235181018;true;false;15-05-2025
78504863332334;true;false;15-05-2025
78504963761798;true;false;15-05-2025
78504939159587;true;false;15-05-2025
78504845833180;true;false;15-05-2025
YT8762401256226;true;false;15-05-2025
YT8761784630843;true;false;15-05-2025
78504993607889;true;false;15-05-2025
78504983204046;true;false;15-05-2025
78504549826181;true;false;15-05-2025
78504624633203;true;false;15-05-2025
777307069600667;true;false;16-05-2025
9807093880942;true;false;16-05-2025
DPK317018290604;true;false;16-05-2025
78906021301001;true;false;16-05-2025
78505291367697;true;false;16-05-2025
78505082031598;true;false;16-05-2025
78505146070197;true;false;16-05-2025
777306490690177;true;false;16-05-2025
777307102823942;true;false;16-05-2025
777306245274685;true;false;16-05-2025
9807166749738;true;false;16-05-2025
78504719967688;true;false;16-05-2025
464400138727985;true;false;16-05-2025
JT5376545254196;true;false;16-05-2025
464400201269438;true;false;16-05-2025
464400155045052;true;false;16-05-2025
777306371094029;true;false;16-05-2025
464399373738595;true;false;16-05-2025
464399373735027;true;false;16-05-2025
464399373637701;true;false;16-05-2025
464399653168969;true;false;16-05-2025
YT8761740193199;true;false;16-05-2025
YT8761791562579;true;false;16-05-2025
JT5377412372889;true;false;16-05-2025
JT5377156575354;true;false;16-05-2025
JT5376498052488;true;false;16-05-2025
JT5376485555792;true;false;16-05-2025
JT5376638548546;true;false;16-05-2025
9807143214338;true;false;16-05-2025
9807133085894;true;false;16-05-2025
JT5376527529642;true;false;16-05-2025
464400795024063;true;false;16-05-2025
JT5377315055602;true;false;16-05-2025
JT5376522213289;true;false;16-05-2025
9807088179497;true;false;16-05-2025
JT5376501454641;true;false;16-05-2025
JT5376687665425;true;false;16-05-2025
JT5377237188555;true;false;16-05-2025
777306234866149;true;false;16-05-2025
777306071685421;true;false;16-05-2025
777306515145018;true;false;16-05-2025
JT5377156418446;true;false;16-05-2025
9807083522625;true;false;16-05-2025
JT5376532958581;true;false;16-05-2025
SF3179783783296;true;false;16-05-2025
9807135731710;true;false;16-05-2025
9807139573529;true;false;16-05-2025
9807137622788;true;false;16-05-2025
JT5376617784254;true;false;16-05-2025
JT5376682367924;true;false;16-05-2025
9807132475692;true;false;16-05-2025
9807086079773;true;false;16-05-2025
9807123694404;true;false;16-05-2025
777307075005321;true;false;16-05-2025
9807131799330;true;false;16-05-2025
9807141332517;true;false;16-05-2025
9807142759141;true;false;16-05-2025
9807136834618;true;false;16-05-2025
9807085360678;true;false;16-05-2025
JT5376501260203;true;false;16-05-2025
9807118683471;true;false;16-05-2025
9807143540316;true;false;16-05-2025
9807147025635;true;false;16-05-2025
9807135950183;true;false;16-05-2025
JT5376566560144;true;false;16-05-2025
464399205616437;true;false;16-05-2025
9807137167621;true;false;16-05-2025
9807131781426;true;false;16-05-2025
JT5377293720202;true;false;16-05-2025
9807091356449;true;false;16-05-2025
9807086565161;true;false;16-05-2025
9807140054434;true;false;16-05-2025
9807146810558;true;false;16-05-2025
9807138108837;true;false;16-05-2025
9807143210732;true;false;16-05-2025
464400266505806;true;false;16-05-2025
JT5377306093008;true;false;16-05-2025
9807141932547;true;false;16-05-2025
8212760528613;true;false;16-05-2025
9807118168336;true;false;16-05-2025
9807133154070;true;false;16-05-2025
JT5376587651828;true;false;16-05-2025
JT5376578526596;true;false;16-05-2025
JT5376584740739;true;false;16-05-2025
464397659602356;true;false;16-05-2025
777306305351232;true;false;16-05-2025
777307127626741;true;false;16-05-2025
YT8762160283374;true;false;16-05-2025
9807140813686;true;false;16-05-2025
78505285186147;true;false;16-05-2025
9807145100339;true;false;16-05-2025
9807143178511;true;false;16-05-2025
464397029566732;true;false;16-05-2025
9807140634182;true;false;16-05-2025
9807137776626;true;false;16-05-2025
9807136257849;true;false;16-05-2025
8212818899213;true;false;16-05-2025
464399645367963;true;false;16-05-2025
464399307193163;true;false;16-05-2025
464401663655042;true;false;16-05-2025
777306617978455;true;false;16-05-2025
777306307992777;true;false;16-05-2025
464399439563687;true;false;16-05-2025
464400590063863;true;false;16-05-2025
777306269124412;true;false;16-05-2025
464399877971456;true;false;16-05-2025
464400220889506;true;false;16-05-2025
464397760101204;true;false;16-05-2025
777306296078330;true;false;16-05-2025
777306485219375;true;false;16-05-2025
777306413807765;true;false;16-05-2025
78504847068013;true;false;16-05-2025
777306245271079;true;false;16-05-2025
777306521282105;true;false;16-05-2025
777306233193102;true;false;16-05-2025
777306231731299;true;false;16-05-2025
78504832380133;true;false;16-05-2025
464398425975654;true;false;16-05-2025
78504889063066;true;false;16-05-2025
777306270116579;true;false;16-05-2025
78906141185494;true;false;16-05-2025
78505009272773;true;false;16-05-2025
78504930242645;true;false;16-05-2025
78504938307258;true;false;16-05-2025
464399274531174;true;false;16-05-2025
78504852863033;true;false;16-05-2025
78505021945684;true;false;16-05-2025
777306447891160;true;false;16-05-2025
777306340518825;true;false;16-05-2025
777306641830271;true;false;16-05-2025
777306471804515;true;false;16-05-2025
78504919472191;true;false;16-05-2025
777306499038353;true;false;16-05-2025
78504813048411;true;false;16-05-2025
464400536019363;true;false;16-05-2025
78504629832812;true;false;16-05-2025
78504950584331;true;false;16-05-2025
78504861404862;true;false;16-05-2025
78505062317048;true;false;16-05-2025
78504944468915;true;false;16-05-2025
78504942998452;true;false;16-05-2025
78504771358946;true;false;16-05-2025
78504765057809;true;false;16-05-2025
YT8761879294149;true;false;16-05-2025
78505002405178;true;false;16-05-2025
9807130046797;true;false;16-05-2025
YT8762262684392;true;false;16-05-2025
78504847421372;true;false;16-05-2025
78504961182016;true;false;16-05-2025
78504951654849;true;false;16-05-2025
YT8762200797403;true;false;16-05-2025
78504927539045;true;false;16-05-2025
YT8761972182039;true;false;16-05-2025
YT8762358287919;true;false;16-05-2025
YT8762247045950;true;false;16-05-2025
YT8761952456624;true;false;16-05-2025
YT8761819786345;true;false;16-05-2025
YT8762370041865;true;false;16-05-2025
YT8762286440145;true;false;16-05-2025
YT8761798590133;true;false;16-05-2025
SF3172084914270;true;false;16-05-2025
JT5377246900666;true;false;16-05-2025
YT8762246975700;true;false;16-05-2025
YT8762019549543;true;false;16-05-2025
9807143878997;true;false;16-05-2025
777306532607235;true;false;16-05-2025
777306561399360;true;false;16-05-2025
YT8761923457102;true;false;16-05-2025
YT8762283603631;true;false;16-05-2025
YT8762411097851;true;false;16-05-2025
JT5376596757082;true;false;16-05-2025
9807144621359;true;false;16-05-2025
777306226244815;true;false;16-05-2025
777306677758739;true;false;16-05-2025
777306379823874;true;false;16-05-2025
9807132878270;true;false;16-05-2025
YT8762184928969;true;false;16-05-2025
YT8762191668830;true;false;16-05-2025
YT8762290466438;true;false;16-05-2025
777307072998804;true;false;16-05-2025
9807135814853;true;false;16-05-2025
9807092887777;true;false;16-05-2025
9807095752455;true;false;16-05-2025
777306100509427;true;false;16-05-2025
464399373740756;true;false;16-05-2025
9807136631929;true;false;16-05-2025
777306256529471;true;false;16-05-2025
8213638459113;true;false;16-05-2025
777306334435958;true;false;16-05-2025
777306459263391;true;false;16-05-2025
777306319035627;true;false;16-05-2025
464400390470637;true;false;16-05-2025
464401806981742;true;false;16-05-2025
YT8761907177545;true;false;16-05-2025
YT8761825118790;true;false;16-05-2025
78504989223346;true;false;16-05-2025
78504895593382;true;false;16-05-2025
78504888275306;true;false;16-05-2025
464400002015222;true;false;16-05-2025
464399742586554;true;false;16-05-2025
777306383304075;true;false;16-05-2025
78504872545596;true;false;16-05-2025
YT8762405781786;true;false;16-05-2025
464400705994042;true;false;16-05-2025
78504850703786;true;false;16-05-2025
464400070355999;true;false;16-05-2025
YT8762318093071;true;false;16-05-2025
YT8762244846536;true;false;16-05-2025
464397478397439;true;false;16-05-2025
464400138069518;true;false;16-05-2025
9807120835284;true;false;16-05-2025
9807140200836;true;false;16-05-2025
YT8762177265026;true;false;16-05-2025
JT5376664982041;true;false;16-05-2025
464397577645350;true;false;16-05-2025
464397106605384;true;false;16-05-2025
464397809653600;true;false;16-05-2025
464402108324056;true;false;16-05-2025
464402083734639;true;false;16-05-2025
YT8762410259647;true;false;16-05-2025
777306305801309;true;false;16-05-2025
464396001873330;true;false;16-05-2025
464399035721304;true;false;16-05-2025
777307122521665;true;false;16-05-2025
777306245275363;true;false;16-05-2025
464407793815696;true;false;16-05-2025
464396010268312;true;false;16-05-2025
YT8762029845943;true;false;16-05-2025
777306246247967;true;false;16-05-2025
464396128061614;true;false;16-05-2025
464396502079772;true;false;16-05-2025
464396617041392;true;false;16-05-2025
YT8762380918988;true;false;16-05-2025
777306226384504;true;false;16-05-2025
YT8762421180842;true;false;16-05-2025
777306246571239;true;false;16-05-2025
YT8762389016436;true;false;16-05-2025
JT5377215472131;true;false;16-05-2025
JT5377586524825;true;false;16-05-2025
JT5376596759033;true;false;16-05-2025
JT5377365240571;true;false;16-05-2025
9807122920461;true;false;16-05-2025
777306589456423;true;false;16-05-2025
9807168421988;true;false;16-05-2025
777306245701051;true;false;16-05-2025
777306603136365;true;false;16-05-2025
777307132623595;true;false;16-05-2025
777307119375603;true;false;16-05-2025
777306544570946;true;false;16-05-2025
777306455266049;true;false;16-05-2025
777306607802029;true;false;16-05-2025
777307061376733;true;false;16-05-2025
777307041628412;true;false;16-05-2025
777307027941501;true;false;16-05-2025
YT8761822831081;true;false;16-05-2025
YT8761745817733;true;false;16-05-2025
777306684274189;true;false;16-05-2025
777306333858584;true;false;16-05-2025
464396026423944;true;false;16-05-2025
777307141992544;true;false;16-05-2025
JT5377603537166;true;false;16-05-2025
9807081378853;true;false;16-05-2025
777307049890506;true;false;16-05-2025
YT8762182883239;true;false;16-05-2025
78504794263799;true;false;16-05-2025
YT8762302433304;true;false;16-05-2025
464396725597360;true;false;16-05-2025
777306418125090;true;false;16-05-2025
464399791882355;true;false;16-05-2025
JT5377610758372;true;false;16-05-2025
JT5377609474818;true;false;16-05-2025
JT5376512364358;true;false;16-05-2025
JT5377374549549;true;false;16-05-2025
JT5377631663036;true;false;16-05-2025
78505164471676;true;false;16-05-2025
78505074457746;true;false;16-05-2025
78504920976077;true;false;16-05-2025
YT8761751275675;true;false;16-05-2025
JT5377622330177;true;false;16-05-2025
464397049574947;true;false;16-05-2025
JT5377593060945;true;false;16-05-2025
YT8762066463874;true;false;16-05-2025
464400015449188;true;false;16-05-2025
78505198547824;true;false;16-05-2025
78504809915219;true;false;16-05-2025
78504821520830;true;false;16-05-2025
78505114767515;true;false;16-05-2025
78505088462040;true;false;16-05-2025
78504851598947;true;false;16-05-2025
78505145493871;true;false;16-05-2025
78505210521617;true;false;16-05-2025
78505195281029;true;false;16-05-2025
YT8762323147628;true;false;16-05-2025
YT8762374289146;true;false;16-05-2025
78505075325467;true;false;16-05-2025
78505181641144;true;false;16-05-2025
78505073388712;true;false;16-05-2025
78505269163490;true;false;16-05-2025
78505184291611;true;false;16-05-2025
YT7545181379524;true;false;16-05-2025
YT8761854732033;true;false;16-05-2025
YT8762254700743;true;false;16-05-2025
78505254184806;true;false;16-05-2025
78505257578128;true;false;16-05-2025
78505125714907;true;false;16-05-2025
78505230362108;true;false;16-05-2025
78504923619265;true;false;16-05-2025
78505287161316;true;false;16-05-2025
78505179425923;true;false;16-05-2025
YT8761753792549;true;false;16-05-2025
78504780219793;true;false;16-05-2025
78505205144845;true;false;16-05-2025
YT8762304801277;true;false;16-05-2025
464396197536647;true;false;16-05-2025
YT8761776640036;true;false;16-05-2025
464399510503366;true;false;16-05-2025
JT5377329937545;true;false;16-05-2025
JT5376596759862;true;false;16-05-2025
JT5377402090531;true;false;16-05-2025
YT8761961927715;true;false;16-05-2025
464396996612657;true;false;16-05-2025
964396124917030;true;false;16-05-2025
JT5376654698726;true;false;16-05-2025
JT5377477231930;true;false;16-05-2025
JT5377476758467;true;false;16-05-2025
JT5377322523366;true;false;16-05-2025
JT5377458191022;true;false;16-05-2025
9807166429243;true;false;16-05-2025
YT8761865531988;true;false;16-05-2025
YT8761768761374;true;false;16-05-2025
JT5377434772710;true;false;16-05-2025
YT8761966129552;true;false;16-05-2025
JT5377430490674;true;false;16-05-2025
777306595915705;true;false;16-05-2025
YT8761811290204;true;false;16-05-2025
JT5377325962451;true;false;16-05-2025
464396439563852;true;false;16-05-2025
JT5376634336195;true;false;16-05-2025
JT5377573986567;true;false;16-05-2025
JT5377622042824;true;false;16-05-2025
JT5377334173276;true;false;16-05-2025
JT5376510858185;true;false;16-05-2025
JT5377437371169;true;false;16-05-2025
JT5377275711729;true;false;16-05-2025
9807164292590;true;false;16-05-2025
JT5377310015383;true;false;16-05-2025
777306549823238;true;false;17-05-2025
464396601411269;true;false;17-05-2025
9807125473703;true;false;17-05-2025
JT5377440909194;true;false;17-05-2025
777307096290708;true;false;17-05-2025
777306713269491;true;false;17-05-2025
78505075297994;true;false;17-05-2025
777306590296859;true;false;17-05-2025
9807086959542;true;false;17-05-2025
JT5377367869912;true;false;17-05-2025
JT5377475430004;true;false;17-05-2025
464397158348688;true;false;17-05-2025
JT5377224854466;true;false;17-05-2025
777307219764670;true;false;17-05-2025
9807125132175;true;false;17-05-2025
9807167356154;true;false;17-05-2025
9807136249359;true;false;17-05-2025
JT5377228451734;true;false;17-05-2025
JT5377187326800;true;false;17-05-2025
JT5377783375845;true;false;17-05-2025
YT8761917364586;true;false;17-05-2025
JT5377397669437;true;false;17-05-2025
777306671392924;true;false;17-05-2025
78504979482214;true;false;17-05-2025
JT5377689627651;true;false;17-05-2025
78505130463877;true;false;17-05-2025
YT8762563261849;true;false;17-05-2025
YT7545370349468;true;false;17-05-2025
9807125778739;true;false;17-05-2025
JT5377801221024;true;false;17-05-2025
464408230980448;true;false;17-05-2025
JT5377241014649;true;false;17-05-2025
464398667264176;true;false;17-05-2025
JT5376218881725;true;false;17-05-2025
JT5376898091512;true;false;17-05-2025
JT5377550240088;true;false;17-05-2025
JT5377224049272;true;false;17-05-2025
YT8762442137801;true;false;17-05-2025
JT5377418717319;true;false;17-05-2025
9807122150292;true;false;17-05-2025
JT5377395766603;true;false;17-05-2025
JT5377176596360;true;false;17-05-2025
JT5377578806997;true;false;17-05-2025
9807128930569;true;false;17-05-2025
9807126707084;true;false;17-05-2025
JT5377379706785;true;false;17-05-2025
JT5377666580424;true;false;17-05-2025
JT5377667226783;true;false;17-05-2025
9807147682413;true;false;17-05-2025
JT5377589216137;true;false;17-05-2025
9807117891562;true;false;17-05-2025
464398974191346;true;false;17-05-2025
464397327674927;true;false;17-05-2025
JT5377164309142;true;false;17-05-2025
JT5377321918153;true;false;17-05-2025
9807135793992;true;false;17-05-2025
JT5377417226053;true;false;17-05-2025
9807170006872;true;false;17-05-2025
9807125131164;true;false;17-05-2025
9807169818074;true;false;17-05-2025
9807164381538;true;false;17-05-2025
JT5377190066522;true;false;17-05-2025
9807123788121;true;false;17-05-2025
JT5377418225260;true;false;17-05-2025
JT5377415975901;true;false;17-05-2025
YT8762576090759;true;false;17-05-2025
JT5376574900632;true;false;17-05-2025
9807114853211;true;false;17-05-2025
JT5377407005842;true;false;17-05-2025
9807123443842;true;false;17-05-2025
9807126242551;true;false;17-05-2025
9807118471250;true;false;17-05-2025
9807166216580;true;false;17-05-2025
9807166747145;true;false;17-05-2025
464396017741008;true;false;17-05-2025
777307071409890;true;false;17-05-2025
464397301924519;true;false;17-05-2025
78505160982981;true;false;17-05-2025
YT2553100134485;true;false;17-05-2025
777307061194201;true;false;17-05-2025
464395940019864;true;false;17-05-2025
9807147649994;true;false;17-05-2025
777306594957404;true;false;17-05-2025
9807126329987;true;false;17-05-2025
464397298573782;true;false;17-05-2025
9807128896825;true;false;17-05-2025
464396977628714;true;false;17-05-2025
464399115093191;true;false;17-05-2025
YT8761974105832;true;false;17-05-2025
9807137715692;true;false;17-05-2025
464396711133840;true;false;17-05-2025
9807119804371;true;false;17-05-2025
464396512057323;true;false;17-05-2025
464398910152587;true;false;17-05-2025
9807171340764;true;false;17-05-2025
464408952839787;true;false;17-05-2025
9807119217311;true;false;17-05-2025
YT8762074869998;true;false;17-05-2025
YT8761888556964;true;false;17-05-2025
777306521263764;true;false;17-05-2025
777307234356066;true;false;17-05-2025
78906464998564;true;false;17-05-2025
YT8762652879270;true;false;17-05-2025
777307243228005;true;false;17-05-2025
464409062902533;true;false;17-05-2025
78505234345281;true;false;17-05-2025
777307205233955;true;false;17-05-2025
464398667074339;true;false;17-05-2025
JT5377164360412;true;false;17-05-2025
464395817349287;true;false;17-05-2025
YT8761879910991;true;false;17-05-2025
464396384724266;true;false;17-05-2025
YT8761861598992;true;false;17-05-2025
777306618202824;true;false;17-05-2025
YT8762680994657;true;false;17-05-2025
YT8761861241661;true;false;17-05-2025
YT2553130513504;true;false;17-05-2025
777307308787857;true;false;17-05-2025
777306543315649;true;false;17-05-2025
9807127977771;true;false;17-05-2025
YT8761901005149;true;false;17-05-2025
777306221294075;true;false;17-05-2025
YT8762034185300;true;false;17-05-2025
YT8761960817639;true;false;17-05-2025
YT8762024521873;true;false;17-05-2025
YT8761857686520;true;false;17-05-2025
YT8761897971772;true;false;17-05-2025
777306225892440;true;false;17-05-2025
YT8761988109721;true;false;17-05-2025
777306125498259;true;false;17-05-2025
777307030960504;true;false;17-05-2025
777306342632245;true;false;17-05-2025
777307075739806;true;false;17-05-2025
777307084142458;true;false;17-05-2025
777307067124443;true;false;17-05-2025
78505537282173;true;false;17-05-2025
YT8761828522741;true;false;17-05-2025
YT8761958693092;true;false;17-05-2025
YT8761898455394;true;false;17-05-2025
78505241968574;true;false;17-05-2025
78505065070796;true;false;17-05-2025
777306625677889;true;false;17-05-2025
777306601708759;true;false;17-05-2025
9807150214665;true;false;17-05-2025
78505416246526;true;false;17-05-2025
777307272998687;true;false;17-05-2025
YT8762561749091;true;false;17-05-2025
9807160041741;true;false;17-05-2025
9807147111273;true;false;17-05-2025
9807150381857;true;false;17-05-2025
9807124690785;true;false;17-05-2025
78505514961364;true;false;17-05-2025
8111232624508;true;false;17-05-2025
JT5377516052480;true;false;17-05-2025
9807124823544;true;false;17-05-2025
9807160337143;true;false;17-05-2025
464408868863524;true;false;17-05-2025
777306689547548;true;false;17-05-2025
78505428904131;true;false;17-05-2025
78505137853290;true;false;17-05-2025
78505304764324;true;false;17-05-2025
78505462850196;true;false;17-05-2025
777306532536006;true;false;17-05-2025
777307223876481;true;false;17-05-2025
78505272269881;true;false;17-05-2025
78505184230366;true;false;17-05-2025
773355139800905;true;false;17-05-2025
78505086972783;true;false;17-05-2025
78505049440556;true;false;17-05-2025
78504920907246;true;false;17-05-2025
777307276779802;true;false;17-05-2025
YT8762283404115;true;false;17-05-2025
9807117742007;true;false;17-05-2025
9807165770858;true;false;17-05-2025
9807117915834;true;false;17-05-2025
78505448445996;true;false;17-05-2025
9807115756884;true;false;17-05-2025
777306426572376;true;false;17-05-2025
9807148631854;true;false;17-05-2025
78505286062089;true;false;17-05-2025
78505422721098;true;false;17-05-2025
78505162398484;true;false;17-05-2025
777307042684639;true;false;17-05-2025
78505427380737;true;false;17-05-2025
78505285774117;true;false;17-05-2025
777306543376306;true;false;17-05-2025
777306495891060;true;false;17-05-2025
78505507658919;true;false;17-05-2025
78505375034240;true;false;17-05-2025
8209618421513;true;false;17-05-2025
9807153039636;true;false;17-05-2025
9807168080667;true;false;17-05-2025
78505104758378;true;false;17-05-2025
9807110597235;true;false;17-05-2025
9807154918222;true;false;17-05-2025
9807147793760;true;false;17-05-2025
78505513685103;true;false;17-05-2025
78906245438536;true;false;17-05-2025
78505260645850;true;false;17-05-2025
YT8762528537330;true;false;17-05-2025
777307349649243;true;false;17-05-2025
YT8762461738113;true;false;17-05-2025
464408056143198;true;false;17-05-2025
464406600033214;true;false;17-05-2025
464400706356516;true;false;17-05-2025
464406452424914;true;false;17-05-2025
464406501116432;true;false;17-05-2025
464397008677027;true;false;17-05-2025
JT5377334326853;true;false;17-05-2025
JT5377347685701;true;false;17-05-2025
9807170813898;true;false;17-05-2025
464396292443587;true;false;17-05-2025
78505071183753;true;false;17-05-2025
464407982823257;true;false;17-05-2025
464406967487809;true;false;17-05-2025
464408091657094;true;false;17-05-2025
464405913309161;true;false;17-05-2025
464406237648989;true;false;17-05-2025
464406679297400;true;false;17-05-2025
464406317680857;true;false;17-05-2025
464407104085372;true;false;17-05-2025
464405898605421;true;false;17-05-2025
464408754021772;true;false;17-05-2025
773355173871362;true;false;17-05-2025
777306602900781;true;false;17-05-2025
YT8762770766089;true;false;17-05-2025
78504972785115;true;false;17-05-2025
777307330443286;true;false;17-05-2025
464408485651386;true;false;17-05-2025
464396753037295;true;false;17-05-2025
464406653907733;true;false;17-05-2025
78505427646514;true;false;17-05-2025
78505472028579;true;false;17-05-2025
YT8762648155641;true;false;17-05-2025
YT8762001568844;true;false;17-05-2025
YT8762563261645;true;false;17-05-2025
YT7545369166450;true;false;17-05-2025
464396652830032;true;false;17-05-2025
777306694590171;true;false;17-05-2025
464398577942163;true;false;17-05-2025
YT8761778586789;true;false;17-05-2025
777306540101658;true;false;17-05-2025
YT8761988148768;true;false;17-05-2025
777307353171405;true;false;17-05-2025
78505105739230;true;false;17-05-2025
YT8762686574965;true;false;17-05-2025
YT8762054533587;true;false;17-05-2025
YT8762694355352;true;false;17-05-2025
YT8762664944962;true;false;17-05-2025
YT8762595259555;true;false;17-05-2025
78505220380512;true;false;17-05-2025
78505536402753;true;false;17-05-2025
YT8762708848179;true;false;17-05-2025
464406426809087;true;false;17-05-2025
777307278454443;true;false;17-05-2025
464405916693673;true;false;17-05-2025
777306715442176;true;false;17-05-2025
777307228298339;true;false;17-05-2025
777307127165431;true;false;17-05-2025
777306428906493;true;false;17-05-2025
777307323193685;true;false;17-05-2025
JT5377779512138;true;false;17-05-2025
JT5377721965207;true;false;17-05-2025
JT5377591294425;true;false;17-05-2025
777306645908161;true;false;17-05-2025
JT5377514407345;true;false;17-05-2025
777306700027341;true;false;17-05-2025
YT8762012997020;true;false;17-05-2025
78505451355960;true;false;17-05-2025
78505454009398;true;false;17-05-2025
YT8762568076510;true;false;17-05-2025
YT8762656674374;true;false;17-05-2025
78505108232309;true;false;17-05-2025
YT8761923425965;true;false;17-05-2025
YT7545327696036;true;false;17-05-2025
78505506377909;true;false;17-05-2025
YT8762361927734;true;false;17-05-2025
JT5378017240578;true;false;17-05-2025
JT5377482087578;true;false;17-05-2025
JT5378018383378;true;false;17-05-2025
777307355443167;true;false;17-05-2025
YT8762516854140;true;false;17-05-2025
YT8762700716351;true;false;17-05-2025
YT8762483379954;true;false;17-05-2025
JT5378012067541;true;false;17-05-2025
JT5377999519971;true;false;17-05-2025
JT5377683950950;true;false;17-05-2025
YT8762582572003;true;false;17-05-2025
777306681336013;true;false;17-05-2025
YT8762697006248;true;false;17-05-2025
777307195967921;true;false;17-05-2025
777307267449216;true;false;17-05-2025
777306681106810;true;false;17-05-2025
777307336355779;true;false;17-05-2025
777307330823535;true;false;17-05-2025
777306691075880;true;false;17-05-2025
777307107403074;true;false;17-05-2025
777307352174595;true;false;17-05-2025
777307116501459;true;false;17-05-2025
777307247409830;true;false;17-05-2025
777306666240768;true;false;17-05-2025
777306529620055;true;false;17-05-2025
777307298524777;true;false;17-05-2025
YT8762682768522;true;false;17-05-2025
JT5377816140561;true;false;17-05-2025
78505516341111;true;false;17-05-2025
78505457878436;true;false;17-05-2025
78505331465145;true;false;17-05-2025
78505444032465;true;false;17-05-2025
78505260734349;true;false;17-05-2025
78505475606588;true;false;17-05-2025
777307154770828;true;false;17-05-2025
464396977560232;true;false;17-05-2025
777307185612952;true;false;17-05-2025
464406471043017;true;false;17-05-2025
JT5377694616861;true;false;17-05-2025
JT5377543881396;true;false;17-05-2025
JT5377810287379;true;false;17-05-2025
JT5377657234126;true;false;17-05-2025
JT5378000111608;true;false;17-05-2025
9807165728243;true;false;17-05-2025
JT5377819216066;true;false;17-05-2025
464409167606499;true;false;18-05-2025
46440082943769;true;false;18-05-2025
JT5377590597692;true;false;18-05-2025
JT5377542965220;true;false;18-05-2025
777306855465097;true;false;18-05-2025
777306938641538;true;false;18-05-2025
464408068376226;true;false;18-05-2025
464406242970975;true;false;18-05-2025
JT5377663587033;true;false;18-05-2025
JT5377734162004;true;false;18-05-2025
JT5377523544666;true;false;18-05-2025
JT5378031417648;true;false;18-05-2025
JT5377500744892;true;false;18-05-2025
JT5377911277222;true;false;18-05-2025
JT5377745689787;true;false;18-05-2025
JT5377559789199;true;false;18-05-2025
JT5377546961659;true;false;18-05-2025
JT5378126087374;true;false;18-05-2025
JT5377658657146;true;false;18-05-2025
JT5377673375872;true;false;18-05-2025
JT5377878877633;true;false;18-05-2025
JT5377749489563;true;false;18-05-2025
JT5377733358136;true;false;18-05-2025
JT5377727730713;true;false;18-05-2025
JT5377731102925;true;false;18-05-2025
JT5377526126607;true;false;18-05-2025
JT5377526107726;true;false;18-05-2025
JT5377166230358;true;false;18-05-2025
JT5377650589231;true;false;18-05-2025
JT5377820810622;true;false;18-05-2025
JT5377717259153;true;false;18-05-2025
JT5377733376309;true;false;18-05-2025
JT5377669808081;true;false;18-05-2025
JT5377861841959;true;false;18-05-2025
9807170933573;true;false;18-05-2025
JT5377500806705;true;false;18-05-2025
9807148238980;true;false;18-05-2025
9807151266793;true;false;18-05-2025
JT5377646511652;true;false;18-05-2025
JT5377660813905;true;false;18-05-2025
JT5377502559246;true;false;18-05-2025
JT5377679124100;true;false;18-05-2025
464407614857583;true;false;18-05-2025
9807167774366;true;false;18-05-2025
9807165888220;true;false;18-05-2025
JT5378089668597;true;false;18-05-2025
JT5377543255756;true;false;18-05-2025
JT5377518485750;true;false;18-05-2025
JT5378004375793;true;false;18-05-2025
JT5377663503346;true;false;18-05-2025
JT5377546365168;true;false;18-05-2025
777307348317905;true;false;18-05-2025
9807171356915;true;false;18-05-2025
JT5377643373762;true;false;18-05-2025
JT5377790454180;true;false;18-05-2025
464408556225605;true;false;18-05-2025
JT5377546422838;true;false;18-05-2025
JT5377542216792;true;false;18-05-2025
JT5377548109635;true;false;18-05-2025
JT5377543506342;true;false;18-05-2025
JT5377492845235;true;false;18-05-2025
JT5378031525811;true;false;18-05-2025
JT5377789134064;true;false;18-05-2025
JT5377528315437;true;false;18-05-2025
JT5377563808424;true;false;18-05-2025
JT5377560940345;true;false;18-05-2025
464402719738645;true;false;18-05-2025
777307288170188;true;false;18-05-2025
JT5377566365593;true;false;18-05-2025
JT5377522813544;true;false;18-05-2025
JT5377558850495;true;false;18-05-2025
JT5377669271993;true;false;18-05-2025
9807179972334;true;false;18-05-2025
9807115858166;true;false;18-05-2025
JT5377704572887;true;false;18-05-2025
9807180500732;true;false;18-05-2025
9807149202940;true;false;18-05-2025
9807175680743;true;false;18-05-2025
JT5377528003582;true;false;18-05-2025
9807122897675;true;false;18-05-2025
9807179606929;true;false;18-05-2025
9807152607855;true;false;18-05-2025
9807152444189;true;false;18-05-2025
9807173142987;true;false;18-05-2025
9807128080783;true;false;18-05-2025
9807177610998;true;false;18-05-2025
464406679483289;true;false;18-05-2025
464408675972480;true;false;18-05-2025
9807153535317;true;false;18-05-2025
9807115855735;true;false;18-05-2025
9807128029732;true;false;18-05-2025
9807150988631;true;false;18-05-2025
464408685934619;true;false;18-05-2025
777306713280905;true;false;18-05-2025
9807150902995;true;false;18-05-2025
464408676232082;true;false;18-05-2025
9807147556189;true;false;18-05-2025
9807155348165;true;false;18-05-2025
9807151531898;true;false;18-05-2025
9807152811494;true;false;18-05-2025
9807147822384;true;false;18-05-2025
JT5377535813364;true;false;18-05-2025
9807160811002;true;false;18-05-2025
9807162183201;true;false;18-05-2025
9807150462437;true;false;18-05-2025
464396943035337;true;false;18-05-2025
9807155338275;true;false;18-05-2025
9807164691041;true;false;18-05-2025
9807165908432;true;false;18-05-2025
464397890558438;true;false;18-05-2025
9807151661203;true;false;18-05-2025
464398641578978;true;false;18-05-2025
464406199545471;true;false;18-05-2025
464405975100944;true;false;18-05-2025
464395850928269;true;false;18-05-2025
464408804213428;true;false;18-05-2025
464407701546600;true;false;18-05-2025
YT8762837979328;true;false;18-05-2025
464408400205514;true;false;18-05-2025
464399128460070;true;false;18-05-2025
464408127825047;true;false;18-05-2025
464406498479926;true;false;18-05-2025
464409038286080;true;false;18-05-2025
9807153921704;true;false;18-05-2025
9807149813382;true;false;18-05-2025
464409116758524;true;false;18-05-2025
9807175938615;true;false;18-05-2025
464408678356552;true;false;18-05-2025
464406236038395;true;false;18-05-2025
464406647980820;true;false;18-05-2025
464409028078151;true;false;18-05-2025
464408142164622;true;false;18-05-2025
SF3173364715779;true;false;18-05-2025
464408410949342;true;false;18-05-2025
464406156960960;true;false;18-05-2025
464409152216468;true;false;18-05-2025
9807177631917;true;false;18-05-2025
464409124845453;true;false;18-05-2025
777307221037716;true;false;18-05-2025
9807150496332;true;false;18-05-2025
9807122807541;true;false;18-05-2025
YT8762538158048;true;false;18-05-2025
464398925198183;true;false;18-05-2025
9807179076659;true;false;18-05-2025
464407766205354;true;false;18-05-2025
777306809439931;true;false;18-05-2025
777306975886489;true;false;18-05-2025
777306698774457;true;false;18-05-2025
777306874803321;true;false;18-05-2025
777306857163554;true;false;18-05-2025
JT5377914672046;true;false;18-05-2025
777307123791626;true;false;18-05-2025
777306759003770;true;false;18-05-2025
777306817754627;true;false;18-05-2025
JT5378132072725;true;false;18-05-2025
JT5377602700133;true;false;18-05-2025
JT5378070490766;true;false;18-05-2025
JT5378147794774;true;false;18-05-2025
JT5377860085530;true;false;18-05-2025
JT5377884570808;true;false;18-05-2025
JT5378152366876;true;false;18-05-2025
777306992272873;true;false;18-05-2025
777307109563180;true;false;18-05-2025
777307201976927;true;false;18-05-2025
8209564461813;true;false;18-05-2025
464407702334575;true;false;18-05-2025
777306689919096;true;false;18-05-2025
777307271227830;true;false;18-05-2025
777306990699750;true;false;18-05-2025
777306735753433;true;false;18-05-2025
JT5377908076934;true;false;18-05-2025
777307317681155;true;false;18-05-2025
777307351626189;true;false;18-05-2025
78505499111126;true;false;18-05-2025
JT5377716738168;true;false;18-05-2025
JT5377963273032;true;false;18-05-2025
777307002507539;true;false;18-05-2025
JT5378152825139;true;false;18-05-2025
JT5378127720429;true;false;18-05-2025
JT5377986848936;true;false;18-05-2025
464407585375341;true;false;18-05-2025
777306711204344;true;false;18-05-2025
464409023517158;true;false;18-05-2025
777306922317209;true;false;18-05-2025
9807174864513;true;false;18-05-2025
777306521281926;true;false;18-05-2025
9807173085792;true;false;18-05-2025
777306412410352;true;false;18-05-2025
777306934275739;true;false;18-05-2025
JT5377948654238;true;false;18-05-2025
YT8762546014107;true;false;18-05-2025
777306874743238;true;false;18-05-2025
777306838136981;true;false;18-05-2025
777306903223102;true;false;18-05-2025
JT5378122599885;true;false;18-05-2025
777306687956718;true;false;18-05-2025
464408333446542;true;false;18-05-2025
JT5377986088747;true;false;18-05-2025
777307182631807;true;false;18-05-2025
JT5377871495758;true;false;18-05-2025
JT5377500431477;true;false;18-05-2025
JT5377918699818;true;false;18-05-2025
464408700611760;true;false;18-05-2025
464408749363446;true;false;18-05-2025
464408929540734;true;false;18-05-2025
777307291835539;true;false;18-05-2025
464396903062995;true;false;18-05-2025
777307283399170;true;false;18-05-2025
464407629551500;true;false;18-05-2025
464408567615894;true;false;18-05-2025
777307155633667;true;false;18-05-2025
777306860948839;true;false;18-05-2025
777306941060075;true;false;18-05-2025
9807214808329;true;false;18-05-2025
777307285054778;true;false;18-05-2025
777306941765725;true;false;18-05-2025
464406644850063;true;false;18-05-2025
777307342865905;true;false;18-05-2025
464408420494712;true;false;18-05-2025
YT8762450714142;true;false;18-05-2025
777307285056035;true;false;18-05-2025
YT8762477069753;true;false;18-05-2025
777306715105745;true;false;18-05-2025
464408768147156;true;false;18-05-2025
YT8762473405238;true;false;18-05-2025
YT8762602335441;true;false;18-05-2025
YT8762663552261;true;false;18-05-2025
464404411495705;true;false;18-05-2025
9807172408497;true;false;18-05-2025
YT8762580388846;true;false;18-05-2025
YT8762547197896;true;false;18-05-2025
464399122342792;true;false;18-05-2025
464405398009909;true;false;18-05-2025
434575376207911;true;false;18-05-2025
777307276247669;true;false;18-05-2025
YT8762996937722;true;false;18-05-2025
YT8762610138708;true;false;18-05-2025
YT8762790162764;true;false;18-05-2025
YT8763004238716;true;false;18-05-2025
YT8762919269927;true;false;18-05-2025
YT8762892797569;true;false;18-05-2025
YT8762932176190;true;false;18-05-2025
YT8762762425688;true;false;18-05-2025
464405117677959;true;false;18-05-2025
YT8762905015703;true;false;18-05-2025
YT8762875588445;true;false;18-05-2025
YT8762612535552;true;false;18-05-2025
YT8762717285901;true;false;18-05-2025
YT8762603904132;true;false;18-05-2025
YT8762582498099;true;false;18-05-2025
YT8762904660540;true;false;18-05-2025
YT8762441803145;true;false;18-05-2025
YT8762817948629;true;false;18-05-2025
YT8762927898779;true;false;18-05-2025
YT8762866389402;true;false;18-05-2025
YT8762965772707;true;false;18-05-2025
78505581945829;true;false;18-05-2025
464407985844906;true;false;18-05-2025
78505410233166;true;false;18-05-2025
777306850298772;true;false;18-05-2025
777307255764957;true;false;18-05-2025
777307266867823;true;false;18-05-2025
78505474082333;true;false;18-05-2025
78505492116887;true;false;18-05-2025
78505418570429;true;false;18-05-2025
78505413831132;true;false;18-05-2025
464408806366401;true;false;18-05-2025
78505647975571;true;false;18-05-2025
YT8762871036661;true;false;18-05-2025
YT8762571972847;true;false;18-05-2025
78505346750749;true;false;18-05-2025
YT8762510685359;true;false;18-05-2025
YT8762810781360;true;false;18-05-2025
777306701652411;true;false;18-05-2025
YT8762978038915;true;false;18-05-2025
YT8762781493688;true;false;18-05-2025
YT8762793220535;true;false;18-05-2025
YT8762851505837;true;false;18-05-2025
YT8762988888272;true;false;18-05-2025
464408950598804;true;false;18-05-2025
777307252252655;true;false;18-05-2025
78505413220257;true;false;18-05-2025
78505326913337;true;false;18-05-2025
78505475247976;true;false;18-05-2025
78505423610183;true;false;18-05-2025
78505296377896;true;false;18-05-2025
78505695522685;true;false;18-05-2025
YT8762526648797;true;false;18-05-2025
78505256365118;true;false;18-05-2025
78505395261729;true;false;18-05-2025
YT8762816878431;true;false;18-05-2025
78505444564983;true;false;18-05-2025
78505433242583;true;false;18-05-2025
78505263980665;true;false;18-05-2025
YT8762646128874;true;false;18-05-2025
78505348621881;true;false;18-05-2025
78505474991137;true;false;18-05-2025
YT8762778650490;true;false;18-05-2025
YT8762694994429;true;false;18-05-2025
464404669327681;true;false;18-05-2025
YT8762796117953;true;false;18-05-2025
YT8762476783717;true;false;18-05-2025
YT8762892106901;true;false;18-05-2025
YT8762456137336;true;false;18-05-2025
YT8762887255865;true;false;18-05-2025
YT8762600471134;true;false;18-05-2025
YT8762412902833;true;false;18-05-2025
YT8762822609977;true;false;18-05-2025
YT8762614510081;true;false;18-05-2025
YT8762711637221;true;false;18-05-2025
YT8762615621061;true;false;18-05-2025
464409100079862;true;false;18-05-2025
YT8762442483553;true;false;18-05-2025
464404297760192;true;false;18-05-2025
777307283312207;true;false;18-05-2025
78505493888870;true;false;18-05-2025
YT8762596661559;true;false;18-05-2025
YT8762813784331;true;false;18-05-2025
464405154405983;true;false;18-05-2025
464404244730614;true;false;18-05-2025
YT8762580374555;true;false;18-05-2025
777307153929085;true;false;18-05-2025
777307208796735;true;false;18-05-2025
YT8762546056174;true;false;18-05-2025
YT8761849287843;true;false;18-05-2025
YT8762696344899;true;false;18-05-2025
464407960620408;true;false;18-05-2025
YT8762531807453;true;false;18-05-2025
464404779844077;true;false;18-05-2025
YT8761829873925;true;false;18-05-2025
YT8762666001023;true;false;18-05-2025
78505671083076;true;false;18-05-2025
YT8762636723885;true;false;18-05-2025
464405602981342;true;false;18-05-2025
YT8762666785028;true;false;18-05-2025
777307162985563;true;false;18-05-2025
YT8762694967175;true;false;18-05-2025
YT8762594627141;true;false;18-05-2025
777307292228418;true;false;18-05-2025
78505715573902;true;false;18-05-2025
YT8762912154596;true;false;18-05-2025
YT8762573905436;true;false;18-05-2025
78505562488781;true;false;18-05-2025
78505788644891;true;false;18-05-2025
78505749599000;true;false;18-05-2025
78505665069175;true;false;18-05-2025
78505736833023;true;false;18-05-2025
78505626649100;true;false;18-05-2025
78505734677359;true;false;18-05-2025
78505336142659;true;false;18-05-2025
78505488781108;true;false;18-05-2025
464404479687669;true;false;18-05-2025
464405751116232;true;false;18-05-2025
9807176870706;true;false;18-05-2025
777307200119906;true;false;18-05-2025
777307310536814;true;false;18-05-2025
777307115578768;true;false;18-05-2025
777306768565405;true;false;18-05-2025
78505531824506;true;false;18-05-2025
78505627082708;true;false;18-05-2025
78505526888395;true;false;18-05-2025
78505791143886;true;false;18-05-2025
78505323908976;true;false;18-05-2025
464404619328570;true;false;18-05-2025
464407985845953;true;false;18-05-2025
464404712446111;true;false;18-05-2025
464406690206479;true;false;18-05-2025
464408624216376;true;false;18-05-2025
464408920618890;true;false;18-05-2025
78906865475862;true;false;18-05-2025
464404219095507;true;false;18-05-2025
464405117711445;true;false;18-05-2025
464404417753245;true;false;18-05-2025
464405026629565;true;false;18-05-2025
464405231044970;true;false;18-05-2025
312749931261092;true;false;18-05-2025
464405198037950;true;false;18-05-2025
464405574926426;true;false;18-05-2025
777307296324648;true;false;18-05-2025
78505308967649;true;false;18-05-2025
78505692220552;true;false;18-05-2025
78505558318114;true;false;18-05-2025
777307233624200;true;false;18-05-2025
78505324383557;true;false;18-05-2025
YT8762540360033;true;false;18-05-2025
777306691573856;true;false;18-05-2025
78505696351167;true;false;18-05-2025
464404749387286;true;false;18-05-2025
434577343101416;true;false;18-05-2025
777307204919146;true;false;18-05-2025
777306850298796;true;false;18-05-2025
78505616227681;true;false;18-05-2025
9807176853400;true;false;18-05-2025
777306974861176;true;false;18-05-2025
9807159297757;true;false;18-05-2025
777307249163386;true;false;18-05-2025
JT5377543782011;true;false;18-05-2025
9807165796937;true;false;18-05-2025
9807176536299;true;false;18-05-2025
JT5377726829782;true;false;18-05-2025
9807216317955;true;false;18-05-2025
78505752560123;true;false;18-05-2025
JT5378075897304;true;false;18-05-2025
777307188868766;true;false;18-05-2025
777307174622981;true;false;18-05-2025
777306702697156;true;false;18-05-2025
777307157252928;true;false;18-05-2025
777307204428645;true;false;18-05-2025
9807220228169;true;false;18-05-2025
9807220130599;true;false;18-05-2025
9807159188171;true;false;18-05-2025
777306749841466;true;false;18-05-2025
YT8762685089501;true;false;18-05-2025
9807149681823;true;false;18-05-2025
464405751943082;true;false;18-05-2025
9807215860324;true;false;18-05-2025
464404744316100;true;false;18-05-2025
464405358725287;true;false;18-05-2025
464404236868625;true;false;18-05-2025
78505729983606;true;false;18-05-2025
YT8762795084252;true;false;19-05-2025
YT8763100311256;true;false;19-05-2025
YT8762957564147;true;false;19-05-2025
YT8762889881905;true;false;19-05-2025
777307938961813;true;false;19-05-2025
464404770659777;true;false;19-05-2025
777307782451099;true;false;19-05-2025
JT5378367727824;true;false;19-05-2025
9807137884652;true;false;19-05-2025
JT5378043759967;true;false;19-05-2025
JT5378101442392;true;false;19-05-2025
JT5378049728984;true;false;19-05-2025
JT5377910836813;true;false;19-05-2025
JT5377826539056;true;false;19-05-2025
JT5377994538755;true;false;19-05-2025
JT5378365688952;true;false;19-05-2025
JT5377764993831;true;false;19-05-2025
JT5377838246578;true;false;19-05-2025
JT5378134063304;true;false;19-05-2025
JT5378085561661;true;false;19-05-2025
777306710747888;true;false;19-05-2025
JT5378035361306;true;false;19-05-2025
SF3172991765076;true;false;19-05-2025
JT5377939257411;true;false;19-05-2025
9807175846432;true;false;19-05-2025
9807223620621;true;false;19-05-2025
JT5377422539663;true;false;19-05-2025
JT5378424093793;true;false;19-05-2025
JT5377890100174;true;false;19-05-2025
464410055477279;true;false;19-05-2025
464410409980869;true;false;19-05-2025
777306821086760;true;false;19-05-2025
78505553683705;true;false;19-05-2025
777306916516253;true;false;19-05-2025
777306915312093;true;false;19-05-2025
78505462704520;true;false;19-05-2025
DPK317016940920;true;false;19-05-2025
YT8762603888515;true;false;19-05-2025
777306854332099;true;false;19-05-2025
777307959876964;true;false;19-05-2025
JT5378044021355;true;false;19-05-2025
JT5377754438448;true;false;19-05-2025
JT5377880107098;true;false;19-05-2025
JT5377854863713;true;false;19-05-2025
JT5377894435673;true;false;19-05-2025
9807215141540;true;false;19-05-2025
9807228460079;true;false;19-05-2025
464410384140091;true;false;19-05-2025
464410526505583;true;false;19-05-2025
JT5377931295897;true;false;19-05-2025
464410101888237;true;false;19-05-2025
464402810410634;true;false;19-05-2025
9807223136378;true;false;19-05-2025
9807215804945;true;false;19-05-2025
JT5378073240901;true;false;19-05-2025
JT5378114412972;true;false;19-05-2025
JT5378115112602;true;false;19-05-2025
JT5378111789058;true;false;19-05-2025
9807219582704;true;false;19-05-2025
JT5378110216556;true;false;19-05-2025
JT5377826503749;true;false;19-05-2025
9807217985439;true;false;19-05-2025
JT5378148193294;true;false;19-05-2025
JT5377976590546;true;false;19-05-2025
JT5377902433720;true;false;19-05-2025
9807227330053;true;false;19-05-2025
JT5377935549186;true;false;19-05-2025
9807240975207;true;false;19-05-2025
9807222344830;true;false;19-05-2025
9807215707881;true;false;19-05-2025
9807221748420;true;false;19-05-2025
464405597789101;true;false;19-05-2025
9807215583171;true;false;19-05-2025
9807221883403;true;false;19-05-2025
9807216985426;true;false;19-05-2025
9807161995842;true;false;19-05-2025
464404294896058;true;false;19-05-2025
9807228502244;true;false;19-05-2025
464407243750622;true;false;19-05-2025
9807221325676;true;false;19-05-2025
9807217029380;true;false;19-05-2025
464405304982530;true;false;19-05-2025
777306780431487;true;false;19-05-2025
9807154994362;true;false;19-05-2025
9807165814697;true;false;19-05-2025
464404947904336;true;false;19-05-2025
464404392606507;true;false;19-05-2025
464405243748544;true;false;19-05-2025
464405145223727;true;false;19-05-2025
464405659279401;true;false;19-05-2025
464406221770645;true;false;19-05-2025
777306874879232;true;false;19-05-2025
9807167533604;true;false;19-05-2025
777306780481982;true;false;19-05-2025
8209117131113;true;false;19-05-2025
464405427219197;true;false;19-05-2025
464406725091739;true;false;19-05-2025
464404867855667;true;false;19-05-2025
464410096522853;true;false;19-05-2025
464404897413931;true;false;19-05-2025
464406844653389;true;false;19-05-2025
464406365386782;true;false;19-05-2025
777307793181667;true;false;19-05-2025
464407039602693;true;false;19-05-2025
464406736237420;true;false;19-05-2025
777306735682787;true;false;19-05-2025
777306906829574;true;false;19-05-2025
464407447266022;true;false;19-05-2025
464407218438144;true;false;19-05-2025
777306922547459;true;false;19-05-2025
777306748537982;true;false;19-05-2025
777307000895513;true;false;19-05-2025
777306811373289;true;false;19-05-2025
464404819027879;true;false;19-05-2025
777306881197281;true;false;19-05-2025
777306865918514;true;false;19-05-2025
777306928181306;true;false;19-05-2025
777306909664950;true;false;19-05-2025
777306961323395;true;false;19-05-2025
777306790933986;true;false;19-05-2025
777306935289810;true;false;19-05-2025
777306934199172;true;false;19-05-2025
777307336921253;true;false;19-05-2025
777307839768887;true;false;19-05-2025
777307717650968;true;false;19-05-2025
777307754129805;true;false;19-05-2025
777307998662993;true;false;19-05-2025
777307013717686;true;false;19-05-2025
YT8763185588941;true;false;19-05-2025
YT8762743345909;true;false;19-05-2025
777307959118233;true;false;19-05-2025
777308017423712;true;false;19-05-2025
777307941698358;true;false;19-05-2025
777306973957737;true;false;19-05-2025
777308013384287;true;false;19-05-2025
YT8762782483213;true;false;19-05-2025
464405188017109;true;false;19-05-2025
777307014234504;true;false;19-05-2025
464404704377848;true;false;19-05-2025
777307077874291;true;false;19-05-2025
777306767408340;true;false;19-05-2025
777306869921269;true;false;19-05-2025
777306833758378;true;false;19-05-2025
777306808658710;true;false;19-05-2025
777306980206336;true;false;19-05-2025
777306904781949;true;false;19-05-2025
777306888092244;true;false;19-05-2025
777306827420190;true;false;19-05-2025
777306795369346;true;false;19-05-2025
78505384125464;true;false;19-05-2025
YT8762810801903;true;false;19-05-2025
78505712655530;true;false;19-05-2025
78505657086196;true;false;19-05-2025
777306806219139;true;false;19-05-2025
777306781063125;true;false;19-05-2025
777306953113622;true;false;19-05-2025
777306805982525;true;false;19-05-2025
777306855849472;true;false;19-05-2025
777307727166358;true;false;19-05-2025
777306955587841;true;false;19-05-2025
777307769844749;true;false;19-05-2025
YT8762782483213;true;false;19-05-2025
YT8762754281708;true;false;19-05-2025
YT8763223732547;true;false;19-05-2025
777307748046653;true;false;19-05-2025
YT8762790733414;true;false;19-05-2025
YT8762984719936;true;false;19-05-2025
YT8762873990756;true;false;19-05-2025
YT8762941366683;true;false;19-05-2025
YT8762938010478;true;false;19-05-2025
YT8762936368102;true;false;19-05-2025
8113402578608;true;false;19-05-2025
777307963828963;true;false;19-05-2025
78506027399466;true;false;19-05-2025
JT5378350437904;true;false;19-05-2025
9807234617009;true;false;19-05-2025
9807163810640;true;false;19-05-2025
9807239496438;true;false;19-05-2025
9807152965786;true;false;19-05-2025
JT5378206129217;true;false;19-05-2025
78505593183810;true;false;19-05-2025
464403001694003;true;false;19-05-2025
JT5378141659360;true;false;19-05-2025
JT5378174876987;true;false;19-05-2025
YT8762523036881;true;false;19-05-2025
YT8762764112809;true;false;19-05-2025
464410388705672;true;false;19-05-2025
777307960961306;true;false;19-05-2025
9807221550538;true;false;19-05-2025
777307750236108;true;false;19-05-2025
JT5378269911252;true;false;19-05-2025
78505734254630;true;false;19-05-2025
78505705060241;true;false;19-05-2025
JT5378234695372;true;false;19-05-2025
JT5377981162068;true;false;19-05-2025
JT5378449366826;true;false;19-05-2025
JT5378229795669;true;false;19-05-2025
JT5378277882949;true;false;19-05-2025
777307839787198;true;false;19-05-2025
9807234908719;true;false;19-05-2025
JT5378278568908;true;false;19-05-2025
JT5377709421716;true;false;19-05-2025
JT5378299764298;true;false;19-05-2025
JT5378175326960;true;false;19-05-2025
JT5378242063106;true;false;19-05-2025
777307981398555;true;false;19-05-2025
78505641930951;true;false;19-05-2025
777307941286907;true;false;19-05-2025
JT5378479436421;true;false;19-05-2025
78505654102971;true;false;19-05-2025
78505728437449;true;false;19-05-2025
777307698278628;true;false;19-05-2025
78505939107331;true;false;19-05-2025
78505661641828;true;false;19-05-2025
777306781655330;true;false;19-05-2025
78505574923637;true;false;19-05-2025
78505735886269;true;false;19-05-2025
464410487759526;true;false;19-05-2025
777308018623248;true;false;19-05-2025
777306937649069;true;false;19-05-2025
777306937669068000;true;false;19-05-2025
777307918775913;true;false;19-05-2025
777307981714985;true;false;19-05-2025
78505725824839;true;false;19-05-2025
78505613389056;true;false;19-05-2025
777307752321782;true;false;19-05-2025
78505667221214;true;false;19-05-2025
78505252762033;true;false;19-05-2025
YT8763149980020;true;false;19-05-2025
78505655208476;true;false;19-05-2025
78505782805963;true;false;19-05-2025
YT8762563568081;true;false;19-05-2025
YT8762869246456;true;false;19-05-2025
YT8763100015640;true;false;19-05-2025
78504992640108;true;false;19-05-2025
78505683736465;true;false;19-05-2025
78505715104415;true;false;19-05-2025
78505663332096;true;false;19-05-2025
78505597647843;true;false;19-05-2025
78505640937559;true;false;19-05-2025
78505583700793;true;false;19-05-2025
78505634585906;true;false;19-05-2025
78505568356071;true;false;19-05-2025
78505563898884;true;false;19-05-2025
78505605873175;true;false;19-05-2025
78505811542571;true;false;19-05-2025
YT8762748057496;true;false;19-05-2025
YT8762796777885;true;false;19-05-2025
464410330487799;true;false;19-05-2025
464407134620702;true;false;19-05-2025
777307941694713;true;false;19-05-2025
78505939353584;true;false;19-05-2025
777308024578288;true;false;19-05-2025
777306863359728;true;false;19-05-2025
464403564757297;true;false;19-05-2025
464404065058953;true;false;19-05-2025
464410209801273;true;false;19-05-2025
464409957749347;true;false;19-05-2025
777306687882000;true;false;19-05-2025
464405166007207;true;false;19-05-2025
YT8762743737733;true;false;19-05-2025
YT8762921712882;true;false;19-05-2025
78506049688824;true;false;19-05-2025
YT8762820502379;true;false;19-05-2025
464410548188964;true;false;19-05-2025
78505821033994;true;false;19-05-2025
78505619960042;true;false;19-05-2025
78506024147279;true;false;19-05-2025
78505633671685;true;false;19-05-2025
78505864824822;true;false;19-05-2025
78505934301353;true;false;19-05-2025
YT8762890395376;true;false;19-05-2025
JT5378455491960;true;false;19-05-2025
JT5378215242334;true;false;19-05-2025
JT5378262445375;true;false;19-05-2025
JT5378222713279;true;false;19-05-2025
78505987118802;true;false;19-05-2025
78505668702224;true;false;19-05-2025
JT5378302737252;true;false;19-05-2025
78505803772269;true;false;19-05-2025
YT8762838969757;true;false;19-05-2025
YT8762848905352;true;false;19-05-2025
464404219701153;true;false;19-05-2025
464403043689457;true;false;19-05-2025
78505910066681;true;false;19-05-2025
78504971577533;true;false;19-05-2025
YT8762831744713;true;false;19-05-2025
464410539305981;true;false;19-05-2025
464403809807560;true;false;19-05-2025
464410223335536;true;false;19-05-2025
464410045448501;true;false;19-05-2025
464405964531053;true;false;19-05-2025
JT5378277128967;true;false;19-05-2025
JT5378225380642;true;false;19-05-2025
464410469441869;true;false;19-05-2025
464404774789193;true;false;19-05-2025
464404015109620;true;false;19-05-2025
464403083198624;true;false;19-05-2025
464403389513559;true;false;19-05-2025
464410619842940;true;false;19-05-2025
464403592598005;true;false;19-05-2025
YT8762783119203;true;false;19-05-2025
YT8763042281420;true;false;19-05-2025
YT8763154471722;true;false;19-05-2025
YT8763200103016;true;false;19-05-2025
YT8763243665737;true;false;19-05-2025
YT8763154177538;true;false;19-05-2025
YT8763133225074;true;false;19-05-2025
YT8763211475362;true;false;19-05-2025
YT8763104315522;true;false;19-05-2025
YT8763052143877;true;false;19-05-2025
YT8763025634872;true;false;19-05-2025
YT8763273074761;true;false;19-05-2025
YT8763069753083;true;false;19-05-2025
YT8763134721562;true;false;19-05-2025
YT8763224851078;true;false;19-05-2025
YT8762560384062;true;false;19-05-2025
YT8762884653491;true;false;19-05-2025
YT8763154417010;true;false;19-05-2025
YT8763160123330;true;false;19-05-2025
YT8763183185768;true;false;19-05-2025
YT8763069033051;true;false;19-05-2025
YT8763096192671;true;false;19-05-2025
YT8762785072098;true;false;19-05-2025
YT8763138001309;true;false;19-05-2025
YT7545749306337;true;false;19-05-2025
YT8763158806661;true;false;19-05-2025
YT8763165183322;true;false;19-05-2025
YT8763002511163;true;false;19-05-2025
YT8763073282845;true;false;19-05-2025
YT8763193482303;true;false;19-05-2025
YT8763055084607;true;false;19-05-2025
464410092446470;true;false;20-05-2025
464410092552000;true;false;20-05-2025
9807244771491;true;false;20-05-2025
78505601286846;true;false;20-05-2025
777307963318693;true;false;20-05-2025
JT5378334619097;true;false;20-05-2025
YT8763597386089;true;false;20-05-2025
YT8763056919524;true;false;20-05-2025
YT8763498881960;true;false;20-05-2025
YT8763275344471;true;false;20-05-2025
YT8763457230853;true;false;20-05-2025
YT8763472103110;true;false;20-05-2025
YT8763255725524;true;false;20-05-2025
YT8763140760720;true;false;20-05-2025
YT8763548026222;true;false;20-05-2025
YT8763558931431;true;false;20-05-2025
YT8763577754194;true;false;20-05-2025
YT8763087134392;true;false;20-05-2025
YT8763491019515;true;false;20-05-2025
YT8763511057127;true;false;20-05-2025
YT8762934633093;true;false;20-05-2025
YT8763391629221;true;false;20-05-2025
YT8763419301760;true;false;20-05-2025
YT8763388625256;true;false;20-05-2025
YT8763547664382;true;false;20-05-2025
YT8763512771790;true;false;20-05-2025
YT8763388629463;true;false;20-05-2025
YT8763317014951;true;false;20-05-2025
YT8763601516888;true;false;20-05-2025
YT8763339603306;true;false;20-05-2025
YT8762934633563;true;false;20-05-2025
YT8763599551137;true;false;20-05-2025
YT8763462867293;true;false;20-05-2025
YT8763337092632;true;false;20-05-2025
YT8763196201590;true;false;20-05-2025
YT8763477686784;true;false;20-05-2025
78506148216046;true;false;20-05-2025
78506155646831;true;false;20-05-2025
78505969313144;true;false;20-05-2025
78506256613817;true;false;20-05-2025
78506303284480;true;false;20-05-2025
78505810912496;true;false;20-05-2025
78506202628986;true;false;20-05-2025
78506163170480;true;false;20-05-2025
78506338728147;true;false;20-05-2025
78506297413058;true;false;20-05-2025
78505691791262;true;false;20-05-2025
78505906460056;true;false;20-05-2025
78505890977086;true;false;20-05-2025
78506234206828;true;false;20-05-2025
78505823410286;true;false;20-05-2025
JT5378180225590;true;false;20-05-2025
9807190579972;true;false;20-05-2025
9807227713549;true;false;20-05-2025
JT5378258499723;true;false;20-05-2025
9807231374722;true;false;20-05-2025
777307752696765;true;false;20-05-2025
9807232455661;true;false;20-05-2025
9807232754999;true;false;20-05-2025
777307813279778;true;false;20-05-2025
9807158097993;true;false;20-05-2025
777308018797882;true;false;20-05-2025
JT5378402370443;true;false;20-05-2025
JT5378333676917;true;false;20-05-2025
9807243841618;true;false;20-05-2025
JT5378241424579;true;false;20-05-2025
JT5378257995851;true;false;20-05-2025
JT5378176981606;true;false;20-05-2025
JT5378469726057;true;false;20-05-2025
777307749668778;true;false;20-05-2025
JT5378279542247;true;false;20-05-2025
JT5378836487096;true;false;20-05-2025
9807244784259;true;false;20-05-2025
JT5378334710390;true;false;20-05-2025
JT5378115112613;true;false;20-05-2025
JT5378196567444;true;false;20-05-2025
JT5378328488848;true;false;20-05-2025
JT5378275387637;true;false;20-05-2025
JT5378224717168;true;false;20-05-2025
9807229314016;true;false;20-05-2025
9807235046784;true;false;20-05-2025
9807244790993;true;false;20-05-2025
78505972413418;true;false;20-05-2025
9807241213105;true;false;20-05-2025
JT5378236332606;true;false;20-05-2025
JT5378077585539;true;false;20-05-2025
JT5378180456548;true;false;20-05-2025
JT5378418278520;true;false;20-05-2025
YT8763268775862;true;false;20-05-2025
464397292930648;true;false;20-05-2025
JT5378185297180;true;false;20-05-2025
JT5378432566855;true;false;20-05-2025
777307741497085;true;false;20-05-2025
777307756956307;true;false;20-05-2025
9807199795542;true;false;20-05-2025
JT5378354673655;true;false;20-05-2025
9807237281517;true;false;20-05-2025
JT5378887221701;true;false;20-05-2025
9807246091939;true;false;20-05-2025
464403977380174;true;false;20-05-2025
JT5378167699871;true;false;20-05-2025
777308028765751;true;false;20-05-2025
JT5378361706845;true;false;20-05-2025
777307463667143;true;false;20-05-2025
JT5378469055296;true;false;20-05-2025
9807244691622;true;false;20-05-2025
9807236870754;true;false;20-05-2025
9807241003031;true;false;20-05-2025
JT5378482929406;true;false;20-05-2025
JT5377989298357;true;false;20-05-2025
78906355857586;true;false;20-05-2025
9807237880408;true;false;20-05-2025
9807232076983;true;false;20-05-2025
9807246154967;true;false;20-05-2025
9807234205271;true;false;20-05-2025
9807246997217;true;false;20-05-2025
9807236505979;true;false;20-05-2025
777307795179995;true;false;20-05-2025
78505914867551;true;false;20-05-2025
9807238596826;true;false;20-05-2025
9807160187630;true;false;20-05-2025
9807159046913;true;false;20-05-2025
777307412862305;true;false;20-05-2025
777307663759865;true;false;20-05-2025
777307750996474;true;false;20-05-2025
777307753299642;true;false;20-05-2025
464410108416833;true;false;20-05-2025
777307765890645;true;false;20-05-2025
777307816750248;true;false;20-05-2025
777307788772732;true;false;20-05-2025
464411864238918;true;false;20-05-2025
777307706957924;true;false;20-05-2025
777307745425839;true;false;20-05-2025
78907178856179;true;false;20-05-2025
464410538663212;true;false;20-05-2025
9807242853004;true;false;20-05-2025
777307795571164;true;false;20-05-2025
777307731958772;true;false;20-05-2025
777307754091593;true;false;20-05-2025
777307983062426;true;false;20-05-2025
464403019309186;true;false;20-05-2025
777307960964542;true;false;20-05-2025
777307432543371;true;false;20-05-2025
464412291742270;true;false;20-05-2025
777307698889719;true;false;20-05-2025
464403323040190;true;false;20-05-2025
464403468189514;true;false;20-05-2025
464410565034610;true;false;20-05-2025
464403185496270;true;false;20-05-2025
78505844797888;true;false;20-05-2025
78506346715306;true;false;20-05-2025
464403609712856;true;false;20-05-2025
78505950029176;true;false;20-05-2025
464410142238166;true;false;20-05-2025
78505932417883;true;false;20-05-2025
78506003195159;true;false;20-05-2025
78505969252249;true;false;20-05-2025
78505508761675;true;false;20-05-2025
78506069205826;true;false;20-05-2025
9807234297023;true;false;20-05-2025
YT8762969778127;true;false;20-05-2025
464403066099411;true;false;20-05-2025
777307961025624;true;false;20-05-2025
464402966717337;true;false;20-05-2025
464404007579717;true;false;20-05-2025
464402665161257;true;false;20-05-2025
464403935402313;true;false;20-05-2025
464411863133404;true;false;20-05-2025
464410682038032;true;false;20-05-2025
464403257503257;true;false;20-05-2025
78505872998966;true;false;20-05-2025
78505857184345;true;false;20-05-2025
78505892464510;true;false;20-05-2025
78505948176689;true;false;20-05-2025
YT8763151512512;true;false;20-05-2025
9807221730106;true;false;20-05-2025
YT8763597974244;true;false;20-05-2025
621230549624012;true;false;20-05-2025
YT8763163034398;true;false;20-05-2025
434579740296825;true;false;20-05-2025
777307702563075;true;false;20-05-2025
777306690751755;true;false;20-05-2025
777307375990313;true;false;20-05-2025
777307747349903;true;false;20-05-2025
777307747354907;true;false;20-05-2025
777308002148935;true;false;20-05-2025
777307477875414;true;false;20-05-2025
777307393533348;true;false;20-05-2025
777307800876624;true;false;20-05-2025
777307627171968;true;false;20-05-2025
777307769823066;true;false;20-05-2025
777307568031079;true;false;20-05-2025
777307513026745;true;false;20-05-2025
777307365649180;true;false;20-05-2025
777307366230515;true;false;20-05-2025
777307679287857;true;false;20-05-2025
777307683970433;true;false;20-05-2025
777307623142824;true;false;20-05-2025
777307631211510;true;false;20-05-2025
777307615653692;true;false;20-05-2025
777307641939640;true;false;20-05-2025
777307368131061;true;false;20-05-2025
777307379447487;true;false;20-05-2025
777307842669750;true;false;20-05-2025
1362359451608;true;false;20-05-2025
464404455984609;true;false;20-05-2025
YT8763049706944;true;false;20-05-2025
YT8763256931234;true;false;20-05-2025
464402952787329;true;false;20-05-2025
464410706244252;true;false;20-05-2025
464403138484920;true;false;20-05-2025
464405320414380;true;false;20-05-2025
464405030865724;true;false;20-05-2025
YT8763227703154;true;false;20-05-2025
78505962298543;true;false;20-05-2025
78505894751152;true;false;20-05-2025
YT8763254120179;true;false;20-05-2025
YT8763037357279;true;false;20-05-2025
YT8763461704104;true;false;20-05-2025
YT8763081907033;true;false;20-05-2025
YT8763405639145;true;false;20-05-2025
YT8763518752555;true;false;20-05-2025
YT8763141841808;true;false;20-05-2025
YT8763304579621;true;false;20-05-2025
9807213425178;true;false;20-05-2025
YT8763024138742;true;false;20-05-2025
YT8763024330212;true;false;20-05-2025
9807188105911;true;false;20-05-2025
9807213425977;true;false;20-05-2025
9807194579927;true;false;20-05-2025
9807205999341;true;false;20-05-2025
1362180965608;true;false;20-05-2025
9807213800049;true;false;20-05-2025
78505573028627;true;false;20-05-2025
464411685890183;true;false;20-05-2025
78505582935949;true;false;20-05-2025
464403642582725;true;false;20-05-2025
777307915409200;true;false;20-05-2025
777307486969916;true;false;20-05-2025
777307908926735;true;false;20-05-2025
464403863117221;true;false;20-05-2025
YT8763071036422;true;false;20-05-2025
YT8763154348910;true;false;20-05-2025
777307618107860;true;false;20-05-2025
777307824766187;true;false;20-05-2025
YT8763036828194;true;false;20-05-2025
YT8762934616968;true;false;20-05-2025
YT8763241625829;true;false;20-05-2025
YT8762933001301;true;false;20-05-2025
464409436501981;true;false;20-05-2025
777307499966519;true;false;20-05-2025
YT8763001108605;true;false;20-05-2025
777307582698970;true;false;20-05-2025
777307800854063;true;false;20-05-2025
777307379129829;true;false;20-05-2025
YT8763426515293;true;false;20-05-2025
78505885478601;true;false;20-05-2025
YT8763303797398;true;false;20-05-2025
464412465930577;true;false;20-05-2025
464403632733629;true;false;20-05-2025
YT8763187312515;true;false;20-05-2025
78505629141412;true;false;20-05-2025
YT8763288779703;true;false;20-05-2025
YT8762946414497;true;false;20-05-2025
78505901217190;true;false;20-05-2025
YT8763041080770;true;false;20-05-2025
YT8763102993595;true;false;20-05-2025
YT8762934097655;true;false;20-05-2025
YT8763144053930;true;false;20-05-2025
78505914789511;true;false;20-05-2025
78505883137177;true;false;20-05-2025
YT8763209328247;true;false;20-05-2025
YT8762675416058;true;false;20-05-2025
YT8763061977283;true;false;20-05-2025
YT8763245648363;true;false;20-05-2025
464411552082888;true;false;20-05-2025
78505918085022;true;false;20-05-2025
78506196089065;true;false;20-05-2025
78505814003752;true;false;20-05-2025
464405321670115;true;false;20-05-2025
464402938591853;true;false;20-05-2025
464409372333012;true;false;20-05-2025
YT8763027978688;true;false;20-05-2025
YT8763041715395;true;false;20-05-2025
464403073567138;true;false;20-05-2025
78505904627724;true;false;20-05-2025
464410615214151;true;false;20-05-2025
464412113041504;true;false;20-05-2025
464413966153391;true;false;20-05-2025
464410025076047;true;false;20-05-2025
464411196072853;true;false;20-05-2025
YT8763141441509;true;false;20-05-2025
464406945519198;true;false;20-05-2025
JT5376579445672;true;false;20-05-2025
464411561246824;true;false;20-05-2025
JT5378276177196;true;false;20-05-2025
78506111925315;true;false;20-05-2025
78505824869637;true;false;20-05-2025
78506221378881;true;false;20-05-2025
JT5378933836275;true;false;20-05-2025
JT5378947820214;true;false;20-05-2025
JT5379152755987;true;false;20-05-2025
JT5378259959391;true;false;20-05-2025
434582218062254;true;false;20-05-2025
464411618177498;true;false;20-05-2025
JT5379105430824;true;false;20-05-2025
JT5378482927079;true;false;20-05-2025
464409386156078;true;false;20-05-2025
JT5378376537548;true;false;20-05-2025
464412419349108;true;false;20-05-2025
JT5378328506413;true;false;20-05-2025
JT5379002656277;true;false;20-05-2025
78506333210226;true;false;20-05-2025
JT5378196516601;true;false;20-05-2025
JT5378341308034;true;false;20-05-2025
JT5379118146440;true;false;20-05-2025
JT5379128211955;true;false;20-05-2025
78506102467245;true;false;20-05-2025
JT5379013419309;true;false;20-05-2025
78506021011924;true;false;20-05-2025
JT5379147437481;true;false;20-05-2025
JT5378440327533;true;false;20-05-2025
78505671179088;true;false;20-05-2025
JT5379064795663;true;false;20-05-2025
78907208818341;true;false;20-05-2025
JT5378224423226;true;false;20-05-2025
464410362857503;true;false;20-05-2025
YT8763111381622;true;false;20-05-2025
YT8763176279126;true;false;20-05-2025
YT8763004806562;true;false;20-05-2025
YT8763027234809;true;false;20-05-2025
JT5378372841057;true;false;20-05-2025
JT5379042032248;true;false;20-05-2025
JT5378412125210;true;false;20-05-2025
464412159491602;true;false;20-05-2025
JT5379048222491;true;false;20-05-2025
JT5379055053832;true;false;20-05-2025
JT5378382484644;true;false;20-05-2025
464411442721870;true;false;20-05-2025
464413888646967;true;false;20-05-2025
464410899611946;true;false;20-05-2025
464409811023537;true;false;21-05-2025
777307500432531;true;false;21-05-2025
YT8763501611999;true;false;21-05-2025
YT8763435830543;true;false;21-05-2025
777307847277798;true;false;21-05-2025
JT5378920309645;true;false;21-05-2025
JT5378222307895;true;false;21-05-2025
JT5378910144185;true;false;21-05-2025
9807183030998;true;false;21-05-2025
DPK317016667727;true;false;21-05-2025
JT5378960113005;true;false;21-05-2025
777306906710038;true;false;21-05-2025
JT5378832551727;true;false;21-05-2025
464414123516233;true;false;21-05-2025
JT5378967976276;true;false;21-05-2025
JT5378610706900;true;false;21-05-2025
JT3120223161897;true;false;21-05-2025
JT5378448584058;true;false;21-05-2025
JT5379162817079;true;false;21-05-2025
JT5378957485418;true;false;21-05-2025
JT5378917014048;true;false;21-05-2025
464411762386292;true;false;21-05-2025
9807195617537;true;false;21-05-2025
777307435190800;true;false;21-05-2025
JT5378845950620;true;false;21-05-2025
JT5379026755987;true;false;21-05-2025
9807233813587;true;false;21-05-2025
9807234318461;true;false;21-05-2025
9807205889279;true;false;21-05-2025
JT5378964089881;true;false;21-05-2025
JT5378862414147;true;false;21-05-2025
JT5378962346048;true;false;21-05-2025
YT8763342689232;true;false;21-05-2025
JT5379148138396;true;false;21-05-2025
JT5378290762979;true;false;21-05-2025
JT5379039555481;true;false;21-05-2025
9807199964294;true;false;21-05-2025
JT5378842926223;true;false;21-05-2025
JT5378081358773;true;false;21-05-2025
JT5379050224994;true;false;21-05-2025
9807210592891;true;false;21-05-2025
9807209869048;true;false;21-05-2025
JT5379113167355;true;false;21-05-2025
JT5379154179165;true;false;21-05-2025
JT5378948520637;true;false;21-05-2025
JT5378201216735;true;false;21-05-2025
9807198561520;true;false;21-05-2025
9807187366488;true;false;21-05-2025
JT3120077439510;true;false;21-05-2025
9807188097963;true;false;21-05-2025
9807241266512;true;false;21-05-2025
JT5379136301576;true;false;21-05-2025
JT5379082620819;true;false;21-05-2025
464415039103533;true;false;21-05-2025
464409488037588;true;false;21-05-2025
JT5378888198905;true;false;21-05-2025
78506107244202;true;false;21-05-2025
9807182212639;true;false;21-05-2025
9807199856225;true;false;21-05-2025
9807208598808;true;false;21-05-2025
777307500119159;true;false;21-05-2025
777307424522445;true;false;21-05-2025
9807207984702;true;false;21-05-2025
JT5378167697900;true;false;21-05-2025
9807239559133;true;false;21-05-2025
JT5378448313128;true;false;21-05-2025
9807239145523;true;false;21-05-2025
9807207450834;true;false;21-05-2025
464409222556253;true;false;21-05-2025
464413257450663;true;false;21-05-2025
9807184356333;true;false;21-05-2025
777307523573665;true;false;21-05-2025
464410960473995;true;false;21-05-2025
464411934002022;true;false;21-05-2025
777308368965251;true;false;21-05-2025
777308003774768;true;false;21-05-2025
464413548422114;true;false;21-05-2025
777308456003823;true;false;21-05-2025
777307422498438;true;false;21-05-2025
9807229090600;true;false;21-05-2025
78506048523010;true;false;21-05-2025
9807213519924;true;false;21-05-2025
777307885400199;true;false;21-05-2025
777307512101442;true;false;21-05-2025
YT8763329282458;true;false;21-05-2025
777307705466382;true;false;21-05-2025
464412459086960;true;false;21-05-2025
777307365087722;true;false;21-05-2025
777307507473355;true;false;21-05-2025
777307404558422;true;false;21-05-2025
777307621545863;true;false;21-05-2025
464413876375006;true;false;21-05-2025
777307813337904;true;false;21-05-2025
777308666803774;true;false;21-05-2025
464409605299701;true;false;21-05-2025
464414201126358;true;false;21-05-2025
464412605426973;true;false;21-05-2025
9807206419851;true;false;21-05-2025
777307512041827;true;false;21-05-2025
78506463009475;true;false;21-05-2025
464412498557536;true;false;21-05-2025
464409334901283;true;false;21-05-2025
464411208708906;true;false;21-05-2025
YT8763352856808;true;false;21-05-2025
78506166200468;true;false;21-05-2025
464414045941591;true;false;21-05-2025
78506333731835;true;false;21-05-2025
464411260723539;true;false;21-05-2025
777307937077312;true;false;21-05-2025
464412454096920;true;false;21-05-2025
464409558691411;true;false;21-05-2025
777308017169825;true;false;21-05-2025
464413047680825;true;false;21-05-2025
464412570715434;true;false;21-05-2025
777307653839173;true;false;21-05-2025
777307499612137;true;false;21-05-2025
777308638191943;true;false;21-05-2025
464411043395141;true;false;21-05-2025
78506145481819;true;false;21-05-2025
464414179099080;true;false;21-05-2025
464414973478330;true;false;21-05-2025
464414471836729;true;false;21-05-2025
YT8763396875986;true;false;21-05-2025
464415909266337;true;false;21-05-2025
777307623056420;true;false;21-05-2025
464412407062024;true;false;21-05-2025
464403986073145;true;false;21-05-2025
464411814383312;true;false;21-05-2025
YT8763454204567;true;false;21-05-2025
YT8763511477318;true;false;21-05-2025
YT8763420914393;true;false;21-05-2025
464409829808767;true;false;21-05-2025
464410103165057;true;false;21-05-2025
78506380418576;true;false;21-05-2025
YT8763460527564;true;false;21-05-2025
464411742630068;true;false;21-05-2025
78506090772587;true;false;21-05-2025
78506144922546;true;false;21-05-2025
YT8763374100415;true;false;21-05-2025
YT8763778778384;true;false;21-05-2025
78505839777551;true;false;21-05-2025
464411039505175;true;false;21-05-2025
78506555055107;true;false;21-05-2025
YT8763065905022;true;false;21-05-2025
YT8763604782963;true;false;21-05-2025
YT8763578575725;true;false;21-05-2025
YT8763406545254;true;false;21-05-2025
YT8763534837410;true;false;21-05-2025
YT8763902457459;true;false;21-05-2025
YT8763600456170;true;false;21-05-2025
9807248338338;true;false;21-05-2025
YT8763399989578;true;false;21-05-2025
78506168128702;true;false;21-05-2025
78506056289427;true;false;21-05-2025
78506454371633;true;false;21-05-2025
464410103167546;true;false;21-05-2025
78506403674576;true;false;21-05-2025
777307919408873;true;false;21-05-2025
777307554651386;true;false;21-05-2025
777308462948328;true;false;21-05-2025
777307897423195;true;false;21-05-2025
777307943052064;true;false;21-05-2025
78506110952541;true;false;21-05-2025
78506553550998;true;false;21-05-2025
777307908193875;true;false;21-05-2025
78506144356962;true;false;21-05-2025
78506317376121;true;false;21-05-2025
777307526546126;true;false;21-05-2025
464412482726329;true;false;21-05-2025
464413128100882;true;false;21-05-2025
777307614944248;true;false;21-05-2025
777308514925332;true;false;21-05-2025
464415743239472;true;false;21-05-2025
777308398420351;true;false;21-05-2025
777308501633703;true;false;21-05-2025
464412406623583;true;false;21-05-2025
78506291618599;true;false;21-05-2025
777307458433826;true;false;21-05-2025
777307501705708;true;false;21-05-2025
YT8763321221329;true;false;21-05-2025
78506354306128;true;false;21-05-2025
YT8763500108676;true;false;21-05-2025
78506101841464;true;false;21-05-2025
9807181136663;true;false;21-05-2025
777308650583424;true;false;21-05-2025
JT5378855390527;true;false;21-05-2025
78506614288212;true;false;21-05-2025
JT5378734265608;true;false;21-05-2025
YT8763452331371;true;false;21-05-2025
JT5378578169173;true;false;21-05-2025
YT8763432174873;true;false;21-05-2025
464411500299487;true;false;21-05-2025
78506053221332;true;false;21-05-2025
9807237588451;true;false;21-05-2025
78506620827551;true;false;21-05-2025
JT5378502366855;true;false;21-05-2025
78506501820820;true;false;21-05-2025
JT5378466811137;true;false;21-05-2025
78506368454805;true;false;21-05-2025
YT8763299033843;true;false;21-05-2025
78506482453607;true;false;21-05-2025
JT5378925755144;true;false;21-05-2025
9807253053670;true;false;21-05-2025
YT8763575758622;true;false;21-05-2025
78506103707528;true;false;21-05-2025
YT8763263229856;true;false;21-05-2025
78506488298495;true;false;21-05-2025
78506381092720;true;false;21-05-2025
464415251574888;true;false;21-05-2025
464402682122178;true;false;21-05-2025
464415490648374;true;false;21-05-2025
464412371978468;true;false;21-05-2025
777308661461828;true;false;21-05-2025
JT5378766308197;true;false;21-05-2025
JT5379145710508;true;false;21-05-2025
9807181205612;true;false;21-05-2025
78506575843484;true;false;21-05-2025
78506477369332;true;false;21-05-2025
78506380325688;true;false;21-05-2025
777307472927012;true;false;21-05-2025
777308502896825;true;false;21-05-2025
JT5378572374636;true;false;21-05-2025
JT5378800085639;true;false;21-05-2025
777307633235065;true;false;21-05-2025
464413193462784;true;false;21-05-2025
78506382237456;true;false;21-05-2025
777307686059120;true;false;21-05-2025
777307487348723;true;false;21-05-2025
777307479960236;true;false;21-05-2025
777307619520318;true;false;21-05-2025
777308648036969;true;false;21-05-2025
777308646301270;true;false;21-05-2025
777307689157820;true;false;21-05-2025
464415124413405;true;false;21-05-2025
464415606464010;true;false;21-05-2025
78506493092358;true;false;21-05-2025
464412753382873;true;false;21-05-2025
464409572418399;true;false;21-05-2025
464414622410018;true;false;21-05-2025
464415107600981;true;false;21-05-2025
JT5378909814167;true;false;21-05-2025
777308415370405;true;false;21-05-2025
777308633168245;true;false;21-05-2025
777308692662111;true;false;21-05-2025
777308669307086;true;false;21-05-2025
777307614261974;true;false;21-05-2025
78506514682469;true;false;21-05-2025
78506253966460;true;false;21-05-2025
464415411701369;true;false;21-05-2025
78506213077116;true;false;21-05-2025
464409810011640;true;false;21-05-2025
78506154483074;true;false;21-05-2025
464409810012049;true;false;21-05-2025
464409810980354;true;false;21-05-2025
464409810012362;true;false;21-05-2025
464409811022976;true;false;21-05-2025
464409810980601;true;false;21-05-2025
464409811022841;true;false;21-05-2025
464409810011983;true;false;21-05-2025
464413149095551;true;false;21-05-2025
464414961678830;true;false;21-05-2025
777308366227368;true;false;21-05-2025
777308664257775;true;false;21-05-2025
464415718032891;true;false;21-05-2025
464412495273279;true;false;21-05-2025
9807261304104;true;false;21-05-2025
464410010066634;true;false;21-05-2025
JT5378641814771;true;false;21-05-2025
JT5378503287802;true;false;21-05-2025
JT5378847365578;true;false;21-05-2025
JT5378621826631;true;false;21-05-2025
777308396962078;true;false;21-05-2025
JT5378287050399;true;false;21-05-2025
777307941828445;true;false;21-05-2025
9807279685599;true;false;21-05-2025
JT5378658996457;true;false;21-05-2025
JT5378619015522;true;false;21-05-2025
JT5378697770887;true;false;21-05-2025
JT5378727844085;true;false;21-05-2025
JT5378494288382;true;false;21-05-2025
JT5378717591849;true;false;21-05-2025
464413655800303;true;false;22-05-2025
YT8763863459338;true;false;22-05-2025
JT5379429987371;true;false;22-05-2025
464414937734830;true;false;22-05-2025
464412594462196;true;false;22-05-2025
YT8763950490606;true;false;22-05-2025
9807253487870;true;false;22-05-2025
YT8763467716020;true;false;22-05-2025
YT87637634452921;true;false;22-05-2025
YT8763674964445;true;false;22-05-2025
78506141786431;true;false;22-05-2025
78506233922941;true;false;22-05-2025
YT8764098315611;true;false;22-05-2025
YT8763355235231;true;false;22-05-2025
YT8763921897034;true;false;22-05-2025
464421738650688;true;false;22-05-2025
YT8764031790574;true;false;22-05-2025
YT7546679245994;true;false;22-05-2025
YT8763807361020;true;false;22-05-2025
YT8764046640325;true;false;22-05-2025
YT8763853724974;true;false;22-05-2025
YT8763839954528;true;false;22-05-2025
YT8763738639766;true;false;22-05-2025
YT8764008912268;true;false;22-05-2025
YT8764254978184;true;false;22-05-2025
YT7546791975230;true;false;22-05-2025
YT8763621841106;true;false;22-05-2025
YT8764216849516;true;false;22-05-2025
YT8763965751680;true;false;22-05-2025
YT8764058478257;true;false;22-05-2025
YT8764061275674;true;false;22-05-2025
YT8764063334979;true;false;22-05-2025
YT8763923374184;true;false;22-05-2025
YT8764058510698;true;false;22-05-2025
YT8763948672041;true;false;22-05-2025
YT8763920720919;true;false;22-05-2025
YT7546637859274;true;false;22-05-2025
YT8763731968708;true;false;22-05-2025
YT8763729451933;true;false;22-05-2025
YT8763718788844;true;false;22-05-2025
YT8763641307154;true;false;22-05-2025
YT8763778794432;true;false;22-05-2025
YT8763824179804;true;false;22-05-2025
YT8763654217695;true;false;22-05-2025
YT8763827081229;true;false;22-05-2025
YT8763727591549;true;false;22-05-2025
9807258622721;true;false;22-05-2025
JT5378719142222;true;false;22-05-2025
464421396590766;true;false;22-05-2025
YT8763619362439;true;false;22-05-2025
YT8763804959851;true;false;22-05-2025
9807258060312;true;false;22-05-2025
JT5378569632703;true;false;22-05-2025
78506717232495;true;false;22-05-2025
YT8763890789815;true;false;22-05-2025
464410656561559;true;false;22-05-2025
YT8763785371611;true;false;22-05-2025
JT5378673832570;true;false;22-05-2025
9807251340113;true;false;22-05-2025
9807197434370;true;false;22-05-2025
YT8763519967820;true;false;22-05-2025
YT8763716545384;true;false;22-05-2025
YT8763892200338;true;false;22-05-2025
YT8763388400626;true;false;22-05-2025
YT8763318293386;true;false;22-05-2025
464412847831947;true;false;22-05-2025
YT8763868307713;true;false;22-05-2025
YT8763886596908;true;false;22-05-2025
78506742303902;true;false;22-05-2025
YT8763867431455;true;false;22-05-2025
YT8763731711441;true;false;22-05-2025
78506847443196;true;false;22-05-2025
78506778758527;true;false;22-05-2025
78506784043401;true;false;22-05-2025
78506500373838;true;false;22-05-2025
78506664585649;true;false;22-05-2025
YT8763861220699;true;false;22-05-2025
78506677164018;true;false;22-05-2025
YT8763775746157;true;false;22-05-2025
78505792109966;true;false;22-05-2025
YT8763863302317;true;false;22-05-2025
9807247757491;true;false;22-05-2025
9807255492775;true;false;22-05-2025
YT8763695251517;true;false;22-05-2025
YT8763834828664;true;false;22-05-2025
YT8763030148096;true;false;22-05-2025
9807249291928;true;false;22-05-2025
777307936898008;true;false;22-05-2025
JT5378286546058;true;false;22-05-2025
JT5379071747752;true;false;22-05-2025
JT5378169821344;true;false;22-05-2025
JT5378767408005;true;false;22-05-2025
JT5378804991557;true;false;22-05-2025
9879000924851;true;false;22-05-2025
464409810012738;true;false;22-05-2025
YT8763388401849;true;false;22-05-2025
JT5378525450947;true;false;22-05-2025
JT5378599943474;true;false;22-05-2025
JT5378610305570;true;false;22-05-2025
9807187528826;true;false;22-05-2025
9807205843303;true;false;22-05-2025
JT5378697909442;true;false;22-05-2025
JT5378606295291;true;false;22-05-2025
JT5378730465128;true;false;22-05-2025
SF3181008628450;true;false;22-05-2025
JT5378736826756;true;false;22-05-2025
9807205440083;true;false;22-05-2025
JT5378671261155;true;false;22-05-2025
JT5378631005180;true;false;22-05-2025
78506782693636;true;false;22-05-2025
78506717435453;true;false;22-05-2025
JT5378810573249;true;false;22-05-2025
9807248219769;true;false;22-05-2025
9807248031468;true;false;22-05-2025
9807258686251;true;false;22-05-2025
9807247995974;true;false;22-05-2025
464413654833124;true;false;22-05-2025
JT5378641031723;true;false;22-05-2025
464413729337811;true;false;22-05-2025
9807249571073;true;false;22-05-2025
9807256134572;true;false;22-05-2025
9807254111630;true;false;22-05-2025
464415635650825;true;false;22-05-2025
JT5378793097105;true;false;22-05-2025
464415514254487;true;false;22-05-2025
JT5379405151284;true;false;22-05-2025
464414560529288;true;false;22-05-2025
JT5378695916312;true;false;22-05-2025
78506851593066;true;false;22-05-2025
JT5378938224049;true;false;22-05-2025
JT5379108109286;true;false;22-05-2025
9807249650754;true;false;22-05-2025
9807208892682;true;false;22-05-2025
JT5378641636302;true;false;22-05-2025
464409810980516;true;false;22-05-2025
464409810012273;true;false;22-05-2025
JT5379089142158;true;false;22-05-2025
464413384527584;true;false;22-05-2025
9807256020733;true;false;22-05-2025
JT5378978086107;true;false;22-05-2025
9807183442834;true;false;22-05-2025
JT5378809170231;true;false;22-05-2025
9807203866835;true;false;22-05-2025
9807197485217;true;false;22-05-2025
9807252790408;true;false;22-05-2025
9807254627921;true;false;22-05-2025
9807203843695;true;false;22-05-2025
464415456497746;true;false;22-05-2025
9807259491874;true;false;22-05-2025
JT5378712281019;true;false;22-05-2025
78506854907393;true;false;22-05-2025
YT8763800386206;true;false;22-05-2025
YT8763710147407;true;false;22-05-2025
YT7546525869538;true;false;22-05-2025
JT5378571022962;true;false;22-05-2025
YT8763545310333;true;false;22-05-2025
9807256996605;true;false;22-05-2025
464420011102746;true;false;22-05-2025
777308690782891;true;false;22-05-2025
JT5378506539907;true;false;22-05-2025
777308110167128;true;false;22-05-2025
78506857249359;true;false;22-05-2025
78506746005677;true;false;22-05-2025
464415746584682;true;false;22-05-2025
YT8763768482446;true;false;22-05-2025
YT8763755801117;true;false;22-05-2025
JT5378567328965;true;false;22-05-2025
777308195212078;true;false;22-05-2025
JT5379433526273;true;false;22-05-2025
JT5379401916310;true;false;22-05-2025
JT5379230759815;true;false;22-05-2025
JT5378506825094;true;false;22-05-2025
777308183073438;true;false;22-05-2025
777308125222118;true;false;22-05-2025
JT5379204188886;true;false;22-05-2025
JT5378702504715;true;false;22-05-2025
JT5379121061225;true;false;22-05-2025
JT5378526087518;true;false;22-05-2025
JT5379104102105;true;false;22-05-2025
JT5379459342800;true;false;22-05-2025
JT5379351424041;true;false;22-05-2025
JT5379431190471;true;false;22-05-2025
JT5379418712243;true;false;22-05-2025
JT5379402784182;true;false;22-05-2025
JT5379451280055;true;false;22-05-2025
JT5379339698454;true;false;22-05-2025
JT5379176029303;true;false;22-05-2025
JT5378595019849;true;false;22-05-2025
YT8763821465704;true;false;22-05-2025
777308690782805;true;false;22-05-2025
777308443023799;true;false;22-05-2025
464415401321273;true;false;22-05-2025
777308611013321;true;false;22-05-2025
464419473967084;true;false;22-05-2025
777308488588672;true;false;22-05-2025
464415542731058;true;false;22-05-2025
777308095478110;true;false;22-05-2025
777308597883352;true;false;22-05-2025
777308029521206;true;false;22-05-2025
777308149385271;true;false;22-05-2025
464413005485826;true;false;22-05-2025
464415049109623;true;false;22-05-2025
777308613389050;true;false;22-05-2025
777308684248926;true;false;22-05-2025
777308033586283;true;false;22-05-2025
777308660116359;true;false;22-05-2025
777308068274924;true;false;22-05-2025
777308294257707;true;false;22-05-2025
777308389229176;true;false;22-05-2025
777308487174034;true;false;22-05-2025
777307557952806;true;false;22-05-2025
777308139061385;true;false;22-05-2025
777308316944392;true;false;22-05-2025
777308534844576;true;false;22-05-2025
464415187740871;true;false;22-05-2025
777307535323390;true;false;22-05-2025
777308183628888;true;false;22-05-2025
777308138884159;true;false;22-05-2025
777308166618183;true;false;22-05-2025
777308483477574;true;false;22-05-2025
777308283893372;true;false;22-05-2025
777308611010237;true;false;22-05-2025
777308369491340;true;false;22-05-2025
464415470205565;true;false;22-05-2025
777308438767996;true;false;22-05-2025
777308453544860;true;false;22-05-2025
9807280900030;true;false;22-05-2025
9807293753462;true;false;22-05-2025
777308482907421;true;false;22-05-2025
777307609571824;true;false;22-05-2025
777308149696915;true;false;22-05-2025
777308149664220;true;false;22-05-2025
777308149689875;true;false;22-05-2025
YT8763652737469;true;false;22-05-2025
777308609249571;true;false;22-05-2025
9807257102444;true;false;22-05-2025
9807203196809;true;false;22-05-2025
464421605086854;true;false;22-05-2025
9807261228505;true;false;22-05-2025
464421698759924;true;false;22-05-2025
777308075485482;true;false;22-05-2025
777308380171373;true;false;22-05-2025
YT8763823192725;true;false;22-05-2025
777308675355899;true;false;22-05-2025
YT7546361946134;true;false;22-05-2025
777308149690438;true;false;22-05-2025
777308149667314;true;false;22-05-2025
YT8763675693120;true;false;22-05-2025
777307569107163;true;false;22-05-2025
78506714880858;true;false;22-05-2025
464419782366884;true;false;22-05-2025
777308450428427;true;false;22-05-2025
777307556266200;true;false;22-05-2025
777308421110821;true;false;22-05-2025
464412655049377;true;false;22-05-2025
78506591588408;true;false;22-05-2025
78506449049801;true;false;22-05-2025
464413017202228;true;false;22-05-2025
78506828906449;true;false;22-05-2025
78506721838687;true;false;22-05-2025
78506857535275;true;false;22-05-2025
78506826791254;true;false;22-05-2025
78506783406459;true;false;22-05-2025
78506087636123;true;false;22-05-2025
464421694086517;true;false;22-05-2025
777307687653804;true;false;22-05-2025
777308378533906;true;false;22-05-2025
777307541549630;true;false;22-05-2025
464412214144730;true;false;22-05-2025
YT8763702253578;true;false;22-05-2025
777308600021612;true;false;22-05-2025
464413034664869;true;false;22-05-2025
777308406644000;true;false;22-05-2025
78506387745856;true;false;22-05-2025
YT8763836404725;true;false;22-05-2025
777307532381520;true;false;22-05-2025
777308448210020;true;false;22-05-2025
464422423762690;true;false;22-05-2025
777308575922485;true;false;22-05-2025
78506856368124;true;false;22-05-2025
78506429339587;true;false;22-05-2025
777307527509224;true;false;22-05-2025
777308618398381;true;false;22-05-2025
78506466736016;true;false;22-05-2025
78506486584477;true;false;22-05-2025
78506512045463;true;false;22-05-2025
777308514995271;true;false;22-05-2025
78506442818766;true;false;22-05-2025
777307528237598;true;false;22-05-2025
YT8763791779261;true;false;22-05-2025
YT8763749226799;true;false;22-05-2025
777308387359234;true;false;22-05-2025
777308187763270;true;false;22-05-2025
9807264835207;true;false;22-05-2025
9807263902375;true;false;22-05-2025
78506463387832;true;false;22-05-2025
78506629877071;true;false;22-05-2025
78907703596084;true;false;22-05-2025
78506458290907;true;false;22-05-2025
78506521653646;true;false;22-05-2025
464419772299347;true;false;22-05-2025
777308435108292;true;false;22-05-2025
773356355410411;true;false;22-05-2025
YT8763780494362;true;false;22-05-2025
78506379821348;true;false;22-05-2025
78506380071065;true;false;22-05-2025
YT8763778791060;true;false;22-05-2025
YT8763744712802;true;false;22-05-2025
464414368823548;true;false;22-05-2025
464421133660927;true;false;22-05-2025
464419459560946;true;false;22-05-2025
464419285630810;true;false;22-05-2025
YT8763752176115;true;false;22-05-2025
78506485479705;true;false;22-05-2025
78506390104170;true;false;22-05-2025
78506540744286;true;false;22-05-2025
YT8763199301370;true;false;22-05-2025
YT8762986710018;true;false;22-05-2025
YT7546607609243;true;false;22-05-2025
YT8763790712126;true;false;22-05-2025
YT8763908477367;true;false;22-05-2025
464421078723909;true;false;22-05-2025
YT8763807315485;true;false;22-05-2025
YT8763988089359;true;false;22-05-2025
464420069481395;true;false;22-05-2025
78506784736853;true;false;22-05-2025
464413022557902;true;false;22-05-2025
464419309686161;true;false;22-05-2025
464421001805449;true;false;22-05-2025
464421252218568;true;false;22-05-2025
464420007253837;true;false;22-05-2025
464421814211232;true;false;22-05-2025
YT8763835478350;true;false;22-05-2025
464419710891072;true;false;22-05-2025
78506587523509;true;false;22-05-2025
78506472914554;true;false;22-05-2025
464421988312614;true;false;22-05-2025
78506673018410;true;false;22-05-2025
78506386686415;true;false;22-05-2025
777307609589750;true;false;22-05-2025
78506840699716;true;false;22-05-2025
78506497701890;true;false;22-05-2025
78506558744298;true;false;22-05-2025
78908335409218;true;false;22-05-2025
78506524731510;true;false;22-05-2025
78506893363227;true;false;22-05-2025
78506527102616;true;false;22-05-2025
434583334960092;true;false;22-05-2025
YT8763922492720;true;false;22-05-2025
YT8763651098712;true;false;22-05-2025
464412690464905;true;false;22-05-2025
78506233922941;true;false;22-05-2025
YT8763996313835;true;false;23-05-2025
78891179274806;true;false;23-05-2025
JT5379213621087;true;false;23-05-2025
YT8764064845476;true;false;23-05-2025
464417613663362;true;false;23-05-2025
JT5378737284620;true;false;23-05-2025
YT8764053577674;true;false;23-05-2025
JT5379423090254;true;false;23-05-2025
464412564664189;true;false;23-05-2025
9807290530456;true;false;23-05-2025
9807272935207;true;false;23-05-2025
9807197067736;true;false;23-05-2025
JT5379816336947;true;false;23-05-2025
JT5379184907857;true;false;23-05-2025
JT5379249770283;true;false;23-05-2025
464419018630153;true;false;23-05-2025
464422625573717;true;false;23-05-2025
464418581727380;true;false;23-05-2025
JT5379577380643;true;false;23-05-2025
78506520467945;true;false;23-05-2025
78506701937725;true;false;23-05-2025
9807306531718;true;false;23-05-2025
9807201932226;true;false;23-05-2025
9807293565980;true;false;23-05-2025
464420166442926;true;false;23-05-2025
464414814327004;true;false;23-05-2025
9807308555033;true;false;23-05-2025
JT5379213559647;true;false;23-05-2025
JT5379213602797;true;false;23-05-2025
777308236494446;true;false;23-05-2025
78506828447646;true;false;23-05-2025
8252519533213;true;false;23-05-2025
78908277737554;true;false;23-05-2025
9807265497429;true;false;23-05-2025
9807271977019;true;false;23-05-2025
JT5379833141118;true;false;23-05-2025
9807297902229;true;false;23-05-2025
9807287083830;true;false;23-05-2025
464420163871232;true;false;23-05-2025
464418407650594;true;false;23-05-2025
9807289452319;true;false;23-05-2025
9807293034713;true;false;23-05-2025
9807275062713;true;false;23-05-2025
777308946845773;true;false;23-05-2025
JT5379583526459;true;false;23-05-2025
464419524280681;true;false;23-05-2025
9807213288899;true;false;23-05-2025
464420876037142;true;false;23-05-2025
JT5379514462615;true;false;23-05-2025
9807281397740;true;false;23-05-2025
JT5379530597803;true;false;23-05-2025
777309022510830;true;false;23-05-2025
JT5379518206466;true;false;23-05-2025
464420174907460;true;false;23-05-2025
JT5379517173342;true;false;23-05-2025
464418597575401;true;false;23-05-2025
JT5379798341885;true;false;23-05-2025
464420847429163;true;false;23-05-2025
JT5379360113828;true;false;23-05-2025
JT5379332575130;true;false;23-05-2025
JT5379343070648;true;false;23-05-2025
9807290966475;true;false;23-05-2025
464421144048898;true;false;23-05-2025
777308927086786;true;false;23-05-2025
777308935164047;true;false;23-05-2025
JT5379120132474;true;false;23-05-2025
464418858906354;true;false;23-05-2025
JT5379185321756;true;false;23-05-2025
JT5379719169957;true;false;23-05-2025
464419034315775;true;false;23-05-2025
JT5379803164998;true;false;23-05-2025
JT5379757427455;true;false;23-05-2025
464417884630453;true;false;23-05-2025
464419162727198;true;false;23-05-2025
78506765641565;true;false;23-05-2025
777308888176445;true;false;23-05-2025
464421142783868;true;false;23-05-2025
777308563254754;true;false;23-05-2025
464417796341725;true;false;23-05-2025
464421346388401;true;false;23-05-2025
777308977934233;true;false;23-05-2025
777308191833956;true;false;23-05-2025
464419890259075;true;false;23-05-2025
464419176830211;true;false;23-05-2025
464418732841044;true;false;23-05-2025
777308103790168;true;false;23-05-2025
777308997563558;true;false;23-05-2025
SF3181038527376;true;false;23-05-2025
464419426609405;true;false;23-05-2025
777308273641125;true;false;23-05-2025
777308201450268;true;false;23-05-2025
777308222316453;true;false;23-05-2025
777308893634161;true;false;23-05-2025
777308932647545;true;false;23-05-2025
777309030096625;true;false;23-05-2025
777308039402564;true;false;23-05-2025
78506925917126;true;false;23-05-2025
464420058770213;true;false;23-05-2025
777308698072446;true;false;23-05-2025
464403656645675;true;false;23-05-2025
464421540889493;true;false;23-05-2025
464420516309549;true;false;23-05-2025
777308193621923;true;false;23-05-2025
777308228063747;true;false;23-05-2025
777308940937009;true;false;23-05-2025
777309013559255;true;false;23-05-2025
777307534525064;true;false;23-05-2025
777308885323943;true;false;23-05-2025
78507103899372;true;false;23-05-2025
773356775957133;true;false;23-05-2025
78507131644847;true;false;23-05-2025
78506913353977;true;false;23-05-2025
777308336331928;true;false;23-05-2025
777308245223462;true;false;23-05-2025
777308564674101;true;false;23-05-2025
78908560466051;true;false;23-05-2025
777308638472422;true;false;23-05-2025
777308967489346;true;false;23-05-2025
973983402863014;true;false;23-05-2025
78908416408670;true;false;23-05-2025
78506916990611;true;false;23-05-2025
78506948685207;true;false;23-05-2025
78507134181443;true;false;23-05-2025
78507121680713;true;false;23-05-2025
78506788539739;true;false;23-05-2025
777308220164261;true;false;23-05-2025
78506955242752;true;false;23-05-2025
YT8764448243207;true;false;23-05-2025
78507123984347;true;false;23-05-2025
YT8764168788367;true;false;23-05-2025
777308276110115;true;false;23-05-2025
JT5379495772691;true;false;23-05-2025
777308984892998;true;false;23-05-2025
YT8764212899669;true;false;23-05-2025
YT8764272224102;true;false;23-05-2025
777308564675507;true;false;23-05-2025
78507019088482;true;false;23-05-2025
78506863457243;true;false;23-05-2025
YT8764415561150;true;false;23-05-2025
YT8764466126038;true;false;23-05-2025
YT8764442484235;true;false;23-05-2025
78506686389064;true;false;23-05-2025
78507123545214;true;false;23-05-2025
78506761285096;true;false;23-05-2025
YT8764379617265;true;false;23-05-2025
78507097244262;true;false;23-05-2025
78507058331715;true;false;23-05-2025
78507031290425;true;false;23-05-2025
78506909424861;true;false;23-05-2025
YT8764076703003;true;false;23-05-2025
78506820141640;true;false;23-05-2025
78506644179853;true;false;23-05-2025
78507151673193;true;false;23-05-2025
78507127865354;true;false;23-05-2025
78506959574180;true;false;23-05-2025
464414283196818;true;false;23-05-2025
YT8764449715897;true;false;23-05-2025
YT8764459826437;true;false;23-05-2025
YT8764033328685;true;false;23-05-2025
78507096235950;true;false;23-05-2025
YT8764364393994;true;false;23-05-2025
YT8764431118912;true;false;23-05-2025
YT8764418972867;true;false;23-05-2025
YT8763995015008;true;false;23-05-2025
YT7546840520486;true;false;23-05-2025
YT8764409823446;true;false;23-05-2025
YT8764454395954;true;false;23-05-2025
YT8764384423819;true;false;23-05-2025
YT8764438408032;true;false;23-05-2025
YT8764335446928;true;false;23-05-2025
YT8764482559218;true;false;23-05-2025
YT8764409796913;true;false;23-05-2025
YT8764198192901;true;false;23-05-2025
YT8764247758663;true;false;23-05-2025
YT8764483037951;true;false;23-05-2025
YT8764345713283;true;false;23-05-2025
YT8764320285567;true;false;23-05-2025
78506868420632;true;false;23-05-2025
78507060932205;true;false;23-05-2025
78506851178952;true;false;23-05-2025
78908583183256;true;false;23-05-2025
9807293244377;true;false;23-05-2025
464422187715247;true;false;23-05-2025
JT5379213578733;true;false;23-05-2025
78506680113969;true;false;23-05-2025
78506604022195;true;false;23-05-2025
JT5379192924206;true;false;23-05-2025
9807186205052;true;false;23-05-2025
9807281641728;true;false;23-05-2025
JT5379266430886;true;false;23-05-2025
78506974252927;true;false;23-05-2025
JT5379338399518;true;false;23-05-2025
78506843143061;true;false;23-05-2025
777308539706347;true;false;23-05-2025
JT5378790528229;true;false;23-05-2025
JT5379480560000;true;false;23-05-2025
9807275095121;true;false;23-05-2025
9807277186450;true;false;23-05-2025
464419793629422;true;false;23-05-2025
464417644620563;true;false;23-05-2025
JT5379481463237;true;false;23-05-2025
JT5379490247268;true;false;23-05-2025
464421932776156;true;false;23-05-2025
JT5378745406243;true;false;23-05-2025
78506708436722;true;false;23-05-2025
JT5379309377949;true;false;23-05-2025
777308945662081;true;false;23-05-2025
78506795754691;true;false;23-05-2025
JT5379261607662;true;false;23-05-2025
JT5379176990640;true;false;23-05-2025
JT5378576583624;true;false;23-05-2025
JT5378559537467;true;false;23-05-2025
JT5378500433358;true;false;23-05-2025
JT5378767943266;true;false;23-05-2025
JT5379355211255;true;false;23-05-2025
JT5379282477741;true;false;23-05-2025
JT5378533753605;true;false;23-05-2025
JT5378745688896;true;false;23-05-2025
JT5379490550876;true;false;23-05-2025
JT5379256693131;true;false;23-05-2025
JT5379434763206;true;false;23-05-2025
JT5379221420196;true;false;23-05-2025
JT5379198648215;true;false;23-05-2025
JT5379428268704;true;false;23-05-2025
JT5378783745666;true;false;23-05-2025
JT5378713348193;true;false;23-05-2025
JT5379376523416;true;false;23-05-2025
JT5378817555708;true;false;23-05-2025
JT5379469446950;true;false;23-05-2025
464419907944528;true;false;23-05-2025
9807297902610;true;false;23-05-2025
78506764387640;true;false;23-05-2025
464421123084235;true;false;23-05-2025
JT5378510138358;true;false;23-05-2025
JT5379176029961;true;false;23-05-2025
JT5379169674924;true;false;23-05-2025
464421658219163;true;false;23-05-2025
78506697238658;true;false;23-05-2025
JT5379385883776;true;false;23-05-2025
9807200556720;true;false;23-05-2025
YT8764241875849;true;false;23-05-2025
YT8764109866682;true;false;23-05-2025
S70569529991001;true;false;23-05-2025
464419800661734;true;false;23-05-2025
9807294726919;true;false;23-05-2025
JT5379184764150;true;false;23-05-2025
464420015701517;true;false;23-05-2025
464421241417870;true;false;23-05-2025
464421184959823;true;false;23-05-2025
JT5379488280879;true;false;23-05-2025
464421282092969;true;false;23-05-2025
78507057915024;true;false;23-05-2025
464419301983482;true;false;23-05-2025
78506789348409;true;false;23-05-2025
464413442850938;true;false;23-05-2025
78506813839456;true;false;23-05-2025
78506600783320;true;false;23-05-2025
464421983435178;true;false;23-05-2025
464419998348645;true;false;23-05-2025
9807290901782;true;false;23-05-2025
9807296528903;true;false;23-05-2025
78506688253493;true;false;23-05-2025
9807295958495;true;false;23-05-2025
78506591370252;true;false;23-05-2025
464419897485508;true;false;23-05-2025
JT5379397390427;true;false;23-05-2025
464421071862708;true;false;23-05-2025
9807275087372;true;false;23-05-2025
9807270011975;true;false;23-05-2025
777308996471785;true;false;23-05-2025
777309023210900;true;false;23-05-2025
9807208478870;true;false;23-05-2025
DPK317016207765;true;false;23-05-2025
YT8764152594130;true;false;23-05-2025
777308037951982;true;false;23-05-2025
777308081817700;true;false;23-05-2025
YT8763947720295;true;false;23-05-2025
777308689338961;true;false;23-05-2025
78506831733205;true;false;23-05-2025
9807261439590;true;false;23-05-2025
777308611819646;true;false;23-05-2025
78506532903442;true;false;23-05-2025
464414337746243;true;false;23-05-2025
9807268282369;true;false;23-05-2025
9807265153084;true;false;23-05-2025
9807275631411;true;false;23-05-2025
9807267959586;true;false;23-05-2025
9807269666002;true;false;23-05-2025
9807276066765;true;false;23-05-2025
9807277184649;true;false;23-05-2025
9807271843987;true;false;23-05-2025
9807280200863;true;false;23-05-2025
777308049386547;true;false;23-05-2025
9879019221827;true;false;23-05-2025
9807271542263;true;false;23-05-2025
9807283930482;true;false;23-05-2025
YT8763992733785;true;false;23-05-2025
YT8763956019463;true;false;23-05-2025
9807271386971;true;false;23-05-2025
8253834885913;true;false;23-05-2025
9807267791463;true;false;23-05-2025
9807265036229;true;false;23-05-2025
8254145136513;true;false;23-05-2025
9807262166955;true;false;23-05-2025
YT8764167604589;true;false;23-05-2025
YT8763932235856;true;false;23-05-2025
YT8763990528093;true;false;23-05-2025
YT8764036696554;true;false;23-05-2025
YT8764250876547;true;false;23-05-2025
YT8764304427604;true;false;23-05-2025
YT8763857915891;true;false;23-05-2025
777308607151592;true;false;23-05-2025
777308553147291;true;false;23-05-2025
YT8764243074341;true;false;23-05-2025
777308063851038;true;false;23-05-2025
YT8764437554552;true;false;23-05-2025
78506676241606;true;false;23-05-2025
464419346221666;true;false;23-05-2025
78908142885346;true;false;23-05-2025
777308585952059;true;false;23-05-2025
464421148015432;true;false;23-05-2025
YT8763936679757;true;false;23-05-2025
YT8763681735056;true;false;23-05-2025
YT8763857311031;true;false;23-05-2025
78506880686041;true;false;23-05-2025
464421564711853;true;false;23-05-2025
777308690782910;true;false;23-05-2025
YT8764161407108;true;false;23-05-2025
YT8763898569280;true;false;23-05-2025
78506893905544;true;false;23-05-2025
YT8764215750336;true;false;23-05-2025
YT8764200184443;true;false;23-05-2025
YT8764028780285;true;false;23-05-2025
YT8764073920065;true;false;23-05-2025
YT8764081263855;true;false;23-05-2025
DPK317016227088;true;false;23-05-2025
YT8763997762957;true;false;23-05-2025
777308320366925;true;false;23-05-2025
777308528309059;true;false;23-05-2025
777308612846947;true;false;23-05-2025
777308549068196;true;false;23-05-2025
776635925282576;true;false;23-05-2025
777308047019766;true;false;23-05-2025
777308082086040;true;false;23-05-2025
777308084180331;true;false;23-05-2025
777308071064537;true;false;23-05-2025
777308601557009;true;false;23-05-2025
777308084200996;true;false;23-05-2025
777308595886247;true;false;23-05-2025
777308696048270;true;false;23-05-2025
777308090864785;true;false;23-05-2025
777308090041595;true;false;23-05-2025
YT8764437011077;true;false;24-05-2025
464418835390039;true;false;24-05-2025
YT8764615448277;true;false;24-05-2025
760178740191;true;false;24-05-2025
JT5379695329901;true;false;24-05-2025
777308813105629;true;false;24-05-2025
JT5379779747211;true;false;24-05-2025
JT5379501695134;true;false;24-05-2025
JT5379793795457;true;false;24-05-2025
JT5379719974890;true;false;24-05-2025
JT5379722690590;true;false;24-05-2025
JT5379808545585;true;false;24-05-2025
JT5379290432361;true;false;24-05-2025
JT5379312482864;true;false;24-05-2025
JT5380430587149;true;false;24-05-2025
JT5379248044860;true;false;24-05-2025
9807273942864;true;false;24-05-2025
JT5379775487077;true;false;24-05-2025
JT5379805060710;true;false;24-05-2025
JT5379571379215;true;false;24-05-2025
777308253356464;true;false;24-05-2025
JT5379829992365;true;false;24-05-2025
JT5379290416149;true;false;24-05-2025
JT5379296099757;true;false;24-05-2025
JT5379573992818;true;false;24-05-2025
9807308285235;true;false;24-05-2025
9807289265324;true;false;24-05-2025
JT5379771823782;true;false;24-05-2025
9807302286885;true;false;24-05-2025
9807273459286;true;false;24-05-2025
JT5379540751713;true;false;24-05-2025
JT3120554402893;true;false;24-05-2025
JT5379320572850;true;false;24-05-2025
JT5378689788515;true;false;24-05-2025
777308551193009;true;false;24-05-2025
JT5379306464434;true;false;24-05-2025
9807289024025;true;false;24-05-2025
777308326572553;true;false;24-05-2025
JT5379319577137;true;false;24-05-2025
9807212348569;true;false;24-05-2025
JT5379537714269;true;false;24-05-2025
JT5379731568192;true;false;24-05-2025
JT5380415802032;true;false;24-05-2025
JT5379488906248;true;false;24-05-2025
JT5380379433023;true;false;24-05-2025
JT5379578032197;true;false;24-05-2025
JT5379727992560;true;false;24-05-2025
JT5379301810397;true;false;24-05-2025
JT5379581964115;true;false;24-05-2025
9807308366291;true;false;24-05-2025
777308821715205;true;false;24-05-2025
JT5379505951729;true;false;24-05-2025
777308754760530;true;false;24-05-2025
9807265261106;true;false;24-05-2025
78506982113497;true;false;24-05-2025
9807291513691;true;false;24-05-2025
JT5379701207487;true;false;24-05-2025
JT5379562391524;true;false;24-05-2025
JT5379724417251;true;false;24-05-2025
9807267380799;true;false;24-05-2025
JT5379733191686;true;false;24-05-2025
JT5379725732273;true;false;24-05-2025
JT5379782802352;true;false;24-05-2025
777309007611048;true;false;24-05-2025
JT5379810312583;true;false;24-05-2025
JT5379532240888;true;false;24-05-2025
9807289653524;true;false;24-05-2025
JT5379735968596;true;false;24-05-2025
777308996821105;true;false;24-05-2025
9807276915210;true;false;24-05-2025
9807362230444;true;false;24-05-2025
9807312035600;true;false;24-05-2025
9807303093281;true;false;24-05-2025
777308789152457;true;false;24-05-2025
9807289176448;true;false;24-05-2025
9807278896116;true;false;24-05-2025
777308205718456;true;false;24-05-2025
JT5379732892240;true;false;24-05-2025
777308265308217;true;false;24-05-2025
SF3186218088489;true;false;24-05-2025
9807283794250;true;false;24-05-2025
9807204016104;true;false;24-05-2025
JT5380481572344;true;false;24-05-2025
777308957630575;true;false;24-05-2025
YT8764418080546;true;false;24-05-2025
434587131903256;true;false;24-05-2025
JT5379683766883;true;false;24-05-2025
JT5380192287095;true;false;24-05-2025
9807296279607;true;false;24-05-2025
9807269050281;true;false;24-05-2025
JT5380390258152;true;false;24-05-2025
JT5379632875139;true;false;24-05-2025
JT5380431856981;true;false;24-05-2025
777308894119030;true;false;24-05-2025
777309348687860;true;false;24-05-2025
JT5379693710371;true;false;24-05-2025
JT5379828412551;true;false;24-05-2025
JT5379771307559;true;false;24-05-2025
JT5379532832851;true;false;24-05-2025
JT5379694533784;true;false;24-05-2025
JT5380252036200;true;false;24-05-2025
JT5380429864460;true;false;24-05-2025
JT5380437092109;true;false;24-05-2025
JT3120609330270;true;false;24-05-2025
JT5379567886815;true;false;24-05-2025
JT5380199157629;true;false;24-05-2025
JT5380182095383;true;false;24-05-2025
JT5379772834671;true;false;24-05-2025
JT5380368132286;true;false;24-05-2025
JT5379770615441;true;false;24-05-2025
JT5380341847079;true;false;24-05-2025
JT5380341754445;true;false;24-05-2025
JT5380433226883;true;false;24-05-2025
777309253687156;true;false;24-05-2025
777308233181268;true;false;24-05-2025
464417235805356;true;false;24-05-2025
777308944320309;true;false;24-05-2025
9807281585040;true;false;24-05-2025
9807271767136;true;false;24-05-2025
9807286785406;true;false;24-05-2025
777309021039075;true;false;24-05-2025
777309023638391;true;false;24-05-2025
777308941247789;true;false;24-05-2025
777309008688594;true;false;24-05-2025
777308304883413;true;false;24-05-2025
777308941662379;true;false;24-05-2025
777308325868861;true;false;24-05-2025
777308233451639;true;false;24-05-2025
464418716017239;true;false;24-05-2025
464426981317914;true;false;24-05-2025
464427590321930;true;false;24-05-2025
777309327969065;true;false;24-05-2025
78507082890237;true;false;24-05-2025
464420321686103;true;false;24-05-2025
78507309446141;true;false;24-05-2025
777308754677164;true;false;24-05-2025
777309363187115;true;false;24-05-2025
777308946767169;true;false;24-05-2025
9807281924212;true;false;24-05-2025
9807294961202;true;false;24-05-2025
777308317861468;true;false;24-05-2025
777309268305797;true;false;24-05-2025
78506843714806;true;false;24-05-2025
777308235839800;true;false;24-05-2025
78507001574958;true;false;24-05-2025
78507434556917;true;false;24-05-2025
464416643063257;true;false;24-05-2025
464416855585570;true;false;24-05-2025
464427353978921;true;false;24-05-2025
464418789047519;true;false;24-05-2025
464418840797519;true;false;24-05-2025
464419017845885;true;false;24-05-2025
464426895382982;true;false;24-05-2025
464420479376274;true;false;24-05-2025
464417082280840;true;false;24-05-2025
464417437773877;true;false;24-05-2025
464427585440186;true;false;24-05-2025
464416379532076;true;false;24-05-2025
78506874222100;true;false;24-05-2025
78507144284309;true;false;24-05-2025
78507138375490;true;false;24-05-2025
78507253035857;true;false;24-05-2025
464420690614402;true;false;24-05-2025
78507235506133;true;false;24-05-2025
YT8764310752420;true;false;24-05-2025
YT8763933742740;true;false;24-05-2025
YT8764440707095;true;false;24-05-2025
777308986676929;true;false;24-05-2025
YT8764366580213;true;false;24-05-2025
YT8764499114626;true;false;24-05-2025
YT8764204652155;true;false;24-05-2025
78507186680789;true;false;24-05-2025
YT8764670573370;true;false;24-05-2025
YT8764309814403;true;false;24-05-2025
78507446882498;true;false;24-05-2025
464417471206812;true;false;24-05-2025
777308549603175;true;false;24-05-2025
773356658300815;true;false;24-05-2025
78507073659582;true;false;24-05-2025
78507021608890;true;false;24-05-2025
464415922334768;true;false;24-05-2025
78506913266577;true;false;24-05-2025
78507292311984;true;false;24-05-2025
464427642653172;true;false;24-05-2025
78507047481431;true;false;24-05-2025
464418724613696;true;false;24-05-2025
464419172203007;true;false;24-05-2025
9807283636162;true;false;24-05-2025
9807307648479;true;false;24-05-2025
78507223100998;true;false;24-05-2025
464417299659959;true;false;24-05-2025
464426908847987;true;false;24-05-2025
464416839317313;true;false;24-05-2025
78506994869171;true;false;24-05-2025
9807292247101;true;false;24-05-2025
464417400535134;true;false;24-05-2025
464417231973560;true;false;24-05-2025
464416243912161;true;false;24-05-2025
464416896495424;true;false;24-05-2025
9807286457977;true;false;24-05-2025
9807361323771;true;false;24-05-2025
464417609341047;true;false;24-05-2025
464417074873978;true;false;24-05-2025
9879016500503;true;false;24-05-2025
464416828172087;true;false;24-05-2025
9807364396190;true;false;24-05-2025
9807359582657;true;false;24-05-2025
9807361631194;true;false;24-05-2025
9807310323233;true;false;24-05-2025
78908457224957;true;false;24-05-2025
464417150655028;true;false;24-05-2025
464418647046256;true;false;24-05-2025
78506998578367;true;false;24-05-2025
464417947802428;true;false;24-05-2025
464417657870382;true;false;24-05-2025
464417376045956;true;false;24-05-2025
464417484104998;true;false;24-05-2025
YT8764730541691;true;false;24-05-2025
464420932579550;true;false;24-05-2025
464417308195430;true;false;24-05-2025
464416768822567;true;false;24-05-2025
464419115375967;true;false;24-05-2025
464417417086991;true;false;24-05-2025
YT8764214493991;true;false;24-05-2025
78507327900793;true;false;24-05-2025
78507019504216;true;false;24-05-2025
78507341707623;true;false;24-05-2025
YT8764711092125;true;false;24-05-2025
464427259611718;true;false;24-05-2025
YT8763964168737;true;false;24-05-2025
464427326597596;true;false;24-05-2025
78507306856128;true;false;24-05-2025
464417679435531;true;false;24-05-2025
464419402015084;true;false;24-05-2025
YT8764492774861;true;false;24-05-2025
78507019504216;true;false;24-05-2025
464420357575208;true;false;24-05-2025
78506922666513;true;false;24-05-2025
464415920934520;true;false;24-05-2025
78507140802986;true;false;24-05-2025
464426924445169;true;false;24-05-2025
464418138556702;true;false;24-05-2025
464427531084656;true;false;24-05-2025
464420818283624;true;false;24-05-2025
434587148412367;true;false;24-05-2025
78507127131178;true;false;24-05-2025
464417938873042;true;false;24-05-2025
78507102690945;true;false;24-05-2025
78506975052449;true;false;24-05-2025
464416502501856;true;false;24-05-2025
434587995021669;true;false;24-05-2025
434587997394331;true;false;24-05-2025
464418384179336;true;false;24-05-2025
78507044692108;true;false;24-05-2025
464421867453484;true;false;24-05-2025
464410884133199;true;false;24-05-2025
464417184017851;true;false;24-05-2025
464416861880981;true;false;24-05-2025
464420919035017;true;false;24-05-2025
464416774540496;true;false;24-05-2025
464417070248152;true;false;24-05-2025
464426997976550;true;false;24-05-2025
464420910775203;true;false;24-05-2025
464418440354728;true;false;24-05-2025
YT8764476297597;true;false;24-05-2025
78507183121237;true;false;24-05-2025
464419498805519;true;false;24-05-2025
464418469103686;true;false;24-05-2025
464427266525075;true;false;24-05-2025
464417884555132;true;false;24-05-2025
YT8764323244796;true;false;24-05-2025
78507432346565;true;false;24-05-2025
YT8764506515198;true;false;24-05-2025
464427559256124;true;false;24-05-2025
YT8764401189773;true;false;24-05-2025
YT8764354998639;true;false;24-05-2025
YT8764322211407;true;false;24-05-2025
464417471012807;true;false;24-05-2025
8253023372213;true;false;24-05-2025
464418354699049;true;false;24-05-2025
464417821121293;true;false;24-05-2025
78507085114691;true;false;24-05-2025
464416028558124;true;false;24-05-2025
YT8764606988483;true;false;24-05-2025
YT8764458893368;true;false;24-05-2025
YT8764615797508;true;false;24-05-2025
YT8764276065550;true;false;24-05-2025
YT8764332646408;true;false;24-05-2025
YT8764184813405;true;false;24-05-2025
YT8764328897322;true;false;24-05-2025
YT8764294522284;true;false;24-05-2025
78507155200235;true;false;24-05-2025
78507248638025;true;false;24-05-2025
777308927428511;true;false;24-05-2025
YT8764305052898;true;false;24-05-2025
78507311302894;true;false;24-05-2025
78507427685038;true;false;24-05-2025
464420700188737;true;false;24-05-2025
464422257760897;true;false;24-05-2025
YT8764714235365;true;false;24-05-2025
YT8764327978660;true;false;24-05-2025
YT8764217003986;true;false;24-05-2025
78507367518933;true;false;24-05-2025
8253024458313;true;false;24-05-2025
YT8764292266027;true;false;24-05-2025
434588304404848;true;false;24-05-2025
464410658333041;true;false;24-05-2025
464418878702794;true;false;24-05-2025
464420130574896;true;false;24-05-2025
434587436241365;true;false;24-05-2025
78507270664443;true;false;24-05-2025
78506994591231;true;false;24-05-2025
78507445092416;true;false;24-05-2025
78507442445134;true;false;24-05-2025
434587145091056;true;false;24-05-2025
78507061465162;true;false;24-05-2025
78507431408853;true;false;24-05-2025
464418529820116;true;false;24-05-2025
YT8763964174730;true;false;24-05-2025
777309274515917;true;false;25-05-2025
JT5379622236931;true;false;25-05-2025
YT8764649348952;true;false;25-05-2025
777308266372041;true;false;25-05-2025
JYM188030308141;true;false;25-05-2025
777308764712525;true;false;25-05-2025
777308810641145;true;false;25-05-2025
777309351502291;true;false;25-05-2025
777309252770251;true;false;25-05-2025
777308315259257;true;false;25-05-2025
JT5380374750132;true;false;25-05-2025
JT5379588927306;true;false;25-05-2025
YT8764603620175;true;false;25-05-2025
YT8764742606070;true;false;25-05-2025
YT8764651381547;true;false;25-05-2025
YT8764591114010;true;false;25-05-2025
JT5379281903280;true;false;25-05-2025
777308822714057;true;false;25-05-2025
777309288734254;true;false;25-05-2025
777308810126510;true;false;25-05-2025
YT8764755279751;true;false;25-05-2025
JT5379663624849;true;false;25-05-2025
YT8764557477908;true;false;25-05-2025
YT8764832336889;true;false;25-05-2025
YT8764323047214;true;false;25-05-2025
777307563599345;true;false;25-05-2025
YT8764836504066;true;false;25-05-2025
YT8764615339162;true;false;25-05-2025
JT5380457585391;true;false;25-05-2025
JT5379524745762;true;false;25-05-2025
YT8764639876803;true;false;25-05-2025
YT8764839948522;true;false;25-05-2025
JT5380188874099;true;false;25-05-2025
YT8764726446070;true;false;25-05-2025
78507405503944;true;false;25-05-2025
YT8764534166856;true;false;25-05-2025
JT5380376330718;true;false;25-05-2025
JT5380428377004;true;false;25-05-2025
777308913782184;true;false;25-05-2025
777308348936074;true;false;25-05-2025
YT8764545757540;true;false;25-05-2025
78507224938913;true;false;25-05-2025
777309346141605;true;false;25-05-2025
777309020520960;true;false;25-05-2025
777308801405945;true;false;25-05-2025
777308964239802;true;false;25-05-2025
777308852597660;true;false;25-05-2025
YT8764834123201;true;false;25-05-2025
777308991977241;true;false;25-05-2025
YT8764726121766;true;false;25-05-2025
78507205146226;true;false;25-05-2025
777308786044310;true;false;25-05-2025
777309300606335;true;false;25-05-2025
777309329717068;true;false;25-05-2025
78507450717266;true;false;25-05-2025
78909293278894;true;false;25-05-2025
777308879377674;true;false;25-05-2025
78507567152384;true;false;25-05-2025
78507547546849;true;false;25-05-2025
78507715418571;true;false;25-05-2025
YT8764119558209;true;false;25-05-2025
YT8764674202939;true;false;25-05-2025
777309249960841;true;false;25-05-2025
78507253591195;true;false;25-05-2025
777309287749918;true;false;25-05-2025
78507348225120;true;false;25-05-2025
78908422520226;true;false;25-05-2025
78507368908436;true;false;25-05-2025
YT8764523210724;true;false;25-05-2025
9807351078362;true;false;25-05-2025
YT8764706444207;true;false;25-05-2025
YT8764616243174;true;false;25-05-2025
YT8764631534345;true;false;25-05-2025
777308859354150;true;false;25-05-2025
78507257192249;true;false;25-05-2025
78507347795086;true;false;25-05-2025
YT8764842380117;true;false;25-05-2025
YT8764713418620;true;false;25-05-2025
78507193800370;true;false;25-05-2025
78507276099376;true;false;25-05-2025
YT8764276501641;true;false;25-05-2025
YT8764679179245;true;false;25-05-2025
JT5379667982156;true;false;25-05-2025
JT5379681881073;true;false;25-05-2025
JT5380370848965;true;false;25-05-2025
JT5380374283939;true;false;25-05-2025
YT8764699160308;true;false;25-05-2025
YT8764821754449;true;false;25-05-2025
YT8764707008965;true;false;25-05-2025
YT8764392317463;true;false;25-05-2025
JT5380430542262;true;false;25-05-2025
YT8764585213228;true;false;25-05-2025
JT5380237314436;true;false;25-05-2025
YT8764532376318;true;false;25-05-2025
YT8764620560302;true;false;25-05-2025
JT5380458459370;true;false;25-05-2025
YT8764428999423;true;false;25-05-2025
JT5380199798724;true;false;25-05-2025
YT8764321633312;true;false;25-05-2025
JT5380359982184;true;false;25-05-2025
JT5380452899838;true;false;25-05-2025
JT5380443378197;true;false;25-05-2025
JT5380393272793;true;false;25-05-2025
YT8764452828443;true;false;25-05-2025
YT8764431292366;true;false;25-05-2025
JT5379665917528;true;false;25-05-2025
JT5380006642009;true;false;25-05-2025
JT5380496320728;true;false;25-05-2025
JT5379565880840;true;false;25-05-2025
JT5379646860557;true;false;25-05-2025
JT5380407345483;true;false;25-05-2025
JT5380380415103;true;false;25-05-2025
JT5380173175263;true;false;25-05-2025
JT5379779122496;true;false;25-05-2025
JT5380422341048;true;false;25-05-2025
JT5380376689262;true;false;25-05-2025
JT5380482482430;true;false;25-05-2025
JT5380456811854;true;false;25-05-2025
JT5379656927235;true;false;25-05-2025
JT5380341292649;true;false;25-05-2025
JT5380196829739;true;false;25-05-2025
JT5379599376549;true;false;25-05-2025
JT5379778692160;true;false;25-05-2025
JT5380387701228;true;false;25-05-2025
JT5380241659765;true;false;25-05-2025
JT5379509493674;true;false;25-05-2025
JT5380382482362;true;false;25-05-2025
JT5380402193519;true;false;25-05-2025
JT5380450721956;true;false;25-05-2025
JT5380452078711;true;false;25-05-2025
JT5380218942095;true;false;25-05-2025
JT5379614137375;true;false;25-05-2025
78507428579033;true;false;25-05-2025
JT5379538548328;true;false;25-05-2025
JT5380184033305;true;false;25-05-2025
JT5380453097562;true;false;25-05-2025
JT5380496981536;true;false;25-05-2025
JT5380467503970;true;false;25-05-2025
JT5379667454116;true;false;25-05-2025
JT5380372432752;true;false;25-05-2025
JT5380344612091;true;false;25-05-2025
JT5379773048909;true;false;25-05-2025
JT5379811023254;true;false;25-05-2025
JT5379610576932;true;false;25-05-2025
9807365049659;true;false;25-05-2025
JT5380344908677;true;false;25-05-2025
9807364988853;true;false;25-05-2025
78507235979973;true;false;25-05-2025
78507285643382;true;false;25-05-2025
78507191845686;true;false;25-05-2025
JT5379653228859;true;false;25-05-2025
777309313339044;true;false;25-05-2025
9807358676024;true;false;25-05-2025
9807348912922;true;false;25-05-2025
JT5379667184423;true;false;25-05-2025
JT5379564667806;true;false;25-05-2025
78507262207179;true;false;25-05-2025
9807359261730;true;false;25-05-2025
78507261064346;true;false;25-05-2025
777309054731548;true;false;25-05-2025
777309330439594;true;false;25-05-2025
9807348423500;true;false;25-05-2025
JT5379616111982;true;false;25-05-2025
9807362717262;true;false;25-05-2025
78507543560059;true;false;25-05-2025
9807308570921;true;false;25-05-2025
78507508966318;true;false;25-05-2025
78507289107495;true;false;25-05-2025
777308208118587;true;false;25-05-2025
78507340325658;true;false;25-05-2025
777308737312195;true;false;25-05-2025
JT5380344865656;true;false;25-05-2025
78507356073815;true;false;25-05-2025
78507259331226;true;false;25-05-2025
78507561046159;true;false;25-05-2025
9807356284537;true;false;25-05-2025
78507255223787;true;false;25-05-2025
464425996622445;true;false;25-05-2025
777308700997426;true;false;25-05-2025
78507350959001;true;false;25-05-2025
JT5380172656558;true;false;25-05-2025
464427735986625;true;false;25-05-2025
JT5380109391326;true;false;25-05-2025
464416389350255;true;false;25-05-2025
777308884274135;true;false;25-05-2025
464428757089535;true;false;25-05-2025
777309357823601;true;false;25-05-2025
777309274515887;true;false;25-05-2025
777309801798506;true;false;25-05-2025
464426628136911;true;false;25-05-2025
777309257593787;true;false;25-05-2025
777308208115029;true;false;25-05-2025
9807348798408;true;false;25-05-2025
9807381395704;true;false;25-05-2025
9807380017383;true;false;25-05-2025
9807357670932;true;false;25-05-2025
9807376076798;true;false;25-05-2025
9807289230961;true;false;25-05-2025
8250690244913;true;false;25-05-2025
9807377301342;true;false;25-05-2025
9807354699420;true;false;25-05-2025
9807298329147;true;false;25-05-2025
9807359343263;true;false;25-05-2025
9807277832302;true;false;25-05-2025
9807358670170;true;false;25-05-2025
9807353726761;true;false;25-05-2025
9807368863128;true;false;25-05-2025
9807348603105;true;false;25-05-2025
8252573825013;true;false;25-05-2025
9807368965499;true;false;25-05-2025
JT5380312067499;true;false;25-05-2025
78507250840699;true;false;25-05-2025
777308828493064;true;false;25-05-2025
777309075671774;true;false;25-05-2025
JT5379660608064;true;false;25-05-2025
JT5380068040294;true;false;25-05-2025
JT5380423171490;true;false;25-05-2025
JT5380115304939;true;false;25-05-2025
777309352689744;true;false;25-05-2025
JT5380155728422;true;false;25-05-2025
JT5380296605923;true;false;25-05-2025
464428417145541;true;false;25-05-2025
464426268055505;true;false;25-05-2025
464429336693508;true;false;25-05-2025
JT5380057276110;true;false;25-05-2025
JT5379647940229;true;false;25-05-2025
777309274515875;true;false;25-05-2025
777309273910908;true;false;25-05-2025
464428456352011;true;false;25-05-2025
464426280804444;true;false;25-05-2025
464415967512408;true;false;25-05-2025
464426550264418;true;false;25-05-2025
464419307652287;true;false;25-05-2025
464426500849315;true;false;25-05-2025
777309806470674;true;false;25-05-2025
464426145779291;true;false;25-05-2025
464426275576195;true;false;25-05-2025
464416673381057;true;false;25-05-2025
464417433778301;true;false;25-05-2025
464427756658987;true;false;25-05-2025
777308246982265;true;false;25-05-2025
777309061711999;true;false;25-05-2025
464418553699151;true;false;25-05-2025
777309039928417;true;false;25-05-2025
777309846400142;true;false;25-05-2025
JT5380160533776;true;false;25-05-2025
777308786586662;true;false;25-05-2025
777308848364815;true;false;25-05-2025
777309205788934;true;false;25-05-2025
777309274505119;true;false;25-05-2025
777309199612796;true;false;25-05-2025
777309097798905;true;false;25-05-2025
777309227136065;true;false;25-05-2025
9807351605521;true;false;25-05-2025
9807357235010;true;false;25-05-2025
JT5380059143875;true;false;25-05-2025
JT5380149496505;true;false;25-05-2025
78507273210266;true;false;25-05-2025
78507185065515;true;false;25-05-2025
JT5380412183385;true;false;25-05-2025
JT5379875882624;true;false;25-05-2025
464416331116585;true;false;25-05-2025
464416445320895;true;false;25-05-2025
773356926360168;true;false;25-05-2025
777309274526803;true;false;25-05-2025
777309814916997;true;false;25-05-2025
777309261825764;true;false;25-05-2025
JT5379865721580;true;false;25-05-2025
9807351316400;true;false;25-05-2025
JT5380453462970;true;false;25-05-2025
9807353347042;true;false;25-05-2025
9807307160936;true;false;25-05-2025
JT5380056492971;true;false;25-05-2025
JT5380221066455;true;false;25-05-2025
JT5380093736101;true;false;25-05-2025
JT5380276786995;true;false;25-05-2025
9807252916598;true;false;25-05-2025
JT5380199788628;true;false;25-05-2025
78507265201796;true;false;25-05-2025
JT5380169959955;true;false;25-05-2025
JT5380498367112;true;false;25-05-2025
9807360229748;true;false;25-05-2025
78507193137619;true;false;25-05-2025
9807362352338;true;false;25-05-2025
78507219272849;true;false;25-05-2025
777309274526785;true;false;25-05-2025
JT5379615758035;true;false;25-05-2025
78507293537686;true;false;25-05-2025
JT5380187574774;true;false;25-05-2025
78507178834943;true;false;25-05-2025
464416697054238;true;false;25-05-2025
777309825532036;true;false;25-05-2025
777309799734773;true;false;25-05-2025
777309297229878;true;false;25-05-2025
777309079658139;true;false;25-05-2025
777309274526852;true;false;25-05-2025
777309138096565;true;false;25-05-2025
777309069026355;true;false;25-05-2025
777309054955958;true;false;25-05-2025
777309264673889;true;false;25-05-2025
777309185718293;true;false;25-05-2025
9807289495854;true;false;25-05-2025
78507255776712;true;false;25-05-2025
464426595614179;true;false;25-05-2025
464417522577753;true;false;25-05-2025
78507484860575;true;false;25-05-2025
464417559695982;true;false;25-05-2025
YT8764554424190;true;false;25-05-2025
9807292097301;true;false;25-05-2025
9807357432071;true;false;25-05-2025
78507283106412;true;false;25-05-2025
78507181984975;true;false;25-05-2025
78507291594257;true;false;25-05-2025
9807359053471;true;false;25-05-2025
9807356648048;true;false;25-05-2025
9807356772507;true;false;25-05-2025
78507196533927;true;false;25-05-2025
78507259024274;true;false;25-05-2025
777308723343194;true;false;25-05-2025
464417522445266;true;false;25-05-2025
JT5379595397700;true;false;25-05-2025
9807360715551;true;false;25-05-2025
78507198425773;true;false;25-05-2025
464427447317962;true;false;25-05-2025
464416571304174;true;false;25-05-2025
464416570009894;true;false;25-05-2025
464427491747524;true;false;25-05-2025
464416832756143;true;false;25-05-2025
464417542699556;true;false;25-05-2025
464427318835524;true;false;25-05-2025
78507645212583;true;false;25-05-2025
464416442885818;true;false;25-05-2025
434588842516347;true;false;25-05-2025
464429288183756;true;false;25-05-2025
YT8764536647397;true;false;25-05-2025
78507703756718;true;false;25-05-2025
78507115881571;true;false;25-05-2025
9807298967807;true;false;25-05-2025
464417489432820;true;false;25-05-2025
78507176763589;true;false;25-05-2025
777309120717938;true;false;25-05-2025
464426855511899;true;false;25-05-2025
777308053901295;true;false;25-05-2025
777309107551084;true;false;25-05-2025
YT8764748536966;true;false;25-05-2025
9807300085256;true;false;25-05-2025
78507617108082;true;false;25-05-2025
464429231027551;true;false;25-05-2025
464429188304227;true;false;25-05-2025
78506963103810;true;false;25-05-2025
78908922903406;true;false;25-05-2025
78507354290898;true;false;25-05-2025
777309216555320;true;false;25-05-2025
78507360089187;true;false;25-05-2025
78507247325837;true;false;25-05-2025
78507290700450;true;false;25-05-2025
9807298236850;true;false;25-05-2025
464419203299972;true;false;25-05-2025
YT8764522481242;true;false;25-05-2025
464427273001941;true;false;25-05-2025
464417213512034;true;false;25-05-2025
464426470977894;true;false;25-05-2025
464417491198575;true;false;25-05-2025
464426261996722;true;false;25-05-2025
464418608532910;true;false;25-05-2025
777309355008730;true;false;25-05-2025
464416673784319;true;false;25-05-2025
464428880338755;true;false;25-05-2025
464427536663941;true;false;25-05-2025
464416005087091;true;false;25-05-2025
464416832683873;true;false;25-05-2025
JT5379640531385;true;false;25-05-2025
777308928823921;true;false;25-05-2025
9807353959629;true;false;25-05-2025
78507227499222;true;false;25-05-2025
777308848353504;true;false;25-05-2025
777308842317771;true;false;25-05-2025
78507502941786;true;false;25-05-2025
JT5379735857211;true;false;25-05-2025
78507213090893;true;false;25-05-2025
78507193154554;true;false;25-05-2025
9807366553202;true;false;25-05-2025
78507417021197;true;false;25-05-2025
78507272832482;true;false;25-05-2025
777308764233199;true;false;25-05-2025
78507440613389;true;false;25-05-2025
73555135213492;true;false;25-05-2025
9879031522394;true;false;25-05-2025
78507292548746;true;false;25-05-2025
9807282909786;true;false;25-05-2025
9807352011743;true;false;25-05-2025
78507268802952;true;false;25-05-2025
464417385323862;true;false;25-05-2025
78507590470019;true;false;25-05-2025
78507283530983;true;false;25-05-2025
78507693437727;true;false;25-05-2025
9807307308410;true;false;25-05-2025
464426227710798;true;false;25-05-2025
464426895451721;true;false;25-05-2025
464427245112707;true;false;25-05-2025
464427636593770;true;false;25-05-2025
777309262993121;true;false;25-05-2025
78507400492441;true;false;25-05-2025
777309283371622;true;false;25-05-2025
777308790327056;true;false;25-05-2025
777308851731122;true;false;25-05-2025
777309244713608;true;false;25-05-2025
777309147169918;true;false;25-05-2025
777308859232630;true;false;25-05-2025
777309147171372;true;false;25-05-2025
777308845053454;true;false;25-05-2025
777309831311726;true;false;25-05-2025
777308810141363;true;false;25-05-2025
777308744041035;true;false;25-05-2025
777308826427660;true;false;25-05-2025
777309072913225;true;false;25-05-2025
777308753763512;true;false;25-05-2025
777308834115234;true;false;25-05-2025
773356708957805;true;false;25-05-2025
777308797775525;true;false;25-05-2025
777308784075071;true;false;25-05-2025
777309230919103;true;false;25-05-2025
777309329578799;true;false;25-05-2025
777308725085394;true;false;25-05-2025
777308745853105;true;false;25-05-2025
777308736177234;true;false;25-05-2025
DPK317015620420;true;false;25-05-2025
YT8764529861829;true;false;25-05-2025
DPK317015131312;true;false;25-05-2025
464416852025685;true;false;25-05-2025
YT8764535371606;true;false;25-05-2025
YT8764535407589;true;false;25-05-2025
78908717511446;true;false;25-05-2025
YT8764536162845;true;false;25-05-2025
78506930843073;true;false;25-05-2025
78909244607606;true;false;25-05-2025
78507557832555;true;false;25-05-2025
78507694311071;true;false;25-05-2025
YT8764557761605;true;false;25-05-2025
777309147162760;true;false;25-05-2025
YT8764882769543;true;false;25-05-2025
YT8764512328922;true;false;25-05-2025
YT8764646536077;true;false;25-05-2025
YT8764629248083;true;false;25-05-2025
YT8764648722980;true;false;25-05-2025
78507685863781;true;false;25-05-2025
78507525633254;true;false;25-05-2025
78507446743090;true;false;25-05-2025
78507583512727;true;false;25-05-2025
78507546978296;true;false;25-05-2025
9807278353676;true;false;25-05-2025
777308804324273;true;false;25-05-2025
464416225589183;true;false;25-05-2025
777309087770079;true;false;25-05-2025
YT8764542300721;true;false;25-05-2025
777308757689010;true;false;25-05-2025
777308799838685;true;false;25-05-2025
777309253002293;true;false;25-05-2025
777309304138695;true;false;25-05-2025
YT8764681174131;true;false;25-05-2025
777309366232109;true;false;25-05-2025
777308769565113;true;false;25-05-2025
464417002113035;true;false;25-05-2025
464426209087880;true;false;25-05-2025
777309340851447;true;false;25-05-2025
777308760808854;true;false;25-05-2025
777308820909535;true;false;25-05-2025
777308843259581;true;false;25-05-2025
777309289786872;true;false;25-05-2025
777308795089377;true;false;25-05-2025
YT8764842145028;true;false;25-05-2025
464416526216617;true;false;25-05-2025
YT8764965473446;true;false;25-05-2025
777308749053426;true;false;25-05-2025
777308854585335;true;false;25-05-2025
777308775359966;true;false;25-05-2025
777308738032542;true;false;25-05-2025
773356941496799;true;false;25-05-2025
YT8764837889557;true;false;25-05-2025
YT8764804895772;true;false;25-05-2025
YT8764652025572;true;false;25-05-2025
YT8764674047314;true;false;25-05-2025
YT8764969733050;true;false;25-05-2025
YT8764713219966;true;false;25-05-2025
YT8764668793450;true;false;25-05-2025
YT8764526475164;true;false;25-05-2025
YT8764783391458;true;false;25-05-2025
YT8764807445077;true;false;25-05-2025
YT8764582784464;true;false;25-05-2025
YT8764593614857;true;false;25-05-2025
YT8765008068357;true;false;25-05-2025
78507637327685;true;false;25-05-2025
YT8764530184711;true;false;25-05-2025
YT8764534417361;true;false;25-05-2025
YT8764708253302;true;false;25-05-2025
YT8764602271143;true;false;25-05-2025
78507381476498;true;false;25-05-2025
YT8764519711170;true;false;25-05-2025
464427629114642;true;false;25-05-2025
777308747315655;true;false;25-05-2025
YT8764842845274;true;false;25-05-2025
YT8764739292934;true;false;25-05-2025
YT8764671721239;true;false;25-05-2025
YT8764644807984;true;false;25-05-2025
773357113912490;true;false;25-05-2025
777309005845679;true;false;25-05-2025
777309263019911;true;false;25-05-2025
777308843077565;true;false;25-05-2025
777308737733079;true;false;25-05-2025
YT8764509900511;true;false;25-05-2025
DPK317015354662;true;false;25-05-2025
SF3173234270346;true;false;25-05-2025
YT8764801793927;true;false;26-05-2025
YT8764970799449;true;false;26-05-2025
YT8764745022321;true;false;26-05-2025
JT5380000515740;true;false;26-05-2025
78507636875635;true;false;26-05-2025
78507492317910;true;false;26-05-2025
777309913985437;true;false;26-05-2025
78507503629647;true;false;26-05-2025
9807330372721;true;false;26-05-2025
9807316162502;true;false;26-05-2025
78507813433716;true;false;26-05-2025
78507821718455;true;false;26-05-2025
78507165151206;true;false;26-05-2025
9807369542561;true;false;26-05-2025
78505959741134;true;false;26-05-2025
78507837602176;true;false;26-05-2025
78507873410796;true;false;26-05-2025
78909486719553;true;false;26-05-2025
78507895476959;true;false;26-05-2025
9807367906951;true;false;26-05-2025
78507725653828;true;false;26-05-2025
YT8764882610137;true;false;26-05-2025
78507672750942;true;false;26-05-2025
78507833476245;true;false;26-05-2025
9807337538752;true;false;26-05-2025
9807365546160;true;false;26-05-2025
78507861973966;true;false;26-05-2025
78507611007742;true;false;26-05-2025
78507452389636;true;false;26-05-2025
78507668818301;true;false;26-05-2025
78507669107295;true;false;26-05-2025
78507731559663;true;false;26-05-2025
78507978802341;true;false;26-05-2025
78507717747476;true;false;26-05-2025
78507649476112;true;false;26-05-2025
78507803326456;true;false;26-05-2025
JT5380585306941;true;false;26-05-2025
78507726491706;true;false;26-05-2025
78507758820546;true;false;26-05-2025
78507714929736;true;false;26-05-2025
JT5380592500272;true;false;26-05-2025
78507860790790;true;false;26-05-2025
78507860790790;true;false;26-05-2025
JT5380635099631;true;false;26-05-2025
9807316169263;true;false;26-05-2025
78507895333688;true;false;26-05-2025
78507883865688;true;false;26-05-2025
78507735160725;true;false;26-05-2025
78507830234650;true;false;26-05-2025
78507854170166;true;false;26-05-2025
78507486578686;true;false;26-05-2025
9807319225338;true;false;26-05-2025
JT5379959938176;true;false;26-05-2025
78507691877993;true;false;26-05-2025
78507466301896;true;false;26-05-2025
JT5380610856764;true;false;26-05-2025
JT5380003343787;true;false;26-05-2025
78507462686567;true;false;26-05-2025
78507796965252;true;false;26-05-2025
9807334013617;true;false;26-05-2025
9807330182769;true;false;26-05-2025
9807336133754;true;false;26-05-2025
9807358836191;true;false;26-05-2025
9807332850843;true;false;26-05-2025
78507694310660;true;false;26-05-2025
9807356825443;true;false;26-05-2025
JT5380647371547;true;false;26-05-2025
9807316430777;true;false;26-05-2025
JT5380001750211;true;false;26-05-2025
JT5380171527889;true;false;26-05-2025
JT5380666882747;true;false;26-05-2025
JT3121010825093;true;false;26-05-2025
9807377230378;true;false;26-05-2025
JT5379963181727;true;false;26-05-2025
JT5380610907487;true;false;26-05-2025
JT5379963735701;true;false;26-05-2025
JT5380663334191;true;false;26-05-2025
9807331194877;true;false;26-05-2025
JT5380631267653;true;false;26-05-2025
JT5380328640151;true;false;26-05-2025
JT5380542632100;true;false;26-05-2025
JT5379948695951;true;false;26-05-2025
JT5379845633388;true;false;26-05-2025
JT5379966240205;true;false;26-05-2025
777309937737086;true;false;26-05-2025
JT5379864033996;true;false;26-05-2025
JT5380585306930;true;false;26-05-2025
JT5379990883647;true;false;26-05-2025
JT5379991526850;true;false;26-05-2025
464422751196897;true;false;26-05-2025
JT5379843143791;true;false;26-05-2025
SF2053596080287;true;false;26-05-2025
464429147289038;true;false;26-05-2025
JT5379845787566;true;false;26-05-2025
464422646360702;true;false;26-05-2025
464424200964324;true;false;26-05-2025
464427896426224;true;false;26-05-2025
464423166623277;true;false;26-05-2025
464418849565636;true;false;26-05-2025
464428760772211;true;false;26-05-2025
464428962020736;true;false;26-05-2025
777309047215781;true;false;26-05-2025
464423879517828;true;false;26-05-2025
464424189836752;true;false;26-05-2025
777309216293692;true;false;26-05-2025
777309200156012;true;false;26-05-2025
777309109131101;true;false;26-05-2025
777309852956721;true;false;26-05-2025
777309945079235;true;false;26-05-2025
777309824917875;true;false;26-05-2025
777309800860707;true;false;26-05-2025
777309221727064;true;false;26-05-2025
777309950996992;true;false;26-05-2025
773357213875124;true;false;26-05-2025
777309771758891;true;false;26-05-2025
777309953592579;true;false;26-05-2025
777309221778229;true;false;26-05-2025
78507811535983;true;false;26-05-2025
777309987724757;true;false;26-05-2025
78507061780605;true;false;26-05-2025
8251511875513;true;false;26-05-2025
777309979573265;true;false;26-05-2025
464416147533187;true;false;26-05-2025
777309739396829;true;false;26-05-2025
777309810817209;true;false;26-05-2025
777309948135085;true;false;26-05-2025
777309192799802;true;false;26-05-2025
78507593669241;true;false;26-05-2025
777309184281845;true;false;26-05-2025
78507759446567;true;false;26-05-2025
777309189755348;true;false;26-05-2025
YT8765055043437;true;false;26-05-2025
YT8764524916883;true;false;26-05-2025
YT8764883266650;true;false;26-05-2025
YT8764847876826;true;false;26-05-2025
YT8765094181479;true;false;26-05-2025
464416389350255;true;false;26-05-2025
YT8765007294973;true;false;26-05-2025
YT8764875260990;true;false;26-05-2025
YT8764909762784;true;false;26-05-2025
YT8765074223306;true;false;26-05-2025
YT8764295026187;true;false;26-05-2025
JT5380273989022;true;false;26-05-2025
JT5380283799978;true;false;26-05-2025
YT8765044985717;true;false;26-05-2025
YT8764988874938;true;false;26-05-2025
JT5380269244184;true;false;26-05-2025
JT5379975216769;true;false;26-05-2025
YT8764858109993;true;false;26-05-2025
JT5380018709185;true;false;26-05-2025
YT8764875269766;true;false;26-05-2025
YT8764936169280;true;false;26-05-2025
YT8764954570080;true;false;26-05-2025
9807322514095;true;false;26-05-2025
YT8764874134247;true;false;26-05-2025
YT8764950735980;true;false;26-05-2025
JT5379844490006;true;false;26-05-2025
777309153529042;true;false;26-05-2025
YT8764912856748;true;false;26-05-2025
YT8764682801649;true;false;26-05-2025
YT8764860583639;true;false;26-05-2025
YT8764589916251;true;false;26-05-2025
YT8764663624663;true;false;26-05-2025
YT8764977949706;true;false;26-05-2025
YT8765065420101;true;false;26-05-2025
YT8765083424288;true;false;26-05-2025
JT5380437184945;true;false;26-05-2025
YT8765002719424;true;false;26-05-2025
YT8765094857741;true;false;26-05-2025
JT5380232537914;true;false;26-05-2025
JT3120900966949;true;false;26-05-2025
JT5380299664521;true;false;26-05-2025
JT5380119059012;true;false;26-05-2025
JT5380146080171;true;false;26-05-2025
JT5380268146374;true;false;26-05-2025
JT5380334908909;true;false;26-05-2025
YT8764688357869;true;false;26-05-2025
JT5380188927241;true;false;26-05-2025
YT8765081504917;true;false;26-05-2025
JT5380155305043;true;false;26-05-2025
YT8764990107303;true;false;26-05-2025
JT5379969998644;true;false;26-05-2025
JT5380159112824;true;false;26-05-2025
434592752488894;true;false;26-05-2025
464428519102361;true;false;26-05-2025
JT5380003626804;true;false;26-05-2025
9807300549255;true;false;26-05-2025
JT5380129558356;true;false;26-05-2025
YT8764966351871;true;false;26-05-2025
9807372716813;true;false;26-05-2025
JT5380068568945;true;false;26-05-2025
JT5380188249645;true;false;26-05-2025
YT8764973142271;true;false;26-05-2025
YT7547417787297;true;false;26-05-2025
JT5380306573143;true;false;26-05-2025
JT5380263810413;true;false;26-05-2025
9807369266841;true;false;26-05-2025
JT5380294725538;true;false;26-05-2025
JT5380337147110;true;false;26-05-2025
464428658641395;true;false;26-05-2025
464426315849630;true;false;26-05-2025
JT5380288657604;true;false;26-05-2025
SF3186198317687;true;false;26-05-2025
JT5380052201598;true;false;26-05-2025
9807355316860;true;false;26-05-2025
464429298151275;true;false;26-05-2025
YT8764883379798;true;false;26-05-2025
JT5380305847515;true;false;26-05-2025
JT5380539143945;true;false;26-05-2025
464426522813300;true;false;26-05-2025
9807318777375;true;false;26-05-2025
9807308240071;true;false;26-05-2025
9807360240074;true;false;26-05-2025
777309221351634;true;false;26-05-2025
9807365190597;true;false;26-05-2025
9807373304560;true;false;26-05-2025
YT8764782550830;true;false;26-05-2025
464425987412438;true;false;26-05-2025
JT5380223941389;true;false;26-05-2025
464416829653870;true;false;26-05-2025
9807366886951;true;false;26-05-2025
JT5380071823197;true;false;26-05-2025
YT8764881877018;true;false;26-05-2025
YT8764994356233;true;false;26-05-2025
YT8764640791241;true;false;26-05-2025
YT8764796144214;true;false;26-05-2025
YT8764782910139;true;false;26-05-2025
YT8765005514255;true;false;26-05-2025
YT8764992295491;true;false;26-05-2025
YT8764926002922;true;false;26-05-2025
YT8765005021588;true;false;26-05-2025
YT8765090684356;true;false;26-05-2025
YT8765756427293;true;false;26-05-2025
YT8764917004081;true;false;26-05-2025
YT8764873129293;true;false;26-05-2025
YT8764946515637;true;false;26-05-2025
9807368728546;true;false;26-05-2025
YT8764711375657;true;false;26-05-2025
78507469915042;true;false;26-05-2025
78507589972859;true;false;26-05-2025
78507641651960;true;false;26-05-2025
78507387221028;true;false;26-05-2025
YT8764901922315;true;false;26-05-2025
777309825435936;true;false;26-05-2025
78506835290845;true;false;26-05-2025
9807299544731;true;false;26-05-2025
777309078995369;true;false;26-05-2025
78507732682936;true;false;26-05-2025
464426112092302;true;false;26-05-2025
YT8764856376740;true;false;26-05-2025
78507536282150;true;false;26-05-2025
434590913241423;true;false;26-05-2025
9807352620593;true;false;26-05-2025
464426715397365;true;false;26-05-2025
464428929740138;true;false;26-05-2025
464426008272722;true;false;26-05-2025
YT8765058747596;true;false;26-05-2025
YT7547594757805;true;false;26-05-2025
YT8764998104748;true;false;26-05-2025
YT8765004959745;true;false;26-05-2025
YT8764521290722;true;false;26-05-2025
YT8764903179290;true;false;26-05-2025
YT8764763933416;true;false;26-05-2025
YT8764971346697;true;false;26-05-2025
JT5380283826146;true;false;26-05-2025
JT5380216817856;true;false;26-05-2025
JT5380331280551;true;false;26-05-2025
9807299057584;true;false;26-05-2025
9807379025408;true;false;26-05-2025
9807351285328;true;false;26-05-2025
9807358723658;true;false;26-05-2025
9807357682059;true;false;26-05-2025
464427172204980;true;false;26-05-2025
777309770203190;true;false;26-05-2025
78507492317910;true;false;26-05-2025
78507636875635;true;false;26-05-2025
464426559080049;true;false;26-05-2025
464426978581141;true;false;26-05-2025
SF3173648846240;true;false;26-05-2025
JT5380048007842;true;false;26-05-2025
777309165611279;true;false;26-05-2025
9807373067812;true;false;26-05-2025
464426703527018;true;false;26-05-2025
9807367701836;true;false;26-05-2025
464426761685190;true;false;26-05-2025
464426271156561;true;false;26-05-2025
777310030036323;true;false;26-05-2025
9807349814082;true;false;26-05-2025
464428731049927;true;false;26-05-2025
8251162839513;true;false;26-05-2025
9807316423542;true;false;26-05-2025
464429297935846;true;false;26-05-2025
9807378602150;true;false;26-05-2025
9807349814082;true;false;26-05-2025
777309043359619;true;false;26-05-2025
SF3175075321741;true;false;26-05-2025
464426628319051;true;false;26-05-2025
9807370734474;true;false;26-05-2025
9807366007922;true;false;26-05-2025
9807261360903;true;false;26-05-2025
9807366892292;true;false;26-05-2025
464426316087673;true;false;26-05-2025
777309064042602;true;false;26-05-2025
8251187716313;true;false;26-05-2025
9807380058913;true;false;26-05-2025
777309271746824;true;false;26-05-2025
464426710432512;true;false;26-05-2025
777309143170963;true;false;26-05-2025
9807378900425;true;false;26-05-2025
78507486247781;true;false;26-05-2025
777309096665889;true;false;26-05-2025
78507970608350;true;false;26-05-2025
78507750051879;true;false;26-05-2025
78507562287426;true;false;26-05-2025
777309816133867;true;false;26-05-2025
78507590891728;true;false;26-05-2025
78507350317454;true;false;26-05-2025
YT8765093279148;true;false;26-05-2025
777309139748257;true;false;26-05-2025
777309162124276;true;false;26-05-2025
777309100896293;true;false;26-05-2025
78507556339231;true;false;26-05-2025
78507557824350;true;false;26-05-2025
777309080077734;true;false;26-05-2025
777310020543855;true;false;26-05-2025
777309158755775;true;false;26-05-2025
777309226441991;true;false;26-05-2025
777309071758668;true;false;26-05-2025
777309271746848;true;false;26-05-2025
777309271747835;true;false;26-05-2025
777308728319709;true;false;26-05-2025
76702999734106;true;false;26-05-2025
78507632213226;true;false;26-05-2025
78507463145601;true;false;26-05-2025
777309155261764;true;false;26-05-2025
78507356056007;true;false;26-05-2025
777309214653585;true;false;26-05-2025
777309184080388;true;false;26-05-2025
777309173838350;true;false;26-05-2025
777309128984271;true;false;26-05-2025
777308784678141;true;false;26-05-2025
777309115437937;true;false;26-05-2025
777309183015791;true;false;26-05-2025
JT5380308595352;true;false;27-05-2025
JT5380628903846;true;false;27-05-2025
YT8765759844035;true;false;27-05-2025
YT8765521465554;true;false;27-05-2025
YT8765722845584;true;false;27-05-2025
YT8765713774437;true;false;27-05-2025
YT8765353121327;true;false;27-05-2025
9807325956881;true;false;27-05-2025
YT8765555299279;true;false;27-05-2025
YT8765540432476;true;false;27-05-2025
YT8764853655750;true;false;27-05-2025
777309726296245;true;false;27-05-2025
YT8765692407803;true;false;27-05-2025
YT8764964272286;true;false;27-05-2025
JT5380973264182;true;false;27-05-2025
777309757231516;true;false;27-05-2025
JT5380934367444;true;false;27-05-2025
JT5379897578722;true;false;27-05-2025
JT5379897578722;true;false;27-05-2025
YT8765049027885;true;false;27-05-2025
JT5379889953886;true;false;27-05-2025
777309744895368;true;false;27-05-2025
777309736288602;true;false;27-05-2025
YT8764795377439;true;false;27-05-2025
YT8765659387227;true;false;27-05-2025
JT5379853245867;true;false;27-05-2025
JT5380928869216;true;false;27-05-2025
JT5379888426899;true;false;27-05-2025
JT5380508527789;true;false;27-05-2025
JT5380547960567;true;false;27-05-2025
777309727548937;true;false;27-05-2025
YT8765332535020;true;false;27-05-2025
JT5379899980035;true;false;27-05-2025
YT8765565907773;true;false;27-05-2025
78507750864001;true;false;27-05-2025
JT5380007329492;true;false;27-05-2025
YT8765562853729;true;false;27-05-2025
JT5379949098882;true;false;27-05-2025
JT5380963562216;true;false;27-05-2025
JT5379921561216;true;false;27-05-2025
JT5380603357630;true;false;27-05-2025
JT5379964585811;true;false;27-05-2025
JT5380876004482;true;false;27-05-2025
JT5379878320469;true;false;27-05-2025
JT5380012214708;true;false;27-05-2025
464423927923350;true;false;27-05-2025
777309913876978;true;false;27-05-2025
78507782144923;true;false;27-05-2025
YT8765322069119;true;false;27-05-2025
JT5379878612281;true;false;27-05-2025
777309995144910;true;false;27-05-2025
777309726308525;true;false;27-05-2025
JT5380809405034;true;false;27-05-2025
9807323257807;true;false;27-05-2025
78507845819252;true;false;27-05-2025
JT5379924692185;true;false;27-05-2025
JT5380158858343;true;false;27-05-2025
JT5380003137389;true;false;27-05-2025
YT8765496752990;true;false;27-05-2025
78507973499036;true;false;27-05-2025
777309916819185;true;false;27-05-2025
773357166214854;true;false;27-05-2025
777309785898931;true;false;27-05-2025
777309737139641;true;false;27-05-2025
YT8765721046221;true;false;27-05-2025
777309757231577;true;false;27-05-2025
777309727896272;true;false;27-05-2025
YT8765246227156;true;false;27-05-2025
JT3120956371648;true;false;27-05-2025
777309850520674;true;false;27-05-2025
777309495277376;true;false;27-05-2025
777309958874515;true;false;27-05-2025
777308894902414;true;false;27-05-2025
YT8765295530867;true;false;27-05-2025
JT5380555014060;true;false;27-05-2025
JT5380589153604;true;false;27-05-2025
YT8765333352145;true;false;27-05-2025
YT8765354447877;true;false;27-05-2025
78507828572215;true;false;27-05-2025
777309757208441;true;false;27-05-2025
YT8765253236613;true;false;27-05-2025
YT8765339791311;true;false;27-05-2025
YT8765068659463;true;false;27-05-2025
777309731559448;true;false;27-05-2025
YT8765660881000;true;false;27-05-2025
YT8765257228698;true;false;27-05-2025
YT8765247532323;true;false;27-05-2025
YT8765424674781;true;false;27-05-2025
YT8765337446356;true;false;27-05-2025
YT8759811483205;true;false;27-05-2025
777310001423345;true;false;27-05-2025
78507840783286;true;false;27-05-2025
78507825034362;true;false;27-05-2025
78507730757368;true;false;27-05-2025
YT8765491504183;true;false;27-05-2025
777309762403213;true;false;27-05-2025
YT8765531208169;true;false;27-05-2025
78507828821798;true;false;27-05-2025
YT8765705105197;true;false;27-05-2025
YT8765475031184;true;false;27-05-2025
YT8765287949736;true;false;27-05-2025
YT8765364960234;true;false;27-05-2025
YT8765423989772;true;false;27-05-2025
78507661498860;true;false;27-05-2025
YT8765465525985;true;false;27-05-2025
YT8765386575850;true;false;27-05-2025
YT8765227869490;true;false;27-05-2025
78507874246839;true;false;27-05-2025
YT8765289223065;true;false;27-05-2025
777310009254504;true;false;27-05-2025
YT8765505148192;true;false;27-05-2025
777309868462042;true;false;27-05-2025
777309782102501;true;false;27-05-2025
9807322923633;true;false;27-05-2025
9807330380662;true;false;27-05-2025
777309741925164;true;false;27-05-2025
78507834172103;true;false;27-05-2025
78507871365739;true;false;27-05-2025
78507745214896;true;false;27-05-2025
78507792296786;true;false;27-05-2025
9807335271310;true;false;27-05-2025
777309866306282;true;false;27-05-2025
9807341100455;true;false;27-05-2025
777309742314082;true;false;27-05-2025
777309760269139;true;false;27-05-2025
777310005977390;true;false;27-05-2025
9807329932737;true;false;27-05-2025
9807301159144;true;false;27-05-2025
9807319181868;true;false;27-05-2025
9807324050188;true;false;27-05-2025
9807336107917;true;false;27-05-2025
9807324351313;true;false;27-05-2025
9807324351170;true;false;27-05-2025
78507757613427;true;false;27-05-2025
9807327080405;true;false;27-05-2025
9807332720667;true;false;27-05-2025
9807316239634;true;false;27-05-2025
9807324353403;true;false;27-05-2025
9807341675702;true;false;27-05-2025
777309760665601;true;false;27-05-2025
78507900674753;true;false;27-05-2025
JT5379893586479;true;false;27-05-2025
9807349782738;true;false;27-05-2025
78507812031111;true;false;27-05-2025
9807427415360;true;false;27-05-2025
9807337786115;true;false;27-05-2025
78507877164130;true;false;27-05-2025
9807333780219;true;false;27-05-2025
9807317373937;true;false;27-05-2025
9807334913716;true;false;27-05-2025
464428511680738;true;false;27-05-2025
8266685007013;true;false;27-05-2025
464424007684041;true;false;27-05-2025
9807337752864;true;false;27-05-2025
464423359907377;true;false;27-05-2025
9807331990792;true;false;27-05-2025
9807330000697;true;false;27-05-2025
9807326669475;true;false;27-05-2025
9807329899339;true;false;27-05-2025
9807334389893;true;false;27-05-2025
9807319470451;true;false;27-05-2025
YT8765676293864;true;false;27-05-2025
JT5380812951772;true;false;27-05-2025
9807323038920;true;false;27-05-2025
YT8765727611393;true;false;27-05-2025
78508133645436;true;false;27-05-2025
9807334673245;true;false;27-05-2025
78508092039691;true;false;27-05-2025
9807334600896;true;false;27-05-2025
78507788681011;true;false;27-05-2025
777309562551726;true;false;27-05-2025
777309415288397;true;false;27-05-2025
YT8764946451274;true;false;27-05-2025
YT8765565906994;true;false;27-05-2025
YT7547529474814;true;false;27-05-2025
78508078816966;true;false;27-05-2025
78507936183743;true;false;27-05-2025
YT8765088301540;true;false;27-05-2025
78508079058693;true;false;27-05-2025
78508145881465;true;false;27-05-2025
464423723241917;true;false;27-05-2025
9807340337813;true;false;27-05-2025
464430153945434;true;false;27-05-2025
464425065996044;true;false;27-05-2025
YT8765428879432;true;false;27-05-2025
YT7547668828877;true;false;27-05-2025
YT8765012570671;true;false;27-05-2025
YT8765632803670;true;false;27-05-2025
YT7547687422201;true;false;27-05-2025
YT8765617915530;true;false;27-05-2025
YT8764810203853;true;false;27-05-2025
9807331379585;true;false;27-05-2025
464422759361211;true;false;27-05-2025
464425595325911;true;false;27-05-2025
464425755876788;true;false;27-05-2025
464423242501562;true;false;27-05-2025
464425167008590;true;false;27-05-2025
YT7547590881986;true;false;27-05-2025
464424210436844;true;false;27-05-2025
464424086285859;true;false;27-05-2025
YT8765428867802;true;false;27-05-2025
464428544628243;true;false;27-05-2025
YT8765743460803;true;false;27-05-2025
78508096099807;true;false;27-05-2025
777309545461427;true;false;27-05-2025
777309990852748;true;false;27-05-2025
777309541532068;true;false;27-05-2025
777309475795060;true;false;27-05-2025
777309523948585;true;false;27-05-2025
78508131046080;true;false;27-05-2025
YT8765605731311;true;false;27-05-2025
464427216818647;true;false;27-05-2025
464423341843989;true;false;27-05-2025
464422922040295;true;false;27-05-2025
464423864585744;true;false;27-05-2025
464430149644372;true;false;27-05-2025
78507855854096;true;false;27-05-2025
78508086813136;true;false;27-05-2025
YT8765645996482;true;false;27-05-2025
464424303036570;true;false;27-05-2025
9807335335485;true;false;27-05-2025
YT8765682392953;true;false;27-05-2025
464423393074502;true;false;27-05-2025
SF3175494957443;true;false;27-05-2025
464422955933074;true;false;27-05-2025
464422939214593;true;false;27-05-2025
464430526843338;true;false;27-05-2025
464422894857683;true;false;27-05-2025
9807305828169;true;false;27-05-2025
464430249887805;true;false;27-05-2025
773357591607413;true;false;27-05-2025
777309662722081;true;false;27-05-2025
464425724739778;true;false;27-05-2025
78909900803902;true;false;27-05-2025
9807337399475;true;false;27-05-2025
9807320760776;true;false;27-05-2025
777309456191975;true;false;27-05-2025
777309371797457;true;false;27-05-2025
777309528359716;true;false;27-05-2025
434595716500640;true;false;27-05-2025
464429956089080;true;false;27-05-2025
777309373961645;true;false;27-05-2025
777309643678673;true;false;27-05-2025
777309644005752;true;false;27-05-2025
YT8765593950275;true;false;27-05-2025
JDVB42076334238;true;false;27-05-2025
YT8765612498672;true;false;27-05-2025
464424013887144;true;false;27-05-2025
464423876538278;true;false;27-05-2025
464427889982651;true;false;27-05-2025
JT5380550641493;true;false;27-05-2025
777309678678688;true;false;27-05-2025
777309709708888;true;false;27-05-2025
464430996947198;true;false;27-05-2025
777310005333002;true;false;27-05-2025
JT5380737603389;true;false;27-05-2025
YT8765664189959;true;false;27-05-2025
YT8765660129490;true;false;27-05-2025
464423492712432;true;false;27-05-2025
JT5379998894246;true;false;27-05-2025
777309554107388;true;false;27-05-2025
777309645716436;true;false;27-05-2025
9807337233670;true;false;27-05-2025
777309569567940;true;false;27-05-2025
777309562235922;true;false;27-05-2025
777309540472690;true;false;27-05-2025
777309624845922;true;false;27-05-2025
9807320406220;true;false;27-05-2025
9807320406192;true;false;27-05-2025
777309395302435;true;false;27-05-2025
777309559182953;true;false;27-05-2025
9807320412179;true;false;27-05-2025
JT5380872900862;true;false;27-05-2025
JT5380851713948;true;false;27-05-2025
JT5380819660492;true;false;27-05-2025
JT3121200362155;true;false;27-05-2025
JT5380898520233;true;false;27-05-2025
JT5379892736778;true;false;27-05-2025
JT5380536307933;true;false;27-05-2025
JT5380990157104;true;false;27-05-2025
JT3121020421622;true;false;27-05-2025
JT5380844374345;true;false;27-05-2025
JT5380549083604;true;false;27-05-2025
JT5380127552314;true;false;27-05-2025
JT5381549475747;true;false;28-05-2025
YT8765394562536;true;false;28-05-2025
777309650437153;true;false;28-05-2025
YT8765153516053;true;false;28-05-2025
YT8765874192558;true;false;28-05-2025
YT8765389080315;true;false;28-05-2025
YT8765859980587;true;false;28-05-2025
YT8765786856540;true;false;28-05-2025
YT8765165109573;true;false;28-05-2025
YT8765717902212;true;false;28-05-2025
YT8765237941298;true;false;28-05-2025
YT8765819377211;true;false;28-05-2025
YT8765120880884;true;false;28-05-2025
YT8765508130453;true;false;28-05-2025
YT8765919168359;true;false;28-05-2025
YT8765389080001;true;false;28-05-2025
YT8765130374944;true;false;28-05-2025
YT8765887984465;true;false;28-05-2025
YT8765789446524;true;false;28-05-2025
YT8765159238010;true;false;28-05-2025
YT8765833278213;true;false;28-05-2025
YT8765809300559;true;false;28-05-2025
YT8765159727167;true;false;28-05-2025
YT8765797294601;true;false;28-05-2025
YT8765095641976;true;false;28-05-2025
YT8765372656703;true;false;28-05-2025
YT8765820305494;true;false;28-05-2025
YT8765925244188;true;false;28-05-2025
YT8765477240607;true;false;28-05-2025
YT8765116430057;true;false;28-05-2025
YT8765789767951;true;false;28-05-2025
YT8765823542621;true;false;28-05-2025
YT8765904939205;true;false;28-05-2025
78507925260533;true;false;28-05-2025
999035802646;true;false;28-05-2025
JT5380728235549;true;false;28-05-2025
JT5380834137967;true;false;28-05-2025
JT5380775752480;true;false;28-05-2025
9807346830993;true;false;28-05-2025
JT5380908800266;true;false;28-05-2025
JT5380693742936;true;false;28-05-2025
JT5380823467696;true;false;28-05-2025
JT5380682162201;true;false;28-05-2025
464429617467820;true;false;28-05-2025
JT5380679280965;true;false;28-05-2025
464425114315452;true;false;28-05-2025
464431969786095;true;false;28-05-2025
9807308240071;true;false;28-05-2025
JT5380882204863;true;false;28-05-2025
464425496830015;true;false;28-05-2025
JT5381031303532;true;false;28-05-2025
JT5380569909962;true;false;28-05-2025
777309748372978;true;false;28-05-2025
JT5380747419288;true;false;28-05-2025
JT5380804034918;true;false;28-05-2025
JT5381050209922;true;false;28-05-2025
9807321425921;true;false;28-05-2025
JT5380838362779;true;false;28-05-2025
464432542932103;true;false;28-05-2025
JT5381092561728;true;false;28-05-2025
JT5380938871280;true;false;28-05-2025
JT5380721829126;true;false;28-05-2025
JT5380945725666;true;false;28-05-2025
78508113572668;true;false;28-05-2025
JT5380807108848;true;false;28-05-2025
JT5380799857438;true;false;28-05-2025
JT3121141594568;true;false;28-05-2025
464429948936814;true;false;28-05-2025
JT5380990687526;true;false;28-05-2025
JT5380816547769;true;false;28-05-2025
JT5380743740649;true;false;28-05-2025
464432461248357;true;false;28-05-2025
JT5380634620691;true;false;28-05-2025
9807425619750;true;false;28-05-2025
9807427734221;true;false;28-05-2025
JT5380888947651;true;false;28-05-2025
JT5381092875715;true;false;28-05-2025
JT5381147441850;true;false;28-05-2025
JT5380778213426;true;false;28-05-2025
JT3121082403657;true;false;28-05-2025
JT5380783859006;true;false;28-05-2025
JT5380950053348;true;false;28-05-2025
78507472357527;true;false;28-05-2025
78507472357527;true;false;28-05-2025
JT5380098070833;true;false;28-05-2025
464425104416758;true;false;28-05-2025
9807336984136;true;false;28-05-2025
JT5380710640467;true;false;28-05-2025
JT5380703148630;true;false;28-05-2025
JT5380715713827;true;false;28-05-2025
9807340358081;true;false;28-05-2025
JT5380813474683;true;false;28-05-2025
464425553929725;true;false;28-05-2025
464425491525003;true;false;28-05-2025
9807430310586;true;false;28-05-2025
9807441389218;true;false;28-05-2025
9807427825259;true;false;28-05-2025
464425441796006;true;false;28-05-2025
9807338366869;true;false;28-05-2025
464417088871696;true;false;28-05-2025
777309951640194;true;false;28-05-2025
777310186110895;true;false;28-05-2025
9807340371450;true;false;28-05-2025
78507982132001;true;false;28-05-2025
9807429551626;true;false;28-05-2025
777309425289830;true;false;28-05-2025
9807431572129;true;false;28-05-2025
9807340349152;true;false;28-05-2025
9807421553512;true;false;28-05-2025
78508178994984;true;false;28-05-2025
777310162308009;true;false;28-05-2025
777310087171875;true;false;28-05-2025
777310371437131;true;false;28-05-2025
777309421356015;true;false;28-05-2025
777310336352771;true;false;28-05-2025
777310158890046;true;false;28-05-2025
777309645984931;true;false;28-05-2025
773357703256132;true;false;28-05-2025
777310183548009;true;false;28-05-2025
777310333377430;true;false;28-05-2025
777309594235509;true;false;28-05-2025
777310302746289;true;false;28-05-2025
777310177740282;true;false;28-05-2025
777309573372100;true;false;28-05-2025
9807429860742;true;false;28-05-2025
9807417980946;true;false;28-05-2025
9807419449784;true;false;28-05-2025
78507947432543;true;false;28-05-2025
9807432068891;true;false;28-05-2025
JT5380869041636;true;false;28-05-2025
464429936172704;true;false;28-05-2025
464430808326993;true;false;28-05-2025
777310141827643;true;false;28-05-2025
78508096575581;true;false;28-05-2025
78508162073927;true;false;28-05-2025
777309382342002;true;false;28-05-2025
777309503788364;true;false;28-05-2025
464431920665347;true;false;28-05-2025
9807344463629;true;false;28-05-2025
9807343188548;true;false;28-05-2025
464430936139664;true;false;28-05-2025
464430091210422;true;false;28-05-2025
464434344787868;true;false;28-05-2025
464429870639793;true;false;28-05-2025
78508336595767;true;false;28-05-2025
464425851629456;true;false;28-05-2025
9807420744840;true;false;28-05-2025
464424632359397;true;false;28-05-2025
78507939583605;true;false;28-05-2025
9807417072104;true;false;28-05-2025
78508260765576;true;false;28-05-2025
78508052716299;true;false;28-05-2025
78508234413752;true;false;28-05-2025
777309439749609;true;false;28-05-2025
464431217964126;true;false;28-05-2025
78507763743019;true;false;28-05-2025
464430140216392;true;false;28-05-2025
9807431198909;true;false;28-05-2025
464430523081567;true;false;28-05-2025
78508050503065;true;false;28-05-2025
78508080946398;true;false;28-05-2025
78507392625066;true;false;28-05-2025
78508259335234;true;false;28-05-2025
9807428446612;true;false;28-05-2025
464425416578707;true;false;28-05-2025
78507941883418;true;false;28-05-2025
464430939628688;true;false;28-05-2025
777309703007031;true;false;28-05-2025
777309697395248;true;false;28-05-2025
78910125600443;true;false;28-05-2025
78507964716726;true;false;28-05-2025
78507963019215;true;false;28-05-2025
78508166040345;true;false;28-05-2025
777309389271321;true;false;28-05-2025
464424504651213;true;false;28-05-2025
777309684771114;true;false;28-05-2025
78508043678776;true;false;28-05-2025
78508196276915;true;false;28-05-2025
78508081322266;true;false;28-05-2025
78507828572215;true;false;28-05-2025
777310354140223;true;false;28-05-2025
777309605196576;true;false;28-05-2025
777309427016907;true;false;28-05-2025
777310311243919;true;false;28-05-2025
777309561452660;true;false;28-05-2025
777310205439098;true;false;28-05-2025
777310202382281;true;false;28-05-2025
777310333383372;true;false;28-05-2025
78508448063857;true;false;28-05-2025
777310351825928;true;false;28-05-2025
78910160769924;true;false;28-05-2025
777310128406394;true;false;28-05-2025
777309740055551;true;false;28-05-2025
777310369292250;true;false;28-05-2025
777310236182541;true;false;28-05-2025
777309540693991;true;false;28-05-2025
777310200308738;true;false;28-05-2025
777310362574390;true;false;28-05-2025
777310338218677;true;false;28-05-2025
777310359074235;true;false;28-05-2025
YT8765380283816;true;false;28-05-2025
777309566470506;true;false;28-05-2025
9807419269740;true;false;28-05-2025
464425010849657;true;false;28-05-2025
777309428711107;true;false;28-05-2025
78507935710065;true;false;28-05-2025
777310066234757;true;false;28-05-2025
9807419234398;true;false;28-05-2025
777309459885769;true;false;28-05-2025
78508332990317;true;false;28-05-2025
78508367063613;true;false;28-05-2025
78508194655384;true;false;28-05-2025
78508450027431;true;false;28-05-2025
78508412724367;true;false;28-05-2025
78508487113173;true;false;28-05-2025
78508237702833;true;false;28-05-2025
777309660426833;true;false;28-05-2025
78508422778385;true;false;28-05-2025
YT8765809327866;true;false;28-05-2025
78508082578820;true;false;28-05-2025
YT8765907170199;true;false;28-05-2025
78507824145859;true;false;28-05-2025
777309511206509;true;false;28-05-2025
78508367250472;true;false;28-05-2025
78507991768038;true;false;28-05-2025
YT8765302479947;true;false;28-05-2025
YT8765440617300;true;false;28-05-2025
78507926666066;true;false;28-05-2025
78508205201805;true;false;28-05-2025
78508068510606;true;false;28-05-2025
78508444541081;true;false;28-05-2025
78508239974348;true;false;28-05-2025
YT8765350907863;true;false;28-05-2025
777310093284224;true;false;28-05-2025
YT8765160757793;true;false;28-05-2025
YT8765926755054;true;false;28-05-2025
78508312426361;true;false;28-05-2025
434595218821456;true;false;28-05-2025
JT5381079238191;true;false;28-05-2025
464425447411250;true;false;28-05-2025
YT8765465408923;true;false;28-05-2025
YT8765612631888;true;false;28-05-2025
YT8765784127842;true;false;28-05-2025
YT8765839249022;true;false;28-05-2025
464431525392250;true;false;28-05-2025
JT5381085478705;true;false;28-05-2025
JT5379973023335;true;false;28-05-2025
JT5381173859060;true;false;28-05-2025
78507951843406;true;false;28-05-2025
78508117012685;true;false;28-05-2025
78508057212146;true;false;28-05-2025
464434290032817;true;false;28-05-2025
78909371508096;true;false;28-05-2025
78508116998646;true;false;28-05-2025
YT8765121239179;true;false;28-05-2025
78507943517737;true;false;28-05-2025
YT8765212650500;true;false;28-05-2025
78508117012736;true;false;28-05-2025
773357684384839;true;false;28-05-2025
777309556933735;true;false;28-05-2025
777309850874321;true;false;28-05-2025
78508062294829;true;false;28-05-2025
78508309000872;true;false;28-05-2025
YT8765874999384;true;false;28-05-2025
JT5380701687815;true;false;28-05-2025
YT8765660943852;true;false;28-05-2025
9807423780716;true;false;28-05-2025
78508352917182;true;false;28-05-2025
78508233136947;true;false;28-05-2025
9807345005259;true;false;28-05-2025
9807431655079;true;false;28-05-2025
78910023275003;true;false;28-05-2025
SF0282677204415;true;false;28-05-2025
78508333838586;true;false;28-05-2025
78508342255171;true;false;28-05-2025
9807421802802;true;false;28-05-2025
9807342826144;true;false;28-05-2025
78508039768271;true;false;28-05-2025
78508385740611;true;false;28-05-2025
78508330119275;true;false;28-05-2025
78508255034990;true;false;28-05-2025
JT5380886303091;true;false;28-05-2025
JT5380741137404;true;false;28-05-2025
78508410677521;true;false;28-05-2025
78508204240768;true;false;28-05-2025
464431826106392;true;false;28-05-2025
JT5381075501350;true;false;28-05-2025
464430121007640;true;false;28-05-2025
78508030352032;true;false;28-05-2025
78508011541109;true;false;28-05-2025
78507977143623;true;false;28-05-2025
78909988955063;true;false;28-05-2025
78508159917202;true;false;28-05-2025
78508407463598;true;false;28-05-2025
78508260773279;true;false;28-05-2025
78508030377137;true;false;28-05-2025
JT5381172137756;true;false;28-05-2025
78508117012511;true;false;28-05-2025
78508117017633;true;false;28-05-2025
9807342295246;true;false;28-05-2025
777309673081493;true;false;28-05-2025
JT5381523015492;true;false;28-05-2025
464431298819801;true;false;28-05-2025
JT5381516954897;true;false;28-05-2025
JT5381043347866;true;false;28-05-2025
777309399565712;true;false;28-05-2025
9807345384808;true;false;28-05-2025
YT8765904297215;true;false;28-05-2025
464431054726648;true;false;28-05-2025
78508237069077;true;false;28-05-2025
YT8765376227318;true;false;28-05-2025
464433847559232;true;false;28-05-2025
464431437137574;true;false;28-05-2025
464431159645232;true;false;28-05-2025
JT5381604944066;true;false;28-05-2025
464431830227030;true;false;28-05-2025
JT5381593650645;true;false;28-05-2025
JT5380982221703;true;false;28-05-2025
JT5381541595432;true;false;28-05-2025
464433809710209;true;false;28-05-2025
464432085310995;true;false;28-05-2025
464424471086309;true;false;28-05-2025
JT5381058414623;true;false;28-05-2025
JT5381029450256;true;false;28-05-2025
464432273254723;true;false;28-05-2025
JT5381525059398;true;false;28-05-2025
JT5381530697189;true;false;28-05-2025
JT5381128626765;true;false;28-05-2025
JT5381521622195;true;false;28-05-2025
464432142636710;true;false;28-05-2025
464434257019186;true;false;28-05-2025
JT5380872236091;true;false;28-05-2025
JT5381601776685;true;false;28-05-2025
JT5381581614622;true;false;28-05-2025
JT5381611124853;true;false;28-05-2025
JT5380967265906;true;false;28-05-2025
464431240869308;true;false;28-05-2025
JT5381537178270;true;false;28-05-2025
464431039601946;true;false;28-05-2025
JT5381183107723;true;false;29-05-2025
YT8766073202448;true;false;29-05-2025
464434188907628;true;false;29-05-2025
9807418846953;true;false;29-05-2025
JT5381571495611;true;false;29-05-2025
JT5381051765225;true;false;29-05-2025
JT5381158314866;true;false;29-05-2025
JT5381159070656;true;false;29-05-2025
JT5381139906396;true;false;29-05-2025
JT5381575440796;true;false;29-05-2025
JT5381627656096;true;false;29-05-2025
9807445157889;true;false;29-05-2025
JT5381156263096;true;false;29-05-2025
JT5381525886348;true;false;29-05-2025
JT3121305286263;true;false;29-05-2025
JT5381791918358;true;false;29-05-2025
JT5381149964540;true;false;29-05-2025
JT5381147708028;true;false;29-05-2025
JT5381097740991;true;false;29-05-2025
JT5381012935386;true;false;29-05-2025
JT5381023697502;true;false;29-05-2025
JT5380866346230;true;false;29-05-2025
JT5381025690896;true;false;29-05-2025
777310369162161;true;false;29-05-2025
JT5381147708926;true;false;29-05-2025
JT5381729095572;true;false;29-05-2025
JT5381532947794;true;false;29-05-2025
JT3121207592009;true;false;29-05-2025
JT5381549066477;true;false;29-05-2025
9807448213556;true;false;29-05-2025
JT5381575003271;true;false;29-05-2025
464435907146835;true;false;29-05-2025
JT5381839728646;true;false;29-05-2025
JT5381795503331;true;false;29-05-2025
JT5381208874626;true;false;29-05-2025
JT5380886050012;true;false;29-05-2025
9807390557455;true;false;29-05-2025
9807423706643;true;false;29-05-2025
9807390703690;true;false;29-05-2025
9807424022574;true;false;29-05-2025
9807440729854;true;false;29-05-2025
9807448527243;true;false;29-05-2025
9807436216919;true;false;29-05-2025
JT5381127477594;true;false;29-05-2025
JT5381729872055;true;false;29-05-2025
JT5381010927742;true;false;29-05-2025
9807393887786;true;false;29-05-2025
JT5381077711409;true;false;29-05-2025
JT5381513947897;true;false;29-05-2025
9807391312790;true;false;29-05-2025
9807442162400;true;false;29-05-2025
9807448704054;true;false;29-05-2025
9807441565342;true;false;29-05-2025
9807434861209;true;false;29-05-2025
9807442949618;true;false;29-05-2025
9807394598756;true;false;29-05-2025
9807435215182;true;false;29-05-2025
464431392946732;true;false;29-05-2025
9707423635895;true;false;29-05-2025
9807433351997;true;false;29-05-2025
9807435022334;true;false;29-05-2025
9807421978920;true;false;29-05-2025
464431562357361;true;false;29-05-2025
464431843738651;true;false;29-05-2025
464432229650067;true;false;29-05-2025
464431659643526;true;false;29-05-2025
464430025523836;true;false;29-05-2025
9807428785747;true;false;29-05-2025
9807447750753;true;false;29-05-2025
9807391171233;true;false;29-05-2025
777310449089303;true;false;29-05-2025
9807423645848;true;false;29-05-2025
SF3186784931022;true;false;29-05-2025
464432755113518;true;false;29-05-2025
8264607126513;true;false;29-05-2025
777310328005705;true;false;29-05-2025
464431831531994;true;false;29-05-2025
464430248234197;true;false;29-05-2025
464431535560670;true;false;29-05-2025
JT5381028155516;true;false;29-05-2025
78508164179538;true;false;29-05-2025
9807446296661;true;false;29-05-2025
9807437512815;true;false;29-05-2025
9807445116312;true;false;29-05-2025
464429526818021;true;false;29-05-2025
464432685022256;true;false;29-05-2025
464432003792670;true;false;29-05-2025
464431838772118;true;false;29-05-2025
464425466832864;true;false;29-05-2025
464432270618845;true;false;29-05-2025
464432178067470;true;false;29-05-2025
464431462888896;true;false;29-05-2025
464431503989549;true;false;29-05-2025
464433663187918;true;false;29-05-2025
YT8765967447323;true;false;29-05-2025
78508414076376;true;false;29-05-2025
777310144282245;true;false;29-05-2025
YT8765924884976;true;false;29-05-2025
464436046796112;true;false;29-05-2025
YT8765836857035;true;false;29-05-2025
YT8765667784634;true;false;29-05-2025
YT7548166863830;true;false;29-05-2025
78508398277334;true;false;29-05-2025
464435800824680;true;false;29-05-2025
464429527037536;true;false;29-05-2025
YT8765367280366;true;false;29-05-2025
777310478748566;true;false;29-05-2025
464434827637183;true;false;29-05-2025
464431960454795;true;false;29-05-2025
464431429652501;true;false;29-05-2025
777310108094843;true;false;29-05-2025
777310361223081;true;false;29-05-2025
464431081144270;true;false;29-05-2025
777309617463225;true;false;29-05-2025
464431732854437;true;false;29-05-2025
464432816283544;true;false;29-05-2025
777310104880395;true;false;29-05-2025
777310464379859;true;false;29-05-2025
464434803263376;true;false;29-05-2025
777309402746049;true;false;29-05-2025
777310112677614;true;false;29-05-2025
777310128462011;true;false;29-05-2025
464433989261558;true;false;29-05-2025
777310298234544;true;false;29-05-2025
777310328675394;true;false;29-05-2025
777310467815041;true;false;29-05-2025
YT8766099096498;true;false;29-05-2025
777310112679376;true;false;29-05-2025
777310100959335;true;false;29-05-2025
777310054315459;true;false;29-05-2025
773357872176785;true;false;29-05-2025
777310366970897;true;false;29-05-2025
777310204738016;true;false;29-05-2025
78508656401806;true;false;29-05-2025
78508412043236;true;false;29-05-2025
777310194024266;true;false;29-05-2025
777309611237711;true;false;29-05-2025
777309380464215;true;false;29-05-2025
78508340165065;true;false;29-05-2025
777309413380618;true;false;29-05-2025
YT8765921915589;true;false;29-05-2025
YT8765162158585;true;false;29-05-2025
777310319522689;true;false;29-05-2025
YT8766111197019;true;false;29-05-2025
YT8765170430509;true;false;29-05-2025
YT8766141174806;true;false;29-05-2025
777310468369607;true;false;29-05-2025
777309576567300;true;false;29-05-2025
78508298732381;true;false;29-05-2025
78508568114451;true;false;29-05-2025
78508556267349;true;false;29-05-2025
YT8765122553997;true;false;29-05-2025
YT8765127238112;true;false;29-05-2025
777310422250904;true;false;29-05-2025
YT8765881673457;true;false;29-05-2025
78508539272273;true;false;29-05-2025
78508384505618;true;false;29-05-2025
464435738412912;true;false;29-05-2025
78508496889548;true;false;29-05-2025
YT8766035506805;true;false;29-05-2025
YT8766176510448;true;false;29-05-2025
78508534394174;true;false;29-05-2025
464435218205406;true;false;29-05-2025
464431101025334;true;false;29-05-2025
464434223817961;true;false;29-05-2025
464435422138044;true;false;29-05-2025
YT8765422565290;true;false;29-05-2025
464435669278725;true;false;29-05-2025
464425050096136;true;false;29-05-2025
78508652882533;true;false;29-05-2025
78508275825756;true;false;29-05-2025
78508519868465;true;false;29-05-2025
78508220310166;true;false;29-05-2025
78508469245349;true;false;29-05-2025
78508558792738;true;false;29-05-2025
464432193672500;true;false;29-05-2025
78508319611826;true;false;29-05-2025
777310191955133;true;false;29-05-2025
78508633082496;true;false;29-05-2025
78508254106212;true;false;29-05-2025
78508402485499;true;false;29-05-2025
78508303111330;true;false;29-05-2025
777309455920536;true;false;29-05-2025
YT8766184623842;true;false;29-05-2025
777309619916976;true;false;29-05-2025
777310509910489;true;false;29-05-2025
777310652593143;true;false;29-05-2025
464433378443912;true;false;29-05-2025
78508201318723;true;false;29-05-2025
9807396982925;true;false;29-05-2025
YT8765116956137;true;false;29-05-2025
78508321650812;true;false;29-05-2025
78508338256091;true;false;29-05-2025
78508674457846;true;false;29-05-2025
YT8765930739282;true;false;29-05-2025
78508580460161;true;false;29-05-2025
78508587757584;true;false;29-05-2025
JT5381542606778;true;false;29-05-2025
94237821860;true;false;29-05-2025
78508526262354;true;false;29-05-2025
78508651098876;true;false;29-05-2025
78508686632621;true;false;29-05-2025
78508643698740;true;false;29-05-2025
78508354578059;true;false;29-05-2025
78508349156541;true;false;29-05-2025
78508200935075;true;false;29-05-2025
78508519552284;true;false;29-05-2025
78508380661797;true;false;29-05-2025
78910116105682;true;false;29-05-2025
YT8765162617730;true;false;29-05-2025
YT8765916359705;true;false;29-05-2025
YT8765367064678;true;false;29-05-2025
YT8765209441737;true;false;29-05-2025
78508208073786;true;false;29-05-2025
78508477299861;true;false;29-05-2025
78508563536549;true;false;29-05-2025
YT8765771413251;true;false;29-05-2025
78508666265055;true;false;29-05-2025
78508557711066;true;false;29-05-2025
78508418582800;true;false;29-05-2025
464432714484132;true;false;29-05-2025
464433614649579;true;false;29-05-2025
464433505690986;true;false;29-05-2025
YT8765795133016;true;false;29-05-2025
YT8765127699407;true;false;29-05-2025
YT8765797504964;true;false;29-05-2025
YT8765774845059;true;false;29-05-2025
464433661108971;true;false;29-05-2025
YT8765161066067;true;false;29-05-2025
464434826339834;true;false;29-05-2025
YT8765915264693;true;false;29-05-2025
JT5381720798267;true;false;29-05-2025
464435001790554;true;false;29-05-2025
9807442747640;true;false;29-05-2025
9807436359333;true;false;29-05-2025
9807438403975;true;false;29-05-2025
464435912968473;true;false;29-05-2025
777310502106549;true;false;29-05-2025
9807382145244;true;false;29-05-2025
777309332745414;true;false;29-05-2025
777309621760144;true;false;29-05-2025
777310539580803;true;false;29-05-2025
777310146590041;true;false;29-05-2025
777310404797985;true;false;29-05-2025
777310006341410;true;false;29-05-2025
777310442980603;true;false;29-05-2025
777310224339494;true;false;29-05-2025
464431681990661;true;false;29-05-2025
78508205628359;true;false;29-05-2025
9807436605273;true;false;29-05-2025
9807444610364;true;false;29-05-2025
464435624860385;true;false;29-05-2025
9807397232540;true;false;29-05-2025
9807395357913;true;false;29-05-2025
9807392616975;true;false;29-05-2025
JT5381835939549;true;false;29-05-2025
9807447008182;true;false;29-05-2025
9807407607070;true;false;29-05-2025
JT5381803712416;true;false;29-05-2025
9807448546635;true;false;29-05-2025
9807392698265;true;false;29-05-2025
JT5381819000937;true;false;29-05-2025
JT5381069228521;true;false;29-05-2025
JT5381831430155;true;false;29-05-2025
JT5381580671075;true;false;29-05-2025
JT5381197831379;true;false;29-05-2025
JT5381592292715;true;false;29-05-2025
464434733504871;true;false;29-05-2025
JT5381536263134;true;false;29-05-2025
JT5381113568534;true;false;29-05-2025
JT5380892086520;true;false;29-05-2025
777310400097900;true;false;29-05-2025
777310084420093;true;false;29-05-2025
777310101175787;true;false;29-05-2025
464429362723149;true;false;29-05-2025
464434824885016;true;false;29-05-2025
9807438445472;true;false;29-05-2025
777310452799665;true;false;29-05-2025
777310238628881;true;false;29-05-2025
777310450566874;true;false;29-05-2025
777310455735496;true;false;29-05-2025
777310484611812;true;false;29-05-2025
777310396332394;true;false;29-05-2025
9807434134399;true;false;29-05-2025
777310349743823;true;false;29-05-2025
JT5381237893401;true;false;29-05-2025
777310234697535;true;false;29-05-2025
JT5381632172469;true;false;29-05-2025
JT5381824470671;true;false;29-05-2025
JT5381745386486;true;false;29-05-2025
JT5381221327226;true;false;29-05-2025
JT5381764318905;true;false;29-05-2025
JT5381632172469;true;false;29-05-2025
JT5381635402775;true;false;29-05-2025
JT5381564094325;true;false;29-05-2025
JT5381833868022;true;false;29-05-2025
JT5381208217489;true;false;29-05-2025
JT5381513639604;true;false;29-05-2025
JT5381844382193;true;false;29-05-2025
JT5381561864342;true;false;29-05-2025
JT5381584858929;true;false;29-05-2025
JT5381253816640;true;false;29-05-2025
JT5381517550690;true;false;29-05-2025
777310383219155;true;false;29-05-2025
777310299049404;true;false;29-05-2025
9807416115705;true;false;29-05-2025
777309623121945;true;false;29-05-2025
9807407508746;true;false;29-05-2025
777310514051344;true;false;29-05-2025
JT5381711955611;true;false;29-05-2025
JT5381129612742;true;false;29-05-2025
9807432351545;true;false;29-05-2025
777310188478559;true;false;29-05-2025
JT5381716287843;true;false;29-05-2025
777310278670830;true;false;29-05-2025
JT5381175880612;true;false;29-05-2025
JT5381590089996;true;false;29-05-2025
777310665846627;true;false;29-05-2025
777310229952570;true;false;29-05-2025
777310663796330;true;false;29-05-2025
777310398703828;true;false;29-05-2025
78508327668447;true;false;29-05-2025
777310434386715;true;false;29-05-2025
YT8766178332181;true;false;30-05-2025
777311156403943;true;false;30-05-2025
777310213758091;true;false;30-05-2025
JT5381491402928;true;false;30-05-2025
YT8766757807406;true;false;30-05-2025
YT7548693016732;true;false;30-05-2025
YT8766424197522;true;false;30-05-2025
YT8766022503880;true;false;30-05-2025
YT8766744424801;true;false;30-05-2025
JT5381014818634;true;false;30-05-2025
YT8766020852885;true;false;30-05-2025
YT8766203849859;true;false;30-05-2025
YT8766238298356;true;false;30-05-2025
JT5381394725230;true;false;30-05-2025
JT5381414370709;true;false;30-05-2025
JT5381418781100;true;false;30-05-2025
JT5381402261398;true;false;30-05-2025
777310594244905;true;false;30-05-2025
777311076296868;true;false;30-05-2025
777311104415157;true;false;30-05-2025
JT5381464681781;true;false;30-05-2025
YT8766762538036;true;false;30-05-2025
777311175150155;true;false;30-05-2025
JT5381679456311;true;false;30-05-2025
777310713699092;true;false;30-05-2025
JT5381393584772;true;false;30-05-2025
JT5381625613024;true;false;30-05-2025
JT5381401591842;true;false;30-05-2025
JT5381280161574;true;false;30-05-2025
78910532013834;true;false;30-05-2025
777310495127491;true;false;30-05-2025
JT5381641306543;true;false;30-05-2025
9807443094645;true;false;30-05-2025
777310484833410;true;false;30-05-2025
777311074147515;true;false;30-05-2025
78508782207286;true;false;30-05-2025
9807439309719;true;false;30-05-2025
777310353570368;true;false;30-05-2025
777310665054230;true;false;30-05-2025
777310639444501;true;false;30-05-2025
777311105654321;true;false;30-05-2025
777311091397585;true;false;30-05-2025
JT5381717343913;true;false;30-05-2025
777310605692225;true;false;30-05-2025
JT3121380264931;true;false;30-05-2025
777311140364639;true;false;30-05-2025
777310457661894;true;false;30-05-2025
JT5381790839349;true;false;30-05-2025
JT5382093040265;true;false;30-05-2025
JT5381681027335;true;false;30-05-2025
JT5382092835285;true;false;30-05-2025
78508760880504;true;false;30-05-2025
78508920736519;true;false;30-05-2025
78508687638404;true;false;30-05-2025
78508780154269;true;false;30-05-2025
78508641679604;true;false;30-05-2025
78508742977545;true;false;30-05-2025
777311212418487;true;false;30-05-2025
777311170343997;true;false;30-05-2025
777311143996535;true;false;30-05-2025
78508917571896;true;false;30-05-2025
777310286192144;true;false;30-05-2025
78508942988427;true;false;30-05-2025
YT8766224574301;true;false;30-05-2025
JT5381215094873;true;false;30-05-2025
JT5381728951166;true;false;30-05-2025
YT8766222730136;true;false;30-05-2025
YT8766054780066;true;false;30-05-2025
YT8765097487408;true;false;30-05-2025
YT8765126381488;true;false;30-05-2025
464432766746495;true;false;30-05-2025
JT5381058687173;true;false;30-05-2025
YT8766128844801;true;false;30-05-2025
JT5381353384889;true;false;30-05-2025
YT8765968991865;true;false;30-05-2025
9807448622346;true;false;30-05-2025
78508205372185;true;false;30-05-2025
YT8766021747447;true;false;30-05-2025
YT8765923955642;true;false;30-05-2025
YT8766089516515;true;false;30-05-2025
YT8765988507134;true;false;30-05-2025
YT8766161879615;true;false;30-05-2025
YT8766212956072;true;false;30-05-2025
464433513847153;true;false;30-05-2025
78260393000647;true;false;30-05-2025
YT8766046694609;true;false;30-05-2025
YT8765991727592;true;false;30-05-2025
YT8765252955333;true;false;30-05-2025
YT8765982305114;true;false;30-05-2025
YT8766046525369;true;false;30-05-2025
YT8766176615859;true;false;30-05-2025
YT8766135847161;true;false;30-05-2025
YT8766162451573;true;false;30-05-2025
9807387421838;true;false;30-05-2025
YT8766157730537;true;false;30-05-2025
YT8765942068772;true;false;30-05-2025
464435946148402;true;false;30-05-2025
YT8766077694504;true;false;30-05-2025
YT7548416629566;true;false;30-05-2025
YT7548169041969;true;false;30-05-2025
YT8766008182973;true;false;30-05-2025
YT8766019526630;true;false;30-05-2025
JT5381626412802;true;false;30-05-2025
YT8765931542489;true;false;30-05-2025
YT8765200174171;true;false;30-05-2025
YT8766064360670;true;false;30-05-2025
YT8765789177594;true;false;30-05-2025
YT7548360899446;true;false;30-05-2025
JT5381074616529;true;false;30-05-2025
JT5381752256404;true;false;30-05-2025
JT5381818144207;true;false;30-05-2025
JT5381771751613;true;false;30-05-2025
JT5381718267118;true;false;30-05-2025
JT5381827517304;true;false;30-05-2025
JT5381200762279;true;false;30-05-2025
JT5381670621919;true;false;30-05-2025
JT5381820774506;true;false;30-05-2025
JT5381179204629;true;false;30-05-2025
JT3121362771773;true;false;30-05-2025
JT5381812848058;true;false;30-05-2025
JT5381468258319;true;false;30-05-2025
JT5381807885462;true;false;30-05-2025
JT5381748732134;true;false;30-05-2025
JT5381763185627;true;false;30-05-2025
JT5381332420037;true;false;30-05-2025
JT5381767214733;true;false;30-05-2025
464435516581333;true;false;30-05-2025
JT5381664364506;true;false;30-05-2025
464435643365081;true;false;30-05-2025
JT5381687514729;true;false;30-05-2025
JT5381713368803;true;false;30-05-2025
464435677640826;true;false;30-05-2025
464433175310746;true;false;30-05-2025
78508680282970;true;false;30-05-2025
78508517770174;true;false;30-05-2025
464435939375456;true;false;30-05-2025
464435408560966;true;false;30-05-2025
78508867653181;true;false;30-05-2025
78508518913961;true;false;30-05-2025
78508679695633;true;false;30-05-2025
464431679209780;true;false;30-05-2025
464433422813985;true;false;30-05-2025
JT5381696966698;true;false;30-05-2025
78508554208712;true;false;30-05-2025
SF3186760870485;true;false;30-05-2025
78508951140688;true;false;30-05-2025
464429539721343;true;false;30-05-2025
78508586601525;true;false;30-05-2025
78508696562725;true;false;30-05-2025
78508490224376;true;false;30-05-2025
78508704270506;true;false;30-05-2025
9807391275877;true;false;30-05-2025
464432741118691;true;false;30-05-2025
78508506772242;true;false;30-05-2025
9807390452155;true;false;30-05-2025
SF1541578361923;true;false;30-05-2025
78508512400520;true;false;30-05-2025
78910304151398;true;false;30-05-2025
464433419647936;true;false;30-05-2025
464432818149961;true;false;30-05-2025
464437455364338;true;false;30-05-2025
464437162857677;true;false;30-05-2025
464433812601507;true;false;30-05-2025
78508508531817;true;false;30-05-2025
464435380309457;true;false;30-05-2025
464435158300043;true;false;30-05-2025
464433281199078;true;false;30-05-2025
464432925646899;true;false;30-05-2025
464435062175803;true;false;30-05-2025
464433001643454;true;false;30-05-2025
464433953232925;true;false;30-05-2025
78508908754256;true;false;30-05-2025
464434443187969;true;false;30-05-2025
464436197849538;true;false;30-05-2025
464433697854093;true;false;30-05-2025
464437129863972;true;false;30-05-2025
464436054572232;true;false;30-05-2025
464435259409493;true;false;30-05-2025
78508920085625;true;false;30-05-2025
464434670367656;true;false;30-05-2025
464436480327942;true;false;30-05-2025
78508693386854;true;false;30-05-2025
464436699563031;true;false;30-05-2025
464437684721294;true;false;30-05-2025
464436902221102;true;false;30-05-2025
464434505754455;true;false;30-05-2025
464436348721862;true;false;30-05-2025
464437306757072;true;false;30-05-2025
464435965810421;true;false;30-05-2025
464437417516163;true;false;30-05-2025
464437319004520;true;false;30-05-2025
78508508531766;true;false;30-05-2025
9807392689751;true;false;30-05-2025
9807413290825;true;false;30-05-2025
777310280006799;true;false;30-05-2025
777310528403234;true;false;30-05-2025
777310595899032;true;false;30-05-2025
777309586820259;true;false;30-05-2025
777310424136670;true;false;30-05-2025
777310661041643;true;false;30-05-2025
777310506522703;true;false;30-05-2025
9807390107694;true;false;30-05-2025
777310434374915;true;false;30-05-2025
777310703582170;true;false;30-05-2025
9807410744319;true;false;30-05-2025
777310531079688;true;false;30-05-2025
9807395852163;true;false;30-05-2025
9807389233089;true;false;30-05-2025
777310657955304;true;false;30-05-2025
9807398650703;true;false;30-05-2025
777310533157150;true;false;30-05-2025
777310656443051;true;false;30-05-2025
9807393908392;true;false;30-05-2025
777310428591574;true;false;30-05-2025
777310286071782;true;false;30-05-2025
9807396156974;true;false;30-05-2025
9807389097373;true;false;30-05-2025
777310277554646;true;false;30-05-2025
9807388720374;true;false;30-05-2025
777310125433185;true;false;30-05-2025
9807388274367;true;false;30-05-2025
777310241838925;true;false;30-05-2025
777310281249791;true;false;30-05-2025
8262164308613;true;false;30-05-2025
9807456934286;true;false;30-05-2025
777310277798452;true;false;30-05-2025
9807409028773;true;false;30-05-2025
9807396556254;true;false;30-05-2025
9807396815660;true;false;30-05-2025
9807412278924;true;false;30-05-2025
9807387911420;true;false;30-05-2025
9807432858164;true;false;30-05-2025
9807388350225;true;false;30-05-2025
9807383440065;true;false;30-05-2025
9807343529030;true;false;30-05-2025
9807394200389;true;false;30-05-2025
9807412204604;true;false;30-05-2025
9807396170659;true;false;30-05-2025
777310263971254;true;false;30-05-2025
9807383481994;true;false;30-05-2025
9807408734516;true;false;30-05-2025
9807390522388;true;false;30-05-2025
777310647819080;true;false;30-05-2025
777310527339636;true;false;30-05-2025
777310665300714;true;false;30-05-2025
JT5381679634666;true;false;30-05-2025
464437025877994;true;false;30-05-2025
464433571800485;true;false;30-05-2025
464435714341903;true;false;30-05-2025
464435953914877;true;false;30-05-2025
464436263506952;true;false;30-05-2025
464436142146291;true;false;30-05-2025
464437725944782;true;false;30-05-2025
464435528051689;true;false;30-05-2025
312763802698637;true;false;30-05-2025
464438161931379;true;false;30-05-2025
464438148077054;true;false;30-05-2025
464437436579917;true;false;30-05-2025
464432934901083;true;false;30-05-2025
78508897181005;true;false;30-05-2025
464436799359663;true;false;30-05-2025
464433007134958;true;false;30-05-2025
464436038617002;true;false;30-05-2025
464433608498572;true;false;30-05-2025
464433408067590;true;false;30-05-2025
78508499871928;true;false;30-05-2025
78508557856626;true;false;30-05-2025
78508703724249;true;false;30-05-2025
78910290655620;true;false;30-05-2025
464433747541723;true;false;30-05-2025
9807397737480;true;false;30-05-2025
9807388677857;true;false;30-05-2025
9807423618188;true;false;30-05-2025
464435174073230;true;false;30-05-2025
464434833947223;true;false;30-05-2025
9807387260936;true;false;30-05-2025
464432743927340;true;false;30-05-2025
464433467014343;true;false;30-05-2025
464435563088444;true;false;30-05-2025
464436855305598;true;false;30-05-2025
464435447506880;true;false;30-05-2025
464435554439743;true;false;30-05-2025
464432994480671;true;false;30-05-2025
464437634081294;true;false;30-05-2025
9807444480139;true;false;30-05-2025
YT8765942389723;true;false;30-05-2025
464431461081133;true;false;30-05-2025
9807422318659;true;false;30-05-2025
YT8766160599615;true;false;30-05-2025
464433615403156;true;false;30-05-2025
464435470618800;true;false;30-05-2025
464435339671289;true;false;30-05-2025
464435339671281000;true;false;30-05-2025
777310455536093;true;false;30-05-2025
777310450825510;true;false;30-05-2025
YT8765965118016;true;false;30-05-2025
464432835028504;true;false;30-05-2025
YT8766316828541;true;false;30-05-2025
464433026558296;true;false;30-05-2025
777310216353566;true;false;30-05-2025
777310098744925;true;false;30-05-2025
464435516430118;true;false;30-05-2025
YT7548439980936;true;false;30-05-2025
YT8766026163149;true;false;30-05-2025
9807452068169;true;false;30-05-2025
777310505713967;true;false;30-05-2025
YT8766040293798;true;false;30-05-2025
YT8765832238157;true;false;30-05-2025
YT8765994935891;true;false;30-05-2025
464427731074934;true;false;30-05-2025
YT8766180915974;true;false;30-05-2025
YT8765256604510;true;false;30-05-2025
YT8766092733251;true;false;30-05-2025
YT8765940412108;true;false;30-05-2025
YT8765096183639;true;false;30-05-2025
YT8765118968956;true;false;30-05-2025
78508655664926;true;false;30-05-2025
78508660934639;true;false;30-05-2025
YT8766195996438;true;false;30-05-2025
78910354861993;true;false;30-05-2025
78508829289599;true;false;30-05-2025
464433120387447;true;false;30-05-2025
464434281623457;true;false;30-05-2025
9807408532604;true;false;30-05-2025
78508818855618;true;false;30-05-2025
78508904277249;true;false;30-05-2025
78508946964991;true;false;30-05-2025
78508549311723;true;false;30-05-2025
78508495634263;true;false;30-05-2025
YT8766166946109;true;false;30-05-2025
YT8766106136526;true;false;30-05-2025
78508555233574;true;false;30-05-2025
78508762380888;true;false;30-05-2025
78508540096818;true;false;30-05-2025
78508678159291;true;false;30-05-2025
78508839260725;true;false;30-05-2025
78508950333303;true;false;30-05-2025
YT8766036306570;true;false;30-05-2025
78508511754284;true;false;30-05-2025
YT8765916963454;true;false;30-05-2025
8263761522013;true;false;30-05-2025
8263761524713;true;false;30-05-2025
YT8765897362545;true;false;30-05-2025
777310532558811;true;false;30-05-2025
9807382387928;true;false;30-05-2025
YT8766118865597;true;false;30-05-2025
YT8766072589524;true;false;30-05-2025
78508922087787;true;false;30-05-2025
YT8765805975021;true;false;30-05-2025
YT8765934064692;true;false;30-05-2025
777310281364375;true;false;30-05-2025
9807409896920;true;false;30-05-2025
YT8765963749577;true;false;30-05-2025
777310440662375;true;false;30-05-2025
777310500364253;true;false;30-05-2025
777310270310128;true;false;30-05-2025
777311146660627;true;false;30-05-2025
773357904663050;true;false;30-05-2025
YT8765962671943;true;false;30-05-2025
YT8766560584813;true;false;01-06-2025
JT5382016455689;true;false;01-06-2025
777310598150376;true;false;01-06-2025
YT8766314857958;true;false;01-06-2025
YT8766323978721;true;false;01-06-2025
S70848592548;true;false;01-06-2025
DPK317013051602;true;false;01-06-2025
DPK317013051626;true;false;01-06-2025
DPK364759568364;true;false;01-06-2025
DPK364759568365;true;false;01-06-2025
YT8766577367212;true;false;01-06-2025
777311292702237;true;false;01-06-2025
777311261753496;true;false;01-06-2025
777311087504330;true;false;01-06-2025
JT5381920042850;true;false;01-06-2025
777311327438770;true;false;01-06-2025
777310821663774;true;false;01-06-2025
JT5381403708050;true;false;01-06-2025
YT8766268340687;true;false;01-06-2025
JT5381426736486;true;false;01-06-2025
777310535477643;true;false;01-06-2025
YT8766403554447;true;false;01-06-2025
YT7548692891248;true;false;01-06-2025
YT8766281468258;true;false;01-06-2025
YT8766432053016;true;false;01-06-2025
JT5381402009812;true;false;01-06-2025
JT5381396315514;true;false;01-06-2025
777310583345316;true;false;01-06-2025
777311107947638;true;false;01-06-2025
YT8766206052946;true;false;01-06-2025
YT8766378651721;true;false;01-06-2025
777311197676870;true;false;01-06-2025
JT5381263779328;true;false;01-06-2025
YT8766145250977;true;false;01-06-2025
78508831923156;true;false;01-06-2025
YT8766387142650;true;false;01-06-2025
777311145137736;true;false;01-06-2025
JT5381420927336;true;false;01-06-2025
JT5381408125823;true;false;01-06-2025
JT5381429405600;true;false;01-06-2025
JT3121396775386;true;false;01-06-2025
777310099579473;true;false;01-06-2025
YT8766194342407;true;false;01-06-2025
JT5381758896233;true;false;01-06-2025
JT5381375106889;true;false;01-06-2025
JT5381742625771;true;false;01-06-2025
JT5381220257547;true;false;01-06-2025
JT5381460048668;true;false;01-06-2025
777311177216799;true;false;01-06-2025
777311107512979;true;false;01-06-2025
777310280246080;true;false;01-06-2025
777310253057558;true;false;01-06-2025
78508878241867;true;false;01-06-2025
777310611104228;true;false;01-06-2025
777311145175320;true;false;01-06-2025
777310411143237;true;false;01-06-2025
JT5381236651291;true;false;01-06-2025
YT7498663884941;true;false;01-06-2025
777310632481629;true;false;01-06-2025
78508709077064;true;false;01-06-2025
YT7548691883769;true;false;01-06-2025
YT8766393895531;true;false;01-06-2025
JT5381462397189;true;false;01-06-2025
JT5382092844913;true;false;01-06-2025
YT8766205829028;true;false;01-06-2025
YT8766285082449;true;false;01-06-2025
JT5381242117916;true;false;01-06-2025
JT5381316715149;true;false;01-06-2025
YT8766299688833;true;false;01-06-2025
JT5381447236407;true;false;01-06-2025
JT5381401592856;true;false;01-06-2025
YT8766408508522;true;false;01-06-2025
JT5382092821449;true;false;01-06-2025
YT8766743279200;true;false;01-06-2025
YT8766346546826;true;false;01-06-2025
JT5381381569863;true;false;01-06-2025
YT8766231247696;true;false;01-06-2025
JT5381375346838;true;false;01-06-2025
YT8766329426693;true;false;01-06-2025
464436095164262;true;false;01-06-2025
JT5381462847612;true;false;01-06-2025
JT5381300105791;true;false;01-06-2025
JT5381481544234;true;false;01-06-2025
JT5381852706743;true;false;01-06-2025
JT5381485120216;true;false;01-06-2025
777311065653535;true;false;01-06-2025
YT8765127874020;true;false;01-06-2025
JT5381468062408;true;false;01-06-2025
JT5381289237206;true;false;01-06-2025
JT5381292277975;true;false;01-06-2025
777310704591015;true;false;01-06-2025
464436512484655;true;false;01-06-2025
YT8766285839955;true;false;01-06-2025
YT8766015874500;true;false;01-06-2025
JT5381266296140;true;false;01-06-2025
777311120801443;true;false;01-06-2025
777310630953121;true;false;01-06-2025
JT5381440825910;true;false;01-06-2025
JT5381326685366;true;false;01-06-2025
777310568373918;true;false;01-06-2025
464436279869492;true;false;01-06-2025
464438518641494;true;false;01-06-2025
JT5381415007318;true;false;01-06-2025
JT5381295535232;true;false;01-06-2025
777311194033698;true;false;01-06-2025
777310849588046;true;false;01-06-2025
777311178725088;true;false;01-06-2025
777310562878554;true;false;01-06-2025
777311187781943;true;false;01-06-2025
777310672481541;true;false;01-06-2025
464436841263625;true;false;01-06-2025
777310606755832;true;false;01-06-2025
464436226626837;true;false;01-06-2025
78508906303222;true;false;01-06-2025
777310630989675;true;false;01-06-2025
464436569582682;true;false;01-06-2025
464438287832011;true;false;01-06-2025
777310619342503;true;false;01-06-2025
777310677720836;true;false;01-06-2025
78508770719752;true;false;01-06-2025
78509359435386;true;false;01-06-2025
777310622477582;true;false;01-06-2025
464439736712650;true;false;01-06-2025
464436711036089;true;false;01-06-2025
464434375935053;true;false;01-06-2025
464437091421235;true;false;01-06-2025
78508862306310;true;false;01-06-2025
464436278881213;true;false;01-06-2025
464439867975268;true;false;01-06-2025
78508786025860;true;false;01-06-2025
464436482085983;true;false;01-06-2025
777310573071457;true;false;01-06-2025
464433726457803;true;false;01-06-2025
464439071613460;true;false;01-06-2025
777311304269579;true;false;01-06-2025
464438184047861;true;false;01-06-2025
464439489593105;true;false;01-06-2025
464439960828643;true;false;01-06-2025
78508759148394;true;false;01-06-2025
78508841378740;true;false;01-06-2025
78508841378740;true;false;01-06-2025
464436076245148;true;false;01-06-2025
464439503990957;true;false;01-06-2025
464436078030647;true;false;01-06-2025
464437585025752;true;false;01-06-2025
78508802686378;true;false;01-06-2025
464439981488525;true;false;01-06-2025
464438611683036;true;false;01-06-2025
464439693841776;true;false;01-06-2025
464436078916216;true;false;01-06-2025
464438727519620;true;false;01-06-2025
464436065530040;true;false;01-06-2025
464436771196757;true;false;01-06-2025
464438736679039;true;false;01-06-2025
464438032142124;true;false;01-06-2025
464439476678278;true;false;01-06-2025
464440039065891;true;false;01-06-2025
464440008818934;true;false;01-06-2025
464433745796674;true;false;01-06-2025
464439636372019;true;false;01-06-2025
78509050306879;true;false;01-06-2025
JT5381854635384;true;false;01-06-2025
777311053380690;true;false;01-06-2025
777310853177688;true;false;01-06-2025
777311236597122;true;false;01-06-2025
JT5382140498151;true;false;01-06-2025
464439492174415;true;false;01-06-2025
464438569678640;true;false;01-06-2025
777311177829506;true;false;01-06-2025
777310679452494;true;false;01-06-2025
464437210976766;true;false;01-06-2025
JT5382106700940;true;false;01-06-2025
464437647393107;true;false;01-06-2025
78509096145311;true;false;01-06-2025
78508813150863;true;false;01-06-2025
78508768159507;true;false;01-06-2025
464434390878181;true;false;01-06-2025
YT8766984329803;true;false;01-06-2025
78509167304134;true;false;01-06-2025
78508939304803;true;false;01-06-2025
JT5381996832755;true;false;01-06-2025
777311218919735;true;false;01-06-2025
78508879885457;true;false;01-06-2025
464436107334443;true;false;01-06-2025
78911351047780;true;false;01-06-2025
JT5382373323987;true;false;01-06-2025
777304965410090;true;false;01-06-2025
78508692834288;true;false;01-06-2025
JT5382008135002;true;false;01-06-2025
YT8766601273513;true;false;01-06-2025
JT5382356881248;true;false;01-06-2025
JT5381904703395;true;false;01-06-2025
JT5382363779542;true;false;01-06-2025
JT5382263454946;true;false;01-06-2025
78509008889356;true;false;01-06-2025
JT5382487518120;true;false;01-06-2025
9807466398591;true;false;01-06-2025
9807470153173;true;false;01-06-2025
9807481332715;true;false;01-06-2025
9807472069884;true;false;01-06-2025
9807453624552;true;false;01-06-2025
9807474854772;true;false;01-06-2025
9807458162750;true;false;01-06-2025
9807485388433;true;false;01-06-2025
777311023032714;true;false;01-06-2025
JT5381935516090;true;false;01-06-2025
JT5381999352350;true;false;01-06-2025
464438745156320;true;false;01-06-2025
464437833289803;true;false;01-06-2025
78508982984988;true;false;01-06-2025
777311333479132;true;false;01-06-2025
777310727786988;true;false;01-06-2025
777311009145170;true;false;01-06-2025
777310773343364;true;false;01-06-2025
777311090257633;true;false;01-06-2025
773358469568265;true;false;01-06-2025
777311256279805;true;false;01-06-2025
JT5382149609526;true;false;01-06-2025
JT5381906483555;true;false;01-06-2025
78509028053196;true;false;01-06-2025
JT5382172443793;true;false;01-06-2025
464439869883264;true;false;01-06-2025
JT5382070886319;true;false;01-06-2025
JT5382038361216;true;false;01-06-2025
JT5382139633056;true;false;01-06-2025
JT5382166284844;true;false;01-06-2025
777311077736194;true;false;01-06-2025
777311353769386;true;false;01-06-2025
464440694203000;true;false;01-06-2025
777311031083103;true;false;01-06-2025
777310860955193;true;false;01-06-2025
JT5382506734086;true;false;01-06-2025
777311089472331;true;false;01-06-2025
JT5381958801230;true;false;01-06-2025
777311242000520;true;false;01-06-2025
78509291407903;true;false;01-06-2025
464440951773999;true;false;01-06-2025
78509124164351;true;false;01-06-2025
JT5381872969215;true;false;01-06-2025
9807484652518;true;false;01-06-2025
JT5382113736721;true;false;01-06-2025
464436276784075;true;false;01-06-2025
78509378958704;true;false;01-06-2025
78509234875464;true;false;01-06-2025
777311010619508;true;false;01-06-2025
JT5382508973770;true;false;01-06-2025
JT5382053472078;true;false;01-06-2025
JT5381862687569;true;false;01-06-2025
777311000530646;true;false;01-06-2025
78508645762278;true;false;01-06-2025
777311019336454;true;false;01-06-2025
777311254123720;true;false;01-06-2025
78509089772476;true;false;01-06-2025
773358223897459;true;false;01-06-2025
777311298097683;true;false;01-06-2025
777311252688934;true;false;01-06-2025
464441628153711;true;false;01-06-2025
78509281827979;true;false;01-06-2025
78911285389555;true;false;01-06-2025
464428683348399;true;false;01-06-2025
464438009650623;true;false;01-06-2025
JT5381915872432;true;false;01-06-2025
JT5381897175452;true;false;01-06-2025
777311047161444;true;false;01-06-2025
JT5382420242147;true;false;01-06-2025
777311352852833;true;false;01-06-2025
JT5381859399565;true;false;01-06-2025
JT5381994326877;true;false;01-06-2025
78509392688489;true;false;01-06-2025
JT5382047002840;true;false;01-06-2025
JT5382441826280;true;false;01-06-2025
78509196775876;true;false;01-06-2025
JT5382444551611;true;false;01-06-2025
JT5381896193460;true;false;01-06-2025
JT5382163884412;true;false;01-06-2025
JT5382164960386;true;false;01-06-2025
78509235722522;true;false;01-06-2025
JT5378008748570;true;false;01-06-2025
777310769765604;true;false;01-06-2025
JT5382436875354;true;false;01-06-2025
JT5381949534851;true;false;01-06-2025
JT5382016841634;true;false;01-06-2025
JT5382039765548;true;false;01-06-2025
JT5382055149768;true;false;01-06-2025
JT5381913345199;true;false;01-06-2025
464440677367385;true;false;01-06-2025
JT5381858625891;true;false;01-06-2025
464441859435213;true;false;01-06-2025
78508932843866;true;false;01-06-2025
78509270021819;true;false;01-06-2025
78508982244818;true;false;01-06-2025
YT8767026689954;true;false;01-06-2025
JT5382013067224;true;false;01-06-2025
YT8766478852471;true;false;01-06-2025
JT5381983813929;true;false;01-06-2025
YT8766720349331;true;false;01-06-2025
YT8766978813862;true;false;01-06-2025
YT8767071450738;true;false;01-06-2025
YT8767069688309;true;false;01-06-2025
YT8766593427466;true;false;01-06-2025
YT8767083247753;true;false;01-06-2025
YT8767066403738;true;false;01-06-2025
YT8767059039106;true;false;01-06-2025
YT8766996871853;true;false;01-06-2025
YT8766475944506;true;false;01-06-2025
YT8766956114518;true;false;01-06-2025
YT8767087935919;true;false;01-06-2025
YT7548999577876;true;false;01-06-2025
YT8766694309773;true;false;01-06-2025
YT8766956603520;true;false;01-06-2025
YT8767028178360;true;false;01-06-2025
DPK317013051626;true;false;01-06-2025
777311133791189;true;false;01-06-2025
78508725219496;true;false;01-06-2025
464438601225118;true;false;01-06-2025
JT5381330774199;true;false;01-06-2025
JT5381495261227;true;false;01-06-2025
78910750231686;true;false;01-06-2025
78508787832629;true;false;01-06-2025
78508867470392;true;false;01-06-2025
73556180370762;true;false;01-06-2025
78509050453081;true;false;01-06-2025
464440047710461;true;false;01-06-2025
464439450939395;true;false;01-06-2025
JT5381999721317;true;false;01-06-2025
JT5381220966193;true;false;01-06-2025
777311232456605;true;false;01-06-2025
JT5381383285141;true;false;01-06-2025
JT5381321767738;true;false;01-06-2025
777310696512381;true;false;01-06-2025
JT5381322063404;true;false;01-06-2025
777311230121756;true;false;01-06-2025
9807454058878;true;false;01-06-2025
YT8766724881284;true;false;01-06-2025
78509122772758;true;false;01-06-2025
JT5381915462090;true;false;01-06-2025
JT5381890378578;true;false;01-06-2025
777311241763491;true;false;01-06-2025
YT8766527483089;true;false;01-06-2025
9807399104115;true;false;01-06-2025
464437767902166;true;false;01-06-2025
78508747808610;true;false;01-06-2025
YT8766545322269;true;false;01-06-2025
777310692157485;true;false;01-06-2025
9807456708180;true;false;01-06-2025
YT8766611483074;true;false;01-06-2025
9807479063554;true;false;01-06-2025
78509114247307;true;false;01-06-2025
9807384680842;true;false;01-06-2025
9807454130882;true;false;01-06-2025
9807415326111;true;false;01-06-2025
YT8766521171478;true;false;01-06-2025
YT8766570519485;true;false;01-06-2025
777311342855855;true;false;01-06-2025
78509075986309;true;false;01-06-2025
464439632172714;true;false;01-06-2025
464439994969115;true;false;01-06-2025
78508877832135;true;false;01-06-2025
464438600871310;true;false;01-06-2025
YT8766290681899;true;false;01-06-2025
YT8766729723983;true;false;01-06-2025
9807387999186;true;false;01-06-2025
78508842224947;true;false;01-06-2025
78508920497961;true;false;01-06-2025
78509155916780;true;false;01-06-2025
78508814230106;true;false;01-06-2025
78508768317125;true;false;01-06-2025
9807402666540;true;false;01-06-2025
9807394032533;true;false;01-06-2025
YT7548835555341;true;false;01-06-2025
777311292893699;true;false;01-06-2025
JT5382001047627;true;false;01-06-2025
777311380027875;true;false;01-06-2025
464434502886640;true;false;01-06-2025
78910733671459;true;false;01-06-2025
9807453627623;true;false;01-06-2025
777310699110009;true;false;01-06-2025
YT8766649385043;true;false;01-06-2025
YT8766585746252;true;false;01-06-2025
YT8766707465937;true;false;01-06-2025
YT8765862690785;true;false;01-06-2025
YT7548757785514;true;false;01-06-2025
YT8766525118679;true;false;01-06-2025
YT8767020954395;true;false;01-06-2025
YT8766628887643;true;false;01-06-2025
YT7548676350277;true;false;01-06-2025
YT8766653945372;true;false;01-06-2025
464440017210998;true;false;01-06-2025
78509120002041;true;false;01-06-2025
9807402835405;true;false;01-06-2025
464439236044588;true;false;01-06-2025
777311260368458;true;false;01-06-2025
777311311148814;true;false;01-06-2025
777311161907291;true;false;01-06-2025
78509161711372;true;false;01-06-2025
YT8766722654338;true;false;01-06-2025
YT8766235946036;true;false;01-06-2025
464439846339358;true;false;01-06-2025
YT8766240023902;true;false;01-06-2025
YT8766664286365;true;false;01-06-2025
YT8766631866972;true;false;01-06-2025
YT8766534129075;true;false;01-06-2025
YT8766708514483;true;false;01-06-2025
YT8766993829084;true;false;01-06-2025
YT8766654515550;true;false;01-06-2025
YT8766491798660;true;false;01-06-2025
YT8766693805618;true;false;01-06-2025
YT8766558961264;true;false;01-06-2025
YT8766601273513;true;false;01-06-2025
YT8766526022009;true;false;01-06-2025
YT8766497293176;true;false;01-06-2025
YT8766758487034;true;false;01-06-2025
YT8766680246046;true;false;01-06-2025
YT8766670160352;true;false;01-06-2025
YT8766344254622;true;false;01-06-2025
YT8766589354482;true;false;01-06-2025
YT8765610936578;true;false;01-06-2025
YT8767020956029;true;false;01-06-2025
YT8767034504861;true;false;01-06-2025
YT8766661007547;true;false;01-06-2025
YT8766639726724;true;false;01-06-2025
YT8766627421561;true;false;01-06-2025
YT8766425588750;true;false;01-06-2025
78509017478050;true;false;01-06-2025
YT8766506195309;true;false;01-06-2025
78508935582039;true;false;01-06-2025
YT8766718542528;true;false;01-06-2025
464436187044774;true;false;01-06-2025
78507560580331;true;false;01-06-2025
464439959175828;true;false;01-06-2025
JT5381381368997;true;false;01-06-2025
78509173187147;true;false;01-06-2025
78508841823862;true;false;01-06-2025
YT8766545189615;true;false;01-06-2025
9807409877856;true;false;01-06-2025
78509170303935;true;false;01-06-2025
777311147180031;true;false;01-06-2025
78508913378832;true;false;01-06-2025
777311103833077;true;false;01-06-2025
YT8766676439258;true;false;01-06-2025
YT8766385557643;true;false;01-06-2025
9807462182908;true;false;01-06-2025
YT8766322277539;true;false;01-06-2025
78508674403475;true;false;01-06-2025
464439277492172;true;false;01-06-2025
YT8766586619948;true;false;01-06-2025
78509147711797;true;false;01-06-2025
777310589807454;true;false;01-06-2025
YT8766353869765;true;false;01-06-2025
777311289046677;true;false;01-06-2025
9807405602174;true;false;01-06-2025
9807449822297;true;false;01-06-2025
YT8766667004067;true;false;01-06-2025
JT5381431272313;true;false;01-06-2025
YT8766739535512;true;false;01-06-2025
YT8766325905145;true;false;01-06-2025
9807456708456;true;false;01-06-2025
DPK364759038107;true;false;01-06-2025
JT5381868416560;true;false;01-06-2025
YT8766631260561;true;false;01-06-2025
9807456740897;true;false;01-06-2025
YT8766349988661;true;false;01-06-2025
464440240646840;true;false;01-06-2025
YT8766419606163;true;false;01-06-2025
464436298899399;true;false;01-06-2025
YT8766521430720;true;false;01-06-2025
YT8766568488397;true;false;01-06-2025
YT8766634855032;true;false;01-06-2025
78509072351782;true;false;01-06-2025
9807415323090;true;false;01-06-2025
434601961359056;true;false;01-06-2025
9807404870047;true;false;01-06-2025
78508984136771;true;false;01-06-2025
464442402482381;true;false;01-06-2025
YT8766631968849;true;false;01-06-2025
434601819017420;true;false;01-06-2025
464434556460396;true;false;01-06-2025
78509098035591;true;false;01-06-2025
YT8766064518860;true;false;01-06-2025
78509120322739;true;false;01-06-2025
JT5382093112058;true;false;01-06-2025
78508944587564;true;false;01-06-2025
YT8766123809557;true;false;01-06-2025
78509191319736;true;false;01-06-2025
9807461959725;true;false;01-06-2025
78509003237602;true;false;01-06-2025
78509058980756;true;false;01-06-2025
YT8766494196405;true;false;01-06-2025
YT8766302751259;true;false;01-06-2025
YT8766536373728;true;false;01-06-2025
YT8765974709739;true;false;01-06-2025
YT8766308067585;true;false;01-06-2025
YT8766603172988;true;false;01-06-2025
YT8766372753373;true;false;01-06-2025
YT8766177551413;true;false;01-06-2025
777311378626835;true;false;01-06-2025
777311340357586;true;false;01-06-2025
777311352326193;true;false;01-06-2025
9879089850336;true;false;01-06-2025
YT8766638777396;true;false;01-06-2025
78509059526695;true;false;01-06-2025
78509045603327;true;false;01-06-2025
777310766575626;true;false;01-06-2025
777311349611485;true;false;01-06-2025
777311324203227;true;false;01-06-2025
777311219881239;true;false;01-06-2025
777311090409339;true;false;01-06-2025
777311052311825;true;false;01-06-2025
777311062151521;true;false;01-06-2025
777311332376388;true;false;01-06-2025
777311042896253;true;false;01-06-2025
777311359296270;true;false;01-06-2025
777311011873721;true;false;01-06-2025
777311367415477;true;false;01-06-2025
777310865526246;true;false;01-06-2025
777311271881348;true;false;01-06-2025
777310870008105;true;false;01-06-2025
YT8766354789297;true;false;01-06-2025
YT8766772370879;true;false;01-06-2025
777311331599449;true;false;01-06-2025
777311259645298;true;false;01-06-2025
773358266052009;true;false;01-06-2025
JT5381322060869;true;false;01-06-2025
777311350826796;true;false;01-06-2025
YT8766645706176;true;false;01-06-2025
777310751849252;true;false;01-06-2025
777311359267688;true;false;01-06-2025
777310547970113;true;false;01-06-2025
464440398695422;true;false;01-06-2025
464436460320197;true;false;01-06-2025
464438399161169;true;false;01-06-2025
YT8766323990323;true;false;01-06-2025
777311323739010;true;false;01-06-2025
777311289525608;true;false;01-06-2025
YT8766366929920;true;false;01-06-2025
YT8766605219904;true;false;01-06-2025
YT8765890332448;true;false;01-06-2025
YT8766415729183;true;false;01-06-2025
777311359214876;true;false;01-06-2025
YT8766428864880;true;false;01-06-2025
78508817448302;true;false;01-06-2025
78509167124998;true;false;01-06-2025
78508964404860;true;false;01-06-2025
78910901080321;true;false;01-06-2025
78910918853416;true;false;01-06-2025
9807406977397;true;false;01-06-2025
464438643477721;true;false;01-06-2025
777310796081953;true;false;01-06-2025
YT8766750389808;true;false;01-06-2025
YT8766768884144;true;false;01-06-2025
464439930933318;true;false;01-06-2025
SF3174911947536;true;false;01-06-2025
464439931055394;true;false;01-06-2025
YT8766662243513;true;false;01-06-2025
SF3178728449632;true;false;01-06-2025
SF3188186504105;true;false;01-06-2025
464439011606650;true;false;01-06-2025
464439011606650;true;false;01-06-2025
YT8766336251910;true;false;01-06-2025
SF3172599398534;true;false;01-06-2025
464439933021123;true;false;01-06-2025
464438233554821;true;false;01-06-2025
YT8766148681334;true;false;01-06-2025
YT8765959270593;true;false;01-06-2025
78509045258059;true;false;01-06-2025
464438043220882;true;false;01-06-2025
9807463232416;true;false;01-06-2025
78910932241686;true;false;01-06-2025
78509079320861;true;false;01-06-2025
JT5382103402790;true;false;01-06-2025
9807406061984;true;false;01-06-2025
JT5381395355720;true;false;01-06-2025
78508968924239;true;false;01-06-2025
777310637802566;true;false;01-06-2025
78508992593676;true;false;01-06-2025
9807414341476;true;false;01-06-2025
78508760936841;true;false;01-06-2025
9807451035542;true;false;01-06-2025
9807421082856;true;false;01-06-2025
9807404179247;true;false;01-06-2025
JT3121518979315;true;false;01-06-2025
78911127334636;true;false;01-06-2025
9807400459279;true;false;01-06-2025
9807482468460;true;false;01-06-2025
9807449414554;true;false;01-06-2025
9807456552632;true;false;01-06-2025
YT8766490063943;true;false;01-06-2025
9807479175007;true;false;01-06-2025
YT8766571774047;true;false;01-06-2025
YT8766539654307;true;false;01-06-2025
YT8766539673111;true;false;01-06-2025
YT8766576354860;true;false;01-06-2025
9807464736871;true;false;01-06-2025
9807468084976;true;false;01-06-2025
9807459676530;true;false;01-06-2025
9807452579532;true;false;01-06-2025
9807462610956;true;false;01-06-2025
9807480396548;true;false;01-06-2025
9807406908420;true;false;01-06-2025
9807452703848;true;false;01-06-2025
9807449359730;true;false;01-06-2025
9807467071932;true;false;01-06-2025
9807457287872;true;false;01-06-2025
YT8766571586734;true;false;01-06-2025
9807405717797;true;false;01-06-2025
777310626455580;true;false;01-06-2025
9807403682837;true;false;01-06-2025
78508990617186;true;false;01-06-2025
78508969955484;true;false;01-06-2025
78509176193505;true;false;01-06-2025
777310833866970;true;false;01-06-2025
777311307843076;true;false;01-06-2025
464441130820647;true;false;01-06-2025
464438731781218;true;false;01-06-2025
464440062255254;true;false;01-06-2025
78910901080334;true;false;01-06-2025
777311056155079;true;false;01-06-2025
464438912029802;true;false;01-06-2025
464438244164816;true;false;01-06-2025
464439601125718;true;false;01-06-2025
777311055566816;true;false;01-06-2025
464437765435414;true;false;01-06-2025
9807455564631;true;false;01-06-2025
YT8766703789910;true;false;01-06-2025
YT8766166677704;true;false;01-06-2025
YT8766364587070;true;false;01-06-2025
YT8766496682472;true;false;01-06-2025
464439597568933;true;false;01-06-2025
YT8766667431416;true;false;01-06-2025
9807468779974;true;false;01-06-2025
YT8766280127628;true;false;01-06-2025
YT8766553102608;true;false;01-06-2025
9807463371877;true;false;01-06-2025
777311220419603;true;false;01-06-2025
DPK317013051626;true;false;01-06-2025
9807481564638;true;false;01-06-2025
78509006670918;true;false;01-06-2025
9807463111409;true;false;01-06-2025
9807465101796;true;false;01-06-2025
777311359987913;true;false;01-06-2025
9807480436128;true;false;01-06-2025
78508966414676;true;false;01-06-2025
78508959682437;true;false;01-06-2025
78509129750166;true;false;01-06-2025
78910945583286;true;false;01-06-2025
78509075850995;true;false;01-06-2025
YT8766493552518;true;false;01-06-2025
9807472605481;true;false;01-06-2025
9807470562339;true;false;01-06-2025
9807463372403;true;false;01-06-2025
DPK317012681069;true;false;01-06-2025
9807466068365;true;false;01-06-2025
9807460962092;true;false;01-06-2025
9807452549300;true;false;01-06-2025
78508983567855;true;false;01-06-2025
78508901322058;true;false;01-06-2025
9807459333383;true;false;01-06-2025
9807459239885;true;false;01-06-2025
YT8767576966790;true;false;02-06-2025
464443581047575;true;false;02-06-2025
JT5382399256637;true;false;02-06-2025
9807472775668;true;false;02-06-2025
9807484124009;true;false;02-06-2025
9807481649735;true;false;02-06-2025
9807475032964;true;false;02-06-2025
9807477656013;true;false;02-06-2025
9807488315639;true;false;02-06-2025
9807485519876;true;false;02-06-2025
78508860460760;true;false;02-06-2025
78509392350200;true;false;02-06-2025
9807466512381;true;false;02-06-2025
9807459938953;true;false;02-06-2025
9807482008079;true;false;02-06-2025
78509254541822;true;false;02-06-2025
78509247786806;true;false;02-06-2025
9807494198438;true;false;02-06-2025
9807496101144;true;false;02-06-2025
78509324992125;true;false;02-06-2025
9807478590485;true;false;02-06-2025
9807478360642;true;false;02-06-2025
9807475372899;true;false;02-06-2025
464443177366106;true;false;02-06-2025
9807475227604;true;false;02-06-2025
9807490520098;true;false;02-06-2025
78509211621036;true;false;02-06-2025
464440421812181;true;false;02-06-2025
777311013167385;true;false;02-06-2025
78509196249456;true;false;02-06-2025
9807490815182;true;false;02-06-2025
464440547566283;true;false;02-06-2025
9807490941684;true;false;02-06-2025
464441205794521;true;false;02-06-2025
464436860776643;true;false;02-06-2025
9807484131281;true;false;02-06-2025
777311047426446;true;false;02-06-2025
464437040639739;true;false;02-06-2025
464440976375576;true;false;02-06-2025
464441052484953;true;false;02-06-2025
464441349960509;true;false;02-06-2025
464442977404033;true;false;02-06-2025
464439644230673;true;false;02-06-2025
9807483715087;true;false;02-06-2025
78509274391372;true;false;02-06-2025
777310833113280;true;false;02-06-2025
777310779687913;true;false;02-06-2025
777310747815289;true;false;02-06-2025
78911212556388;true;false;02-06-2025
78509195318021;true;false;02-06-2025
78509108675056;true;false;02-06-2025
YT8767086506152;true;false;02-06-2025
YT8766320861305;true;false;02-06-2025
78509365713138;true;false;02-06-2025
464442048149406;true;false;02-06-2025
434604831362640;true;false;02-06-2025
777310735032002;true;false;02-06-2025
464442149543153;true;false;02-06-2025
464443360461225;true;false;02-06-2025
777311808919020;true;false;02-06-2025
777310792112629;true;false;02-06-2025
9807483108816;true;false;02-06-2025
464441659613782;true;false;02-06-2025
464440694225399;true;false;02-06-2025
464443368390042;true;false;02-06-2025
464440340555806;true;false;02-06-2025
464441850421766;true;false;02-06-2025
464440310734498;true;false;02-06-2025
777310932625954;true;false;02-06-2025
777311940293926;true;false;02-06-2025
777310756624051;true;false;02-06-2025
464440567388813;true;false;02-06-2025
777311043723205;true;false;02-06-2025
464440817101783;true;false;02-06-2025
777311229239277;true;false;02-06-2025
777310776530325;true;false;02-06-2025
777311345306392;true;false;02-06-2025
777310786971705;true;false;02-06-2025
773358592056667;true;false;02-06-2025
777310718634591;true;false;02-06-2025
777311962390306;true;false;02-06-2025
777311022500162;true;false;02-06-2025
777310786395982;true;false;02-06-2025
464440838824601;true;false;02-06-2025
464442916466490;true;false;02-06-2025
777310817611217;true;false;02-06-2025
464442669910201;true;false;02-06-2025
777310815104384;true;false;02-06-2025
777311929582274;true;false;02-06-2025
DPK317012488001;true;false;02-06-2025
YT8767030383743;true;false;02-06-2025
YT8767100143644;true;false;02-06-2025
YT8767043789145;true;false;02-06-2025
YT7549019562203;true;false;02-06-2025
YT8766832461792;true;false;02-06-2025
YT8767055613283;true;false;02-06-2025
YT8767073514319;true;false;02-06-2025
YT8767062884221;true;false;02-06-2025
YT7549197868427;true;false;02-06-2025
YT8767104212014;true;false;02-06-2025
YT8767096619217;true;false;02-06-2025
YT8767050607755;true;false;02-06-2025
YT8766445916762;true;false;02-06-2025
JT5381985157292;true;false;02-06-2025
YT8766475533610;true;false;02-06-2025
YT8766622886071;true;false;02-06-2025
YT8766495472809;true;false;02-06-2025
YT8767611731934;true;false;02-06-2025
YT8766834948020;true;false;02-06-2025
YT8767000572755;true;false;02-06-2025
YT8767601963310;true;false;02-06-2025
YT8767005749046;true;false;02-06-2025
YT8767002006711;true;false;02-06-2025
YT8767042283927;true;false;02-06-2025
YT8766476314087;true;false;02-06-2025
YT7549091729279;true;false;02-06-2025
78509279460119;true;false;02-06-2025
78509484378762;true;false;02-06-2025
777310714758311;true;false;02-06-2025
78509593075141;true;false;02-06-2025
777312011406988;true;false;02-06-2025
464444196153061;true;false;02-06-2025
464441075146694;true;false;02-06-2025
464443682320402;true;false;02-06-2025
464442017603237;true;false;02-06-2025
464442321460636;true;false;02-06-2025
434605835318809;true;false;02-06-2025
464442986694018;true;false;02-06-2025
777310742589838;true;false;02-06-2025
78509479486323;true;false;02-06-2025
78509395731511;true;false;02-06-2025
78509445022426;true;false;02-06-2025
78509540858332;true;false;02-06-2025
78509434815686;true;false;02-06-2025
78509307922636;true;false;02-06-2025
78509329230866;true;false;02-06-2025
78509334351683;true;false;02-06-2025
78509419224246;true;false;02-06-2025
78509562485212;true;false;02-06-2025
78509278537237;true;false;02-06-2025
78509278713139;true;false;02-06-2025
464443785967758;true;false;02-06-2025
773358571435603;true;false;02-06-2025
777310980790192;true;false;02-06-2025
777310967666477;true;false;02-06-2025
78509374412757;true;false;02-06-2025
78509319726039;true;false;02-06-2025
78509596163175;true;false;02-06-2025
78509472894296;true;false;02-06-2025
78509279917927;true;false;02-06-2025
78509466874904;true;false;02-06-2025
8259470112213;true;false;02-06-2025
777311266685923;true;false;02-06-2025
JT5382263723670;true;false;02-06-2025
JT5381958078157;true;false;02-06-2025
464440731186325;true;false;02-06-2025
JT5382432686659;true;false;02-06-2025
JT5382291355662;true;false;02-06-2025
JT5382407455014;true;false;02-06-2025
JT5382387585028;true;false;02-06-2025
JT5381933268174;true;false;02-06-2025
JT5382918824294;true;false;02-06-2025
JT5382510251719;true;false;02-06-2025
JT5381988218607;true;false;02-06-2025
JT5382204942176;true;false;02-06-2025
JT5382401738391;true;false;02-06-2025
JT5382488609628;true;false;02-06-2025
JT5382476835243;true;false;02-06-2025
JT5382391360897;true;false;02-06-2025
JT5381897634953;true;false;02-06-2025
JT5382310458710;true;false;02-06-2025
JT5382435055666;true;false;02-06-2025
JT5381936381089;true;false;02-06-2025
78509225644335;true;false;02-06-2025
JT5382466845193;true;false;02-06-2025
9807482719112;true;false;02-06-2025
JT5382424377671;true;false;02-06-2025
JT5383018359562;true;false;02-06-2025
78509411468146;true;false;02-06-2025
JT3121798569139;true;false;02-06-2025
78509524987642;true;false;02-06-2025
JT5382931416028;true;false;02-06-2025
9807475234816;true;false;02-06-2025
9807488076630;true;false;02-06-2025
9807501711367;true;false;02-06-2025
777311834025392;true;false;02-06-2025
777311946648832;true;false;02-06-2025
777311944513334;true;false;02-06-2025
JT5382305827617;true;false;02-06-2025
777305717816695;true;false;02-06-2025
777311835186006;true;false;02-06-2025
777311958892481;true;false;02-06-2025
78509644700576;true;false;02-06-2025
78509567355198;true;false;02-06-2025
9807483982956;true;false;02-06-2025
777310718255640;true;false;02-06-2025
9807508655883;true;false;02-06-2025
9807501457355;true;false;02-06-2025
773358641394975;true;false;02-06-2025
777311963766973;true;false;02-06-2025
78509221842229;true;false;02-06-2025
78509644911285;true;false;02-06-2025
JT5383003042745;true;false;02-06-2025
9807507388205;true;false;02-06-2025
777311825846336;true;false;02-06-2025
777311944191235;true;false;02-06-2025
464442452220546;true;false;02-06-2025
777311812838586;true;false;02-06-2025
JT5382289382839;true;false;02-06-2025
JT5382331867045;true;false;02-06-2025
JT5382909130229;true;false;02-06-2025
JT5382921597633;true;false;02-06-2025
JT5382917803516;true;false;02-06-2025
JT5381971762629;true;false;02-06-2025
JT5381971762629;true;false;02-06-2025
JT5382950730881;true;false;02-06-2025
JT5382964139121;true;false;02-06-2025
JT5381947480366;true;false;02-06-2025
777310903706748;true;false;02-06-2025
777311934658675;true;false;02-06-2025
464439586054066;true;false;02-06-2025
464443523452452;true;false;02-06-2025
777311999359942;true;false;02-06-2025
777311985780690;true;false;02-06-2025
777310924571870;true;false;02-06-2025
JT5382415305562;true;false;02-06-2025
JT5382258799390;true;false;02-06-2025
464443029336866;true;false;02-06-2025
JT5382313280771;true;false;03-06-2025
YT8766483324222;true;false;03-06-2025
9807486453864;true;false;03-06-2025
JT5383104230985;true;false;03-06-2025
464447105449105;true;false;03-06-2025
464444909187886;true;false;03-06-2025
78509645702876;true;false;03-06-2025
YT8766446297475;true;false;03-06-2025
78509660812383;true;false;03-06-2025
78509703991583;true;false;03-06-2025
78509759564510;true;false;03-06-2025
78509772436926;true;false;03-06-2025
78509909014432;true;false;03-06-2025
464445463899597;true;false;03-06-2025
78509921639666;true;false;03-06-2025
78509817630522;true;false;03-06-2025
78509628299358;true;false;03-06-2025
78911863959818;true;false;03-06-2025
78509926246931;true;false;03-06-2025
78509625805034;true;false;03-06-2025
78911895274448;true;false;03-06-2025
78509776386969;true;false;03-06-2025
YT8767637400814;true;false;03-06-2025
78509922170138;true;false;03-06-2025
78509824172036;true;false;03-06-2025
JT5383035928731;true;false;03-06-2025
464445565970362;true;false;03-06-2025
464447229554418;true;false;03-06-2025
JT5383085272423;true;false;03-06-2025
JT5383158056262;true;false;03-06-2025
JT5383112927932;true;false;03-06-2025
78509843716966;true;false;03-06-2025
78509479063183;true;false;03-06-2025
464445636264147;true;false;03-06-2025
777311595991221;true;false;03-06-2025
78509786258726;true;false;03-06-2025
78509496127242;true;false;03-06-2025
73621346040293;true;false;03-06-2025
78509720454023;true;false;03-06-2025
434607073238317;true;false;03-06-2025
9807572168868;true;false;03-06-2025
78911669479352;true;false;03-06-2025
434604816553610;true;false;03-06-2025
9807509888042;true;false;03-06-2025
9807507673422;true;false;03-06-2025
78509708323825;true;false;03-06-2025
9807576917460;true;false;03-06-2025
78509918483956;true;false;03-06-2025
777311800826117;true;false;03-06-2025
464447512043959;true;false;03-06-2025
9807513981925;true;false;03-06-2025
9807579051778;true;false;03-06-2025
464447359149262;true;false;03-06-2025
464444545674744;true;false;03-06-2025
464447353390202;true;false;03-06-2025
464441975756707;true;false;03-06-2025
JT5382883888126;true;false;03-06-2025
9807569276191;true;false;03-06-2025
JT5382684147217;true;false;03-06-2025
464444791789910;true;false;03-06-2025
777310927533462;true;false;03-06-2025
777311594435624;true;false;03-06-2025
JT5382199612637;true;false;03-06-2025
464441370518502;true;false;03-06-2025
JT5383140457628;true;false;03-06-2025
777311640051864;true;false;03-06-2025
464447077482114;true;false;03-06-2025
464444428218756;true;false;03-06-2025
JT5383075666942;true;false;03-06-2025
JT5383078533953;true;false;03-06-2025
777311704979684;true;false;03-06-2025
777311611973768;true;false;03-06-2025
JT5383085268187;true;false;03-06-2025
JT5382640663373;true;false;03-06-2025
464443055836131;true;false;03-06-2025
JT5383124731960;true;false;03-06-2025
464445633576746;true;false;03-06-2025
464447527945055;true;false;03-06-2025
JT5382199676757;true;false;03-06-2025
JT5382450111263;true;false;03-06-2025
777311713748384;true;false;03-06-2025
YT8767760662615;true;false;03-06-2025
JT5382292518986;true;false;03-06-2025
777310941365084;true;false;03-06-2025
777310941085203;true;false;03-06-2025
777311886119278;true;false;03-06-2025
777311847704698;true;false;03-06-2025
78509681211762;true;false;03-06-2025
JT5382613898087;true;false;03-06-2025
777311743849315;true;false;03-06-2025
78509618724550;true;false;03-06-2025
777311591219645;true;false;03-06-2025
78509832997969;true;false;03-06-2025
JT5383026769456;true;false;03-06-2025
777311885943175;true;false;03-06-2025
JT5382616793776;true;false;03-06-2025
YT8767632954059;true;false;03-06-2025
777311715802189;true;false;03-06-2025
777311578075595;true;false;03-06-2025
777311993553146;true;false;03-06-2025
YT8767011392849;true;false;03-06-2025
777311717435973;true;false;03-06-2025
JT5382873878396;true;false;03-06-2025
YT8767764458544;true;false;03-06-2025
777311886155366;true;false;03-06-2025
JT5382621744113;true;false;03-06-2025
773358593806474;true;false;03-06-2025
777311922225882;true;false;03-06-2025
777311851501408;true;false;03-06-2025
YT8767673494921;true;false;03-06-2025
JT5383072051955;true;false;03-06-2025
JT5382659075735;true;false;03-06-2025
JT5383022659549;true;false;03-06-2025
JT5382917859843;true;false;03-06-2025
YT8767577439545;true;false;03-06-2025
YT8766915887688;true;false;03-06-2025
YT8766795821073;true;false;03-06-2025
JT5383057300444;true;false;03-06-2025
YT8767747212253;true;false;03-06-2025
YT8767765547366;true;false;03-06-2025
YT8766800679785;true;false;03-06-2025
YT8767640213683;true;false;03-06-2025
YT8767728082734;true;false;03-06-2025
YT7549112136501;true;false;03-06-2025
YT8767639687543;true;false;03-06-2025
YT8767663127347;true;false;03-06-2025
YT8767767300075;true;false;03-06-2025
YT8767760669001;true;false;03-06-2025
YT8767758918597;true;false;03-06-2025
YT8767588526470;true;false;03-06-2025
YT8767695084687;true;false;03-06-2025
YT8767659588699;true;false;03-06-2025
YT8767718699395;true;false;03-06-2025
YT8767695084782;true;false;03-06-2025
777310908779950;true;false;03-06-2025
777311978863452;true;false;03-06-2025
777311978871849;true;false;03-06-2025
9807515609640;true;false;03-06-2025
YT8767534054268;true;false;03-06-2025
YT8766836793259;true;false;03-06-2025
YT8767470943929;true;false;03-06-2025
YT8766919846522;true;false;03-06-2025
YT8767077477047;true;false;03-06-2025
9807491535433;true;false;03-06-2025
YT8766842075585;true;false;03-06-2025
YT8767592592849;true;false;03-06-2025
YT8767089101916;true;false;03-06-2025
YT8767066040005;true;false;03-06-2025
YT8766968105032;true;false;03-06-2025
YT8767536882940;true;false;03-06-2025
YT8767571594208;true;false;03-06-2025
YT8766998677976;true;false;03-06-2025
YT8766791337185;true;false;03-06-2025
YT8767582454502;true;false;03-06-2025
JT5382270373950;true;false;03-06-2025
YT8766860771999;true;false;03-06-2025
YT8766980825635;true;false;03-06-2025
YT8767470437220;true;false;03-06-2025
YT8766822035143;true;false;03-06-2025
JT5382993950700;true;false;03-06-2025
JT5382256561330;true;false;03-06-2025
YT8767016125787;true;false;03-06-2025
JT5382276053154;true;false;03-06-2025
464442108626966;true;false;03-06-2025
JT5382199245030;true;false;03-06-2025
JT5382991423730;true;false;03-06-2025
JT5382996104670;true;false;03-06-2025
YT8766911138061;true;false;03-06-2025
YT8766784080340;true;false;03-06-2025
JT5382243858826;true;false;03-06-2025
YT8767058339410;true;false;03-06-2025
YT8766725402097;true;false;03-06-2025
YT8766838051256;true;false;03-06-2025
JT5382674097681;true;false;03-06-2025
JT5383028495409;true;false;03-06-2025
JT5382905639248;true;false;03-06-2025
JT5382992461984;true;false;03-06-2025
JT5382878410831;true;false;03-06-2025
JT5382337268475;true;false;03-06-2025
JT5382963480881;true;false;03-06-2025
464444300232842;true;false;03-06-2025
JT5382448101659;true;false;03-06-2025
464443574248786;true;false;03-06-2025
464445123598209;true;false;03-06-2025
JT5382898049474;true;false;03-06-2025
JT5382944746080;true;false;03-06-2025
9807566936169;true;false;03-06-2025
JT5382950655766;true;false;03-06-2025
JT5382279533344;true;false;03-06-2025
JT5382645624160;true;false;03-06-2025
773358556305637;true;false;03-06-2025
464442058169485;true;false;03-06-2025
9807500223819;true;false;03-06-2025
464443409530004;true;false;03-06-2025
9807492436906;true;false;03-06-2025
464442872942460;true;false;03-06-2025
464445036559633;true;false;03-06-2025
78509496888521;true;false;03-06-2025
9807503097525;true;false;03-06-2025
777311977067555;true;false;03-06-2025
434605342169942;true;false;03-06-2025
78509411892841;true;false;03-06-2025
78509584361277;true;false;03-06-2025
434604781069737;true;false;03-06-2025
9807482176091;true;false;03-06-2025
464442960009965;true;false;03-06-2025
777311907452714;true;false;03-06-2025
464444484782229;true;false;03-06-2025
78509550714279;true;false;03-06-2025
78509435979516;true;false;03-06-2025
78509436407641;true;false;03-06-2025
464445544836679;true;false;03-06-2025
9807513317649;true;false;03-06-2025
9807512629022;true;false;03-06-2025
9807483117851;true;false;03-06-2025
464445014213450;true;false;03-06-2025
78509633102465;true;false;03-06-2025
464447444531143;true;false;03-06-2025
9807501205498;true;false;03-06-2025
9807507721462;true;false;03-06-2025
773358556983365;true;false;03-06-2025
9807515729690;true;false;03-06-2025
434605209787156;true;false;03-06-2025
9807497906734;true;false;03-06-2025
9807499518593;true;false;03-06-2025
78509724744181;true;false;03-06-2025
78911512460567;true;false;03-06-2025
YT8766786441114;true;false;03-06-2025
78509734380368;true;false;03-06-2025
466843582782968;true;false;03-06-2025
78509342556278;true;false;03-06-2025
YT8767540298571;true;false;03-06-2025
YT8767629014029;true;false;03-06-2025
777311925139168;true;false;03-06-2025
YT8767578051517;true;false;03-06-2025
777312023300835;true;false;03-06-2025
78509557907004;true;false;03-06-2025
78509425227409;true;false;03-06-2025
YT8767052570930;true;false;03-06-2025
78509420330663;true;false;03-06-2025
777311651308356;true;false;03-06-2025
78509471358737;true;false;03-06-2025
YT8767711588027;true;false;03-06-2025
464443679548668;true;false;03-06-2025
78509406278023;true;false;03-06-2025
777311904698267;true;false;03-06-2025
YT8767528437406;true;false;03-06-2025
YT8767686834284;true;false;03-06-2025
78509402170067;true;false;03-06-2025
464443763707928;true;false;03-06-2025
YT7549207510601;true;false;03-06-2025
YT8766812748912;true;false;03-06-2025
YT8766781385190;true;false;03-06-2025
777311765035020;true;false;03-06-2025
777311721220609;true;false;03-06-2025
9807506678241;true;false;03-06-2025
78509643561465;true;false;03-06-2025
YT8767601324292;true;false;03-06-2025
777311801764367;true;false;03-06-2025
YT8766852538650;true;false;03-06-2025
777311615251471;true;false;03-06-2025
777312040924257;true;false;03-06-2025
78509481078786;true;false;03-06-2025
YT8767483051424;true;false;03-06-2025
78509586583986;true;false;03-06-2025
78508989866838;true;false;03-06-2025
78509449397186;true;false;03-06-2025
YT8767610810687;true;false;03-06-2025
YT8767484288775;true;false;03-06-2025
777311940763497;true;false;03-06-2025
777311925864460;true;false;03-06-2025
777312028395405;true;false;03-06-2025
YT8766778278874;true;false;03-06-2025
YT8766907170673;true;false;03-06-2025
777310896164097;true;false;03-06-2025
YT8766805171710;true;false;03-06-2025
777312022378720;true;false;03-06-2025
YT8766954793456;true;false;03-06-2025
YT8767569071298;true;false;03-06-2025
777312016157652;true;false;03-06-2025
YT7549247954519;true;false;03-06-2025
YT8767565138146;true;false;03-06-2025
9807581207949;true;false;04-06-2025
YT8767498408370;true;false;04-06-2025
777311765458273;true;false;04-06-2025
434607424558041;true;false;04-06-2025
777311674719870;true;false;04-06-2025
9807582934171;true;false;04-06-2025
464444736808222;true;false;04-06-2025
9807509541194;true;false;04-06-2025
78509686065366;true;false;04-06-2025
9807579237868;true;false;04-06-2025
78509787158263;true;false;04-06-2025
464447945425094;true;false;04-06-2025
JT5382746130257;true;false;04-06-2025
9807579428467;true;false;04-06-2025
464446276470925;true;false;04-06-2025
9807510298556;true;false;04-06-2025
9807568994826;true;false;04-06-2025
78509705812437;true;false;04-06-2025
9807577686793;true;false;04-06-2025
9807510695124;true;false;04-06-2025
9807569248732;true;false;04-06-2025
78510188955341;true;false;04-06-2025
9807568855792;true;false;04-06-2025
78510054498084;true;false;04-06-2025
9807568713350;true;false;04-06-2025
9807572688851;true;false;04-06-2025
464444987497555;true;false;04-06-2025
78509667814066;true;false;04-06-2025
JT5383113182105;true;false;04-06-2025
9807553460191;true;false;04-06-2025
78509892526646;true;false;04-06-2025
464446288039583;true;false;04-06-2025
JT5383065948241;true;false;04-06-2025
777311650792575;true;false;04-06-2025
464446526126690;true;false;04-06-2025
464446246572507;true;false;04-06-2025
1331901583508;true;false;04-06-2025
464448951203323;true;false;04-06-2025
78510090575948;true;false;04-06-2025
9807559610238;true;false;04-06-2025
78510053193446;true;false;04-06-2025
9807543221039;true;false;04-06-2025
78509267438444;true;false;04-06-2025
464446160480471;true;false;04-06-2025
464446706322470;true;false;04-06-2025
464445807930888;true;false;04-06-2025
464445970821414;true;false;04-06-2025
777311655279897;true;false;04-06-2025
78912218498971;true;false;04-06-2025
78509600191455;true;false;04-06-2025
464449229488779;true;false;04-06-2025
YT8767684342103;true;false;04-06-2025
78509741689240;true;false;04-06-2025
78509683144859;true;false;04-06-2025
9807568778492;true;false;04-06-2025
YT8767678087229;true;false;04-06-2025
464448721636944;true;false;04-06-2025
464449098084602;true;false;04-06-2025
78510055201273;true;false;04-06-2025
78510007526747;true;false;04-06-2025
78510039741683;true;false;04-06-2025
9807493260621;true;false;04-06-2025
9807573812442;true;false;04-06-2025
434608925783316;true;false;04-06-2025
78510104301876;true;false;04-06-2025
78510018797365;true;false;04-06-2025
78509606598362;true;false;04-06-2025
78510127233139;true;false;04-06-2025
78510172024022;true;false;04-06-2025
464448162800047;true;false;04-06-2025
464446501216001;true;false;04-06-2025
464447501897954;true;false;04-06-2025
78510076585792;true;false;04-06-2025
78510086114207;true;false;04-06-2025
78509900127242;true;false;04-06-2025
464448922118544;true;false;04-06-2025
464448707060406;true;false;04-06-2025
JT5383129923625;true;false;04-06-2025
78509965787787;true;false;04-06-2025
78509693308676;true;false;04-06-2025
JT5383131832812;true;false;04-06-2025
464447941938255;true;false;04-06-2025
JT5383177279675;true;false;04-06-2025
464448495566041;true;false;04-06-2025
9807569215314;true;false;04-06-2025
464448093256170;true;false;04-06-2025
78509937923991;true;false;04-06-2025
464449139209633;true;false;04-06-2025
464449096402418;true;false;04-06-2025
464448588890450;true;false;04-06-2025
9807551123328;true;false;04-06-2025
464448320007121;true;false;04-06-2025
464444749748229;true;false;04-06-2025
464446794544411;true;false;04-06-2025
9807575270350;true;false;04-06-2025
9807573367604;true;false;04-06-2025
JT5383122439213;true;false;04-06-2025
JT5383071824926;true;false;04-06-2025
JT5383137815266;true;false;04-06-2025
464448489948698;true;false;04-06-2025
464448320007834;true;false;04-06-2025
9879138281993;true;false;04-06-2025
464448401529249;true;false;04-06-2025
78510048266459;true;false;04-06-2025
464445771644309;true;false;04-06-2025
464447934109623;true;false;04-06-2025
464448428914735;true;false;04-06-2025
434608545702895;true;false;04-06-2025
464445085525064;true;false;04-06-2025
JT5383134128551;true;false;04-06-2025
464449193831557;true;false;04-06-2025
464449002597121;true;false;04-06-2025
464448350760552;true;false;04-06-2025
JT5382860122398;true;false;04-06-2025
9879136773307;true;false;04-06-2025
9807556390044;true;false;04-06-2025
9807558078650;true;false;04-06-2025
9807575200961;true;false;04-06-2025
9807574589660;true;false;04-06-2025
9879137635342;true;false;04-06-2025
JT5382681395452;true;false;04-06-2025
JT5382649892762;true;false;04-06-2025
JT5383147514702;true;false;04-06-2025
JT5382633764323;true;false;04-06-2025
JT5382873898543;true;false;04-06-2025
JT5383075606926;true;false;04-06-2025
9807564604727;true;false;04-06-2025
JT5383117122554;true;false;04-06-2025
JT5382872818079;true;false;04-06-2025
JT5382666878103;true;false;04-06-2025
JT5383117122554;true;false;04-06-2025
JT5382871297171;true;false;04-06-2025
JT5383185083125;true;false;04-06-2025
JT5382790470896;true;false;04-06-2025
JT5382772456701;true;false;04-06-2025
YT8767657529485;true;false;04-06-2025
YT8767293978876;true;false;04-06-2025
YT8767304570019;true;false;04-06-2025
YT8767376136131;true;false;04-06-2025
YT8767178598883;true;false;04-06-2025
YT8767372958476;true;false;04-06-2025
YT8767152529553;true;false;04-06-2025
YT8767350294956;true;false;04-06-2025
YT8767117400804;true;false;04-06-2025
YT8767653192061;true;false;04-06-2025
YT8767210288446;true;false;04-06-2025
YT8767298238988;true;false;04-06-2025
YT8767389688931;true;false;04-06-2025
YT8767378221345;true;false;04-06-2025
YT8767275596034;true;false;04-06-2025
YT8767394351268;true;false;04-06-2025
YT8767680637416;true;false;04-06-2025
YT8767210288350;true;false;04-06-2025
YT8767190220645;true;false;04-06-2025
JT5382600802581;true;false;04-06-2025
JT5383171243653;true;false;04-06-2025
JT5382650522399;true;false;04-06-2025
JT5383153513966;true;false;04-06-2025
JT5383139000276;true;false;04-06-2025
JT5383048137276;true;false;04-06-2025
JT5382713057530;true;false;04-06-2025
JT5382631761302;true;false;04-06-2025
JT5383155053326;true;false;04-06-2025
JT5382856747810;true;false;04-06-2025
JT5382596445573;true;false;04-06-2025
JT5382682382410;true;false;04-06-2025
JT5383503311816;true;false;04-06-2025
JT5383465622476;true;false;04-06-2025
JT5382726009583;true;false;04-06-2025
JT5382621393681;true;false;04-06-2025
JT5382841494748;true;false;04-06-2025
JT5382525465102;true;false;04-06-2025
JT5382668999266;true;false;04-06-2025
YT7549601181708;true;false;04-06-2025
JT5382555589583;true;false;04-06-2025
JT5383516015103;true;false;04-06-2025
JT5382539583150;true;false;04-06-2025
78510186720316;true;false;04-06-2025
78509910329778;true;false;04-06-2025
78510111374505;true;false;04-06-2025
78510191488361;true;false;04-06-2025
YT8767326298043;true;false;04-06-2025
78510075959842;true;false;04-06-2025
YT8767307806649;true;false;04-06-2025
777311871870014;true;false;04-06-2025
777311627516734;true;false;04-06-2025
YT8767276055644;true;false;04-06-2025
777312304100241;true;false;04-06-2025
YT8767282809110;true;false;04-06-2025
78509963208476;true;false;04-06-2025
777311695559853;true;false;04-06-2025
777312254879645;true;false;04-06-2025
777311466695285;true;false;04-06-2025
YT8767333166232;true;false;04-06-2025
777312288508988;true;false;04-06-2025
YT8767177580991;true;false;04-06-2025
YT8767338233443;true;false;04-06-2025
YT8767372960189;true;false;04-06-2025
777312324751832;true;false;04-06-2025
YT8767263752699;true;false;04-06-2025
YT8767281649496;true;false;04-06-2025
777312231953646;true;false;04-06-2025
777312303951143;true;false;04-06-2025
YT8767291195275;true;false;04-06-2025
777312243899505;true;false;04-06-2025
777312225625682;true;false;04-06-2025
777312277584745;true;false;04-06-2025
777311490582497;true;false;04-06-2025
777311760636076;true;false;04-06-2025
777312310468958;true;false;04-06-2025
777312250418233;true;false;04-06-2025
777312235637490;true;false;04-06-2025
777312317825241;true;false;04-06-2025
JT5382688545137;true;false;04-06-2025
777311422893535;true;false;04-06-2025
777311392317181;true;false;04-06-2025
777312307957709;true;false;04-06-2025
777311972209393;true;false;04-06-2025
777311624245355;true;false;04-06-2025
777311480656918;true;false;04-06-2025
78510113041642;true;false;04-06-2025
78510113041642;true;false;04-06-2025
78509960381416;true;false;04-06-2025
777312296911469;true;false;04-06-2025
777311539418629;true;false;04-06-2025
777312342281813;true;false;04-06-2025
777312254758475;true;false;04-06-2025
777311415894555;true;false;04-06-2025
JT5383448126208;true;false;04-06-2025
777312307510199;true;false;04-06-2025
JT5383476510145;true;false;04-06-2025
JT5383451266620;true;false;04-06-2025
JT5382742087196;true;false;04-06-2025
777311528696351;true;false;04-06-2025
78509819226545;true;false;04-06-2025
777311451147217;true;false;04-06-2025
777312288979693;true;false;04-06-2025
777312285925198;true;false;04-06-2025
773358933063478;true;false;04-06-2025
78509984218409;true;false;04-06-2025
JT5382802078152;true;false;04-06-2025
JT5382532886770;true;false;04-06-2025
JT5382601876826;true;false;04-06-2025
JT5382792697644;true;false;04-06-2025
JT5383505426353;true;false;04-06-2025
JT5382745175797;true;false;04-06-2025
JT5382790881457;true;false;04-06-2025
JT5382642860112;true;false;04-06-2025
JT5382745144305;true;false;04-06-2025
JT5382737445096;true;false;04-06-2025
JT5382855891344;true;false;04-06-2025
JT5383508761135;true;false;04-06-2025
JT5382650949087;true;false;04-06-2025
JT5383468542395;true;false;04-06-2025
JT5382661585872;true;false;04-06-2025
JT5382672284324;true;false;04-06-2025
JT5382810033716;true;false;04-06-2025
JT5382668978618;true;false;04-06-2025
777311406520858;true;false;04-06-2025
777312258561680;true;false;04-06-2025
777312275124246;true;false;04-06-2025
JT5382719667776;true;false;04-06-2025
JT5382699615711;true;false;04-06-2025
777312238943251;true;false;04-06-2025
777311451147436;true;false;04-06-2025
777312230881100;true;false;04-06-2025
777312296294685;true;false;04-06-2025
JT5382722651629;true;false;04-06-2025
777311938415534;true;false;04-06-2025
JT5382567944983;true;false;04-06-2025
777311628834250;true;false;04-06-2025
78509907016557;true;false;04-06-2025
JT5382810023201;true;false;04-06-2025
777311574413694;true;false;04-06-2025
777311776204797;true;false;04-06-2025
JT5382782709674;true;false;04-06-2025
777312263610375;true;false;04-06-2025
JT5382696446473;true;false;04-06-2025
JT5382752585700;true;false;04-06-2025
JT5383045929184;true;false;04-06-2025
464445906488977;true;false;04-06-2025
78509843824186;true;false;04-06-2025
78509624143345;true;false;04-06-2025
78509901038426;true;false;04-06-2025
777311667110920;true;false;04-06-2025
78509787483269;true;false;04-06-2025
9807581519811;true;false;04-06-2025
9807510250802;true;false;04-06-2025
9807580887687;true;false;04-06-2025
9807511495056;true;false;04-06-2025
9807578830127;true;false;04-06-2025
777312319173228;true;false;04-06-2025
777311883957515;true;false;04-06-2025
9807568287148;true;false;04-06-2025
9807579675248;true;false;04-06-2025
9807573266042;true;false;04-06-2025
9807492434700;true;false;04-06-2025
78510003994343;true;false;04-06-2025
78509708236030;true;false;04-06-2025
78509760432841;true;false;04-06-2025
9807577911873;true;false;04-06-2025
78509802900132;true;false;04-06-2025
777311701607222;true;false;04-06-2025
777311801773254;true;false;04-06-2025
9807510100747;true;false;04-06-2025
76706940423786;true;false;04-06-2025
78509702573926;true;false;04-06-2025
464446337225630;true;false;04-06-2025
777311754527354;true;false;04-06-2025
777311609119156;true;false;04-06-2025
464444487795527;true;false;04-06-2025
464443598037461;true;false;04-06-2025
78509703079346;true;false;04-06-2025
73557002828238;true;false;04-06-2025
78509748305707;true;false;04-06-2025
78911582347474;true;false;04-06-2025
78509862287383;true;false;04-06-2025
78509559140231;true;false;04-06-2025
777312327929462;true;false;04-06-2025
464444451342178;true;false;04-06-2025
464448401805626;true;false;04-06-2025
464448482695222;true;false;04-06-2025
464447930981871;true;false;04-06-2025
777311723725504;true;false;04-06-2025
464448362528664;true;false;04-06-2025
777311852983032;true;false;04-06-2025
464439821768024;true;false;04-06-2025
464445395246478;true;false;04-06-2025
464443937980489;true;false;04-06-2025
434607066121725;true;false;04-06-2025
777312054613748;true;false;04-06-2025
464444738684454;true;false;04-06-2025
464448404133637;true;false;04-06-2025
464445811269701;true;false;04-06-2025
464445928494001;true;false;04-06-2025
464445678352844;true;false;04-06-2025
464444786665236;true;false;04-06-2025
464448053938701;true;false;04-06-2025
777311773387142;true;false;04-06-2025
777311556226587;true;false;04-06-2025
464445188334567;true;false;04-06-2025
464449420338924;true;false;04-06-2025
777311674613679;true;false;04-06-2025
777311777247290;true;false;04-06-2025
777311728218349;true;false;04-06-2025
777311656611582;true;false;04-06-2025
777311685394880;true;false;04-06-2025
773358829110519;true;false;04-06-2025
777311447924645;true;false;04-06-2025
777310833051215;true;false;04-06-2025
777311507777924;true;false;04-06-2025
YT8767663323011;true;false;04-06-2025
777311648606837;true;false;04-06-2025
777311561881506;true;false;04-06-2025
777311758859945;true;false;04-06-2025
777311766486695;true;false;04-06-2025
777311776080501;true;false;04-06-2025
YT8767129197732;true;false;04-06-2025
YT8767265152886;true;false;04-06-2025
YT8767196441143;true;false;04-06-2025
YT7549388924798;true;false;04-06-2025
YT8767633565485;true;false;04-06-2025
YT8767231336577;true;false;04-06-2025
YT8768101230209;true;false;04-06-2025
777311911562308;true;false;04-06-2025
YT8767222567825;true;false;04-06-2025
YT8767760087560;true;false;04-06-2025
YT8767663320319;true;false;04-06-2025
YT8767761589605;true;false;04-06-2025
YT8767175664752;true;false;04-06-2025
YT8767770206478;true;false;04-06-2025
777311442966479;true;false;04-06-2025
YT8767407230827;true;false;04-06-2025
YT8767511712080;true;false;04-06-2025
YT8767404042058;true;false;04-06-2025
YT8767644494484;true;false;04-06-2025
YT8767710960055;true;false;04-06-2025
YT8767402338995;true;false;04-06-2025
YT8767722586920;true;false;04-06-2025
YT8767520020941;true;false;04-06-2025
YT8767165854954;true;false;04-06-2025
78509829318089;true;false;04-06-2025
777311784002202;true;false;04-06-2025
YT8767663765004;true;false;04-06-2025
YT8766486135140;true;false;04-06-2025
YT8767526895585;true;false;04-06-2025
464447037291045;true;false;04-06-2025
464445685559158;true;false;04-06-2025
YT8767459843121;true;false;04-06-2025
YT8767652263120;true;false;04-06-2025
YT8767703381520;true;false;04-06-2025
777311607825315;true;false;04-06-2025
777311842387553;true;false;04-06-2025
YT8767270263711;true;false;04-06-2025
YT8767709556054;true;false;04-06-2025
YT8767645899758;true;false;04-06-2025
YT8767666277865;true;false;04-06-2025
YT8767507731536;true;false;04-06-2025
YT8767661895514;true;false;04-06-2025
YT8767214070476;true;false;04-06-2025
